fold,n_train_storms,n_test_storms,n_train_pts,n_test_pts,KD95_Vb,KD95_R,KD95_alpha,C9_a,C11_a,KD95_R2,KD95_RMSE,KD95_MAE,C9_R2,C9_RMSE,C9_MAE,C11_R2,C11_RMSE,C11_MAE,C15_R2,C15_RMSE,C15_MAE,p_KD95_vs_C11,p_KD95_vs_C15
1,140,34,911,206,39.33917426899387,0.9999999999999999,0.03997038981119669,0.00014693225106820516,0.00013469970761012211,0.9070686915325782,9.195232657876906,6.175196418188607,0.8993284221855605,9.570511156860736,6.601574904946556,0.9059559124265993,9.250121662211265,6.72828333001522,0.9049906018501553,9.29747415359371,6.707642380478728,0.8310578855866455,0.7182377718756734
2,140,34,911,206,37.65819400084115,0.9999999999999999,0.03578883129620654,0.00014081131538028487,0.00012802385406781932,0.809995911052332,10.745619806870932,6.8139287726608595,0.8367854719188422,9.959313511738792,6.548475279497616,0.8339264498972006,10.046163264910978,6.608546496891019,0.8540930723182494,9.416466233499275,6.343192382884073,0.0818694917630892,0.039244910522179474
3,140,34,889,228,38.2917628991765,0.9999999999999999,0.04055398554930544,0.00014969636433270354,0.00013631695297402344,0.892192231700186,8.93716882563369,6.11704345717453,0.9114891250309659,8.097915691917342,5.304867867864393,0.9082094502847169,8.246580815792298,5.701153248979083,0.9158187501042407,7.897372422555274,5.593623190176071,0.001432600245990473,1.2355568919458555e-05
4,140,34,900,217,39.87563351429177,0.9999999999999999,0.040334718971396684,0.00014774063283652303,0.00013398670031598912,0.7987067373939594,12.438888528692244,7.990121758767955,0.801348480231098,12.356995893200873,7.425856315519565,0.8288107973497956,11.471101985236688,7.243652888178663,0.8276272876001743,11.510686190981069,7.639126751557962,0.0003505920616270199,0.0024502813408184363
5,136,38,857,260,40.50057439839003,0.9999999999999977,0.040480425682059167,0.0001598745415826622,0.00014085186458841776,0.9171685754629665,7.770937178395635,5.728510095542025,0.8816831668721813,9.28750586983504,6.419627497299387,0.9088766773452093,8.150619260368119,5.897654084729414,0.916210149909032,7.815765841722618,5.559090981449712,0.27856562364160087,0.8834650007197187
