SID,NAME,SEASON,ISO_TIME,LAT,LON,USA_WIND,V0,V_norm,t_hours,DIST2LAND,LANDFALL,STORM_SPD,STORM_DR,USA_RMW,h_mean,h_max,h_std,hmean_rmw,hmean_2rmw,rmw_km,hmean_res90,hmean_res500,hmean_res1000,hmean_rad25,hmean_rad50,hmean_rad60,hmean_rad70,hmean_rad75,hmean_rad80,hmean_rad85,hmean_rad90,hmean_rad95,hmean_rad100,hmean_rad110,hmean_rad125,hmean_rad150,hmean_rad200
1977194N06142,SARAH,1977,1977-07-16 21:00:00,11.7,126.0,38,38,1.0,0.0,54,0,17,305,0,0.0,0.0,0.0,,,,0.0,0.0,0.0,,0.0,3.434950590133667,31.864774703979492,52.6121826171875,72.71272277832031,87.8564224243164,96.8601303100586,108.21526336669922,116.44479370117188,114.02498626708984,110.73326110839844,94.30729675292969,107.57996368408203
1977194N06142,SARAH,1977,1977-07-17 00:00:00,12.2,125.4,40,38,1.0526315789473684,3.0,0,0,15,305,0,111.58690643310547,821.3469848632812,135.94598388671875,,,,111.58690643310547,108.8912124633789,106.01023864746094,33.51205062866211,108.8912124633789,121.66221618652344,120.2582778930664,119.11688995361328,116.12822723388672,112.33435821533203,108.07439422607422,106.10427856445312,106.20848083496094,106.23185729980469,102.24606323242188,98.15216064453125,92.43286895751953
1977194N06142,SARAH,1977,1977-07-17 03:00:00,12.6,124.8,40,38,1.0526315789473684,6.0,15,15,13,305,0,72.33831787109375,568.65478515625,79.798583984375,,,,72.33831787109375,70.18222045898438,67.60088348388672,29.041885375976562,70.18222045898438,92.58392333984375,90.37433624267578,91.4287338256836,92.26163482666016,92.75495910644531,90.3017349243164,86.42534637451172,84.12454986572266,82.72653198242188,86.27082824707031,87.8255615234375,90.79044342041016
1977194N06142,SARAH,1977,1977-07-17 06:00:00,12.9,124.4,40,38,1.0526315789473684,9.0,32,0,12,305,0,60.44576644897461,1532.0677490234375,132.4190216064453,,,,60.44576644897461,55.663002014160156,51.17118453979492,0.3567729592323303,55.663002014160156,67.15888214111328,66.01132202148438,65.50566101074219,65.06114196777344,67.68217468261719,74.87947845458984,76.92561340332031,79.16885375976562,87.31502532958984,88.04776000976562,86.48260498046875,84.40514373779297
1977194N06142,SARAH,1977,1977-07-17 09:00:00,13.2,123.9,40,38,1.0526315789473684,12.0,0,0,12,300,0,109.53113555908203,2427.0966796875,193.32333374023438,,,,109.53113555908203,105.08711242675781,99.8844223022461,113.38292694091797,105.08711242675781,105.40153503417969,105.02835083007812,107.03113555908203,110.76254272460938,108.10643768310547,102.16194915771484,94.65924072265625,89.60780334472656,85.19927215576172,83.99662017822266,79.13045501708984,82.2627182006836
1977194N06142,SARAH,1977,1977-07-17 12:00:00,13.6,123.4,40,38,1.0526315789473684,15.0,0,0,13,300,0,126.05249786376953,2428.6015625,208.14060974121094,,,,126.05249786376953,123.25609588623047,119.7391357421875,148.98239135742188,123.25609588623047,117.28115844726562,101.88030242919922,97.95704650878906,98.30953216552734,98.8985366821289,100.89580535888672,101.50948333740234,99.14470672607422,93.34674835205078,90.21221923828125,82.04158782958984,76.12108612060547
1977194N06142,SARAH,1977,1977-07-17 15:00:00,13.9,122.8,40,38,1.0526315789473684,18.0,0,0,14,300,0,99.34889221191406,1484.8709716796875,141.13739013671875,,,,99.34889221191406,97.05025482177734,93.99054718017578,175.84271240234375,97.05025482177734,82.35740661621094,80.72415161132812,80.49329376220703,79.64739227294922,77.7374038696289,77.3524169921875,77.04436492919922,77.72875213623047,82.57420349121094,83.0286636352539,89.22689819335938,106.61212921142578
1977194N06142,SARAH,1977,1977-07-17 18:00:00,14.2,122.2,40,38,1.0526315789473684,21.0,11,0,14,305,0,53.98297119140625,705.7647705078125,77.06906127929688,,,,53.98297119140625,51.69186782836914,48.877593994140625,15.453073501586914,51.69186782836914,59.75286102294922,79.1318130493164,85.93095397949219,91.64956665039062,93.13624572753906,93.63600158691406,96.90780639648438,100.72907257080078,109.29656982421875,117.16305541992188,120.18750762939453,159.369873046875
1977194N06142,SARAH,1977,1977-07-17 21:00:00,14.6,121.6,40,38,1.0526315789473684,24.0,0,0,13,305,0,243.782470703125,1499.87109375,253.12342834472656,,,,243.782470703125,238.88442993164062,231.27586364746094,260.5653381347656,238.88442993164062,210.2656707763672,193.84169006347656,184.18927001953125,175.15835571289062,168.6051483154297,162.70611572265625,157.55125427246094,154.7159423828125,151.57032775878906,145.39859008789062,146.1939697265625,212.4365234375
1977194N06142,SARAH,1977,1977-07-18 00:00:00,15.0,121.1,40,38,1.0526315789473684,27.0,0,0,13,305,0,203.65357971191406,1500.3531494140625,251.31146240234375,,,,203.65357971191406,202.7218475341797,202.0865478515625,232.00106811523438,202.7218475341797,186.18312072753906,175.89266967773438,176.0255126953125,180.51416015625,186.4523468017578,186.50205993652344,182.2521209716797,182.99131774902344,194.62692260742188,216.15443420410156,233.36236572265625,270.2975158691406
1977194N06142,SARAH,1977,1977-07-18 03:00:00,15.4,120.5,43,38,1.131578947368421,30.0,0,0,12,305,0,229.0106964111328,2012.4306640625,324.49188232421875,,,,229.0106964111328,229.83213806152344,230.79269409179688,162.84288024902344,229.83213806152344,192.38807678222656,163.01634216308594,158.79830932617188,162.85768127441406,168.8345489501953,178.00662231445312,193.10951232910156,210.7079620361328,242.80479431152344,271.35406494140625,316.33990478515625,333.7099914550781
1977194N06142,SARAH,1977,1977-07-18 06:00:00,15.7,120.0,45,38,1.1842105263157894,33.0,0,0,13,295,0,247.6053009033203,2012.1854248046875,347.7221374511719,,,,247.6053009033203,245.2608184814453,242.63697814941406,308.2543640136719,245.2608184814453,210.1955108642578,191.36654663085938,185.34417724609375,180.2737274169922,177.51217651367188,176.7805633544922,181.88819885253906,188.03746032714844,207.57815551757812,239.23692321777344,330.1169738769531,384.8372497558594
1977194N06142,SARAH,1977,1977-07-18 09:00:00,15.9,119.4,48,38,1.263157894736842,36.0,33,33,14,290,0,13.63081169128418,139.66969299316406,24.954696655273438,,,,13.63081169128418,12.501396179199219,11.211910247802734,,12.501396179199219,26.10078239440918,51.93459701538086,76.90384674072266,97.26331329345703,116.78851318359375,147.5446014404297,176.50450134277344,196.67660522460938,198.832763671875,178.63206481933594,225.8863525390625,351.1799011230469
1977254N19147,DINAH,1977,1977-09-15 12:00:00,18.2,122.6,60,60,1.0,0.0,33,0,12,245,0,221.7613525390625,1116.408203125,242.51800537109375,,,,221.7613525390625,206.7342071533203,192.28759765625,,206.7342071533203,218.038330078125,215.9972686767578,223.876708984375,237.148681640625,244.72708129882812,247.468505859375,246.39747619628906,244.35472106933594,234.95205688476562,217.56504821777344,209.21978759765625,347.2666015625
1977254N19147,DINAH,1977,1977-09-15 15:00:00,18.0,122.0,55,60,0.9166666666666666,3.0,0,0,13,250,0,224.1351318359375,1774.1026611328125,294.0249938964844,,,,224.1351318359375,221.25587463378906,216.3330078125,265.40106201171875,221.25587463378906,203.88111877441406,200.51051330566406,202.77316284179688,208.16604614257812,215.4471893310547,225.0947265625,237.7235107421875,251.34750366210938,289.1830139160156,338.1405029296875,372.978759765625,417.77447509765625
1977254N19147,DINAH,1977,1977-09-15 18:00:00,17.7,121.3,50,60,0.8333333333333334,6.0,0,0,13,250,0,506.62451171875,2414.4658203125,475.3567199707031,,,,506.62451171875,506.5616760253906,506.99212646484375,533.3091430664062,506.5616760253906,498.7791442871094,479.8853454589844,475.0481262207031,478.6883544921875,476.32379150390625,467.16168212890625,453.96435546875,441.9112243652344,432.7418518066406,431.2391052246094,438.1836242675781,453.0836181640625
1977254N19147,DINAH,1977,1977-09-15 21:00:00,17.5,120.6,45,60,0.75,9.0,0,0,12,255,0,489.09912109375,2538.0810546875,499.6614990234375,,,,489.09912109375,483.0811462402344,474.7789306640625,204.6526336669922,483.0811462402344,592.0533447265625,637.0336303710938,654.3934326171875,667.0208129882812,667.9028930664062,666.14306640625,660.8112182617188,652.9757080078125,624.0344848632812,564.8349609375,488.55987548828125,439.5970764160156
1977254N19147,DINAH,1977,1977-09-16 00:00:00,17.4,120.1,40,60,0.6666666666666666,12.0,30,30,11,255,0,56.353851318359375,732.675048828125,99.71121978759766,,,,56.353851318359375,52.91691970825195,48.2777214050293,0.0,52.91691970825195,125.31096649169922,192.6722412109375,228.19293212890625,271.190185546875,319.9548645019531,382.0618591308594,446.91485595703125,509.5962829589844,617.1265258789062,687.6231079101562,623.935302734375,442.9256896972656
1977254N19147,DINAH,1977,1977-09-16 03:00:00,17.3,119.6,43,60,0.7166666666666667,15.0,81,81,9,260,0,,,,,,,,,,,,,,,0.0,0.028445055708289146,3.054426670074463,14.450176239013672,31.572751998901367,106.44890594482422,238.67245483398438,487.3618469238281,550.5723876953125
1977308N07156,KIM,1977,1977-11-13 18:00:00,14.8,121.9,110,110,1.0,0.0,24,0,12,280,0,116.34613037109375,1200.72119140625,200.43316650390625,,,,116.34613037109375,107.020751953125,96.89323425292969,30.44127655029297,107.020751953125,167.78201293945312,199.93399047851562,203.02442932128906,196.4508819580078,191.0558624267578,188.59469604492188,187.10604858398438,183.3060760498047,171.82005310058594,155.70663452148438,157.9533233642578,205.90814208984375
1977308N07156,KIM,1977,1977-11-13 21:00:00,15.0,121.3,100,110,0.9090909090909092,3.0,0,0,12,285,0,271.7442321777344,1505.3778076171875,260.9759216308594,,,,271.7442321777344,270.01666259765625,267.0779724121094,441.0074157714844,270.01666259765625,226.83229064941406,205.52139282226562,196.04791259765625,185.29141235351562,174.97120666503906,167.7624969482422,165.7968292236328,171.75003051757812,192.71458435058594,206.01763916015625,229.18588256835938,263.4870910644531
1977308N07156,KIM,1977,1977-11-14 00:00:00,15.1,120.7,90,110,0.8181818181818182,6.0,0,0,13,285,0,115.98998260498047,1559.1138916015625,190.77488708496094,,,,115.98998260498047,114.93595886230469,113.44976043701172,41.073524475097656,114.93595886230469,139.19859313964844,171.47445678710938,179.93218994140625,184.57801818847656,190.35226440429688,195.10589599609375,200.61831665039062,202.98739624023438,206.9033660888672,220.66000366210938,252.1909942626953,292.7940979003906
1977308N07156,KIM,1977,1977-11-14 03:00:00,15.2,120.0,78,110,0.7090909090909091,9.0,10,0,12,285,0,364.08404541015625,2013.8284912109375,356.372802734375,,,,364.08404541015625,357.8228759765625,351.71746826171875,188.35751342773438,357.8228759765625,327.9447937011719,277.75103759765625,254.08914184570312,232.164306640625,212.45254516601562,196.93807983398438,184.57659912109375,171.916015625,151.3145751953125,135.89523315429688,193.2198028564453,302.7721862792969
1977308N07156,KIM,1977,1977-11-14 06:00:00,15.4,119.4,65,110,0.5909090909090909,12.0,53,53,11,285,0,,,,,,,,,,,,2.8466556072235107,38.77382278442383,102.24848175048828,162.78024291992188,221.5023651123047,261.0085754394531,278.4360046386719,280.20135498046875,256.83709716796875,214.88082885742188,162.86480712890625,231.0777130126953
1978105N04149,OLIVE,1978,1978-04-19 18:00:00,10.8,126.0,55,55,1.0,0.0,31,0,14,290,0,13.886672973632812,366.77166748046875,42.63853073120117,,,,13.886672973632812,12.020356178283691,10.257195472717285,5.150923728942871,12.020356178283691,17.536413192749023,27.6356201171875,31.92548942565918,42.58832931518555,47.0264892578125,53.809776306152344,61.092674255371094,65.88953399658203,78.22286224365234,92.53215026855469,109.80224609375,127.68077087402344
1978105N04149,OLIVE,1978,1978-04-19 21:00:00,11.1,125.4,58,55,1.0545454545454545,3.0,0,0,14,290,0,84.961669921875,701.627197265625,116.1827392578125,,,,84.961669921875,81.36640167236328,77.56480407714844,104.13675689697266,81.36640167236328,82.71155548095703,107.17506408691406,123.30481719970703,128.7239227294922,131.83920288085938,134.2305450439453,132.8639373779297,128.23377990722656,123.71660614013672,120.8181381225586,103.81836700439453,99.87506866455078
1978105N04149,OLIVE,1978,1978-04-20 00:00:00,11.3,124.7,60,55,1.0909090909090908,6.0,0,0,14,290,0,119.14769744873047,1334.185791015625,197.34207153320312,,,,119.14769744873047,116.44886779785156,113.2514419555664,147.8438720703125,116.44886779785156,112.66031646728516,118.0077133178711,117.79438018798828,116.99832153320312,116.57495880126953,116.25906372070312,115.90431213378906,116.04557800292969,115.62804412841797,110.11038970947266,94.54642486572266,102.13407897949219
1978105N04149,OLIVE,1978,1978-04-20 03:00:00,11.6,124.0,58,55,1.0545454545454545,9.0,15,15,14,290,0,30.80112075805664,1193.17138671875,87.7547836303711,,,,30.80112075805664,27.249629974365234,23.41231918334961,3.8400206565856934,27.249629974365234,45.46717071533203,44.37053680419922,44.29282760620117,45.16801071166992,47.938743591308594,50.53245544433594,54.15611267089844,57.7069206237793,63.92374038696289,76.70497131347656,99.30020141601562,109.64458465576172
1978105N04149,OLIVE,1978,1978-04-20 06:00:00,11.9,123.4,55,55,1.0,12.0,24,0,13,295,0,32.38117599487305,573.9427490234375,63.078914642333984,,,,32.38117599487305,29.97955894470215,27.171276092529297,11.31450080871582,29.97955894470215,38.015865325927734,35.818241119384766,35.73019027709961,35.03605651855469,33.971092224121094,33.6263542175293,33.30117416381836,34.81459426879883,40.09303665161133,53.44524383544922,90.6372299194336,114.8104019165039
1978105N04149,OLIVE,1978,1978-04-20 09:00:00,12.1,122.8,50,55,0.9090909090909092,15.0,44,44,13,295,0,138.38597106933594,2019.571044921875,283.6546630859375,,,,138.38597106933594,124.84164428710938,110.67105865478516,0.007088597398251295,124.84164428710938,81.40902709960938,56.59446716308594,52.37548828125,53.130714416503906,56.957820892333984,63.44940185546875,71.43092346191406,76.73042297363281,87.96784210205078,96.23421478271484,93.02139282226562,117.718505859375
1978264N08147,LOLA,1978,1978-09-26 15:00:00,12.9,124.2,48,48,1.0,0.0,10,0,10,290,0,71.97541809082031,1531.249755859375,141.83177185058594,,,,71.97541809082031,67.7129898071289,63.739253997802734,70.98477172851562,67.7129898071289,59.13608932495117,66.06527709960938,69.18651580810547,71.19512939453125,76.91507720947266,82.67292022705078,85.43698120117188,86.6187973022461,83.20777130126953,83.24095153808594,83.38671112060547,85.67011260986328
1978264N08147,LOLA,1978,1978-09-26 18:00:00,13.1,123.7,50,48,1.0416666666666667,3.0,0,0,12,290,0,107.21401977539062,2429.736572265625,183.42771911621094,,,,107.21401977539062,103.49329376220703,99.09781646728516,136.56260681152344,103.49329376220703,96.4560775756836,90.06237030029297,91.68173217773438,93.38538360595703,93.60835266113281,91.29248809814453,88.92516326904297,87.70570373535156,83.89521789550781,81.14087677001953,82.18152618408203,80.76517486572266
1978264N08147,LOLA,1978,1978-09-26 21:00:00,13.3,123.0,50,48,1.0416666666666667,6.0,24,0,13,290,0,59.541805267333984,734.1522216796875,86.57991790771484,,,,59.541805267333984,56.64765930175781,53.901065826416016,11.536023139953613,56.64765930175781,74.6924819946289,95.54203796386719,100.46488952636719,102.22477722167969,102.28794860839844,101.34414672851562,96.9328384399414,92.49332427978516,92.17011260986328,85.99919128417969,82.63117980957031,88.13915252685547
1978264N08147,LOLA,1978,1978-09-27 00:00:00,13.5,122.4,50,48,1.0416666666666667,9.0,0,0,12,290,0,72.73533630371094,891.3607177734375,101.84745788574219,,,,72.73533630371094,69.2457046508789,64.4554672241211,67.78955841064453,69.2457046508789,71.64776611328125,80.46389770507812,82.83135223388672,81.9259262084961,80.1842269897461,77.05391693115234,73.84513854980469,70.50965118408203,72.0897445678711,87.46906280517578,111.00772094726562,141.23170471191406
1978264N08147,LOLA,1978,1978-09-27 03:00:00,13.7,121.9,50,48,1.0416666666666667,12.0,24,0,11,290,0,70.72509002685547,840.4855346679688,109.49826049804688,,,,70.72509002685547,67.65985870361328,64.37615203857422,25.56753921508789,67.65985870361328,81.70014190673828,95.87017059326172,95.19092559814453,98.68806457519531,98.31298828125,98.97886657714844,98.44805908203125,97.84748077392578,114.29537963867188,157.03489685058594,166.48765563964844,150.98997497558594
1978264N08147,LOLA,1978,1978-09-27 06:00:00,13.9,121.4,50,48,1.0416666666666667,15.0,0,0,11,290,0,154.68629455566406,2129.73486328125,198.7668914794922,,,,154.68629455566406,152.70582580566406,150.35447692871094,189.55731201171875,152.70582580566406,142.7219696044922,129.41786193847656,126.21566009521484,129.3255615234375,138.24813842773438,148.1399383544922,158.6754608154297,164.53244018554688,176.07205200195312,182.5465545654297,174.55618286132812,164.00576782226562
1978264N08147,LOLA,1978,1978-09-27 09:00:00,14.1,120.9,50,48,1.0416666666666667,18.0,0,0,11,290,0,107.17681884765625,1062.5640869140625,138.4424591064453,,,,107.17681884765625,104.68341827392578,102.17333221435547,181.89195251464844,104.68341827392578,102.65536499023438,117.85122680664062,122.61293029785156,131.98123168945312,146.5476837158203,160.43716430664062,169.62686157226562,173.42446899414062,176.82540893554688,180.2691192626953,186.9025115966797,186.2371826171875
1978264N08147,LOLA,1978,1978-09-27 12:00:00,14.3,120.3,50,48,1.0416666666666667,21.0,24,24,12,290,0,131.50172424316406,1370.1719970703125,207.8849639892578,,,,131.50172424316406,123.4422836303711,111.42371368408203,26.810365676879883,123.4422836303711,108.17880249023438,110.21162414550781,110.19247436523438,106.3970718383789,103.62589263916016,102.92179870605469,110.67264556884766,117.64515686035156,124.09342956542969,152.29067993164062,201.06951904296875,199.29603576660156
1978264N08147,LOLA,1978,1978-09-27 15:00:00,14.5,119.7,50,48,1.0416666666666667,24.0,54,54,12,290,0,0.001303271041251719,0.7811927199363708,0.027056319639086723,,,,0.001303271041251719,0.0005453015328384936,0.00031510202097706497,,0.0005453015328384936,77.18387603759766,79.75289154052734,77.74308776855469,108.5826644897461,143.6158905029297,166.27378845214844,168.9777374267578,160.91285705566406,171.6430206298828,184.8369140625,168.57398986816406,176.96957397460938
1978279N14142,NINA,1978,1978-10-09 18:00:00,15.0,121.5,50,50,1.0,0.0,0,0,11,260,0,322.6301574707031,1501.5269775390625,264.3875732421875,,,,322.6301574707031,316.1236572265625,307.3977355957031,357.4629821777344,316.1236572265625,268.3208923339844,234.37510681152344,222.00900268554688,207.14451599121094,194.11410522460938,183.076416015625,175.03453063964844,172.06063842773438,179.4936981201172,198.1600799560547,219.4669647216797,254.6146240234375
1978279N14142,NINA,1978,1978-10-09 21:00:00,14.9,121.0,48,50,0.96,3.0,0,0,10,255,0,170.54747009277344,1499.83251953125,243.43199157714844,,,,170.54747009277344,169.45127868652344,168.43792724609375,94.55804443359375,169.45127868652344,166.3979034423828,171.31419372558594,174.80979919433594,174.3292236328125,176.3356475830078,180.35003662109375,182.86109924316406,185.06004333496094,189.9394073486328,198.34475708007812,214.2561492919922,260.5382080078125
1978279N14142,NINA,1978,1978-10-10 00:00:00,14.8,120.5,45,50,0.9,6.0,0,0,8,255,0,148.6291046142578,1560.5986328125,229.58123779296875,,,,148.6291046142578,145.8738555908203,142.2855224609375,128.62191772460938,145.8738555908203,132.7855987548828,126.45819854736328,131.84889221191406,141.7565155029297,152.9264373779297,166.4738311767578,175.44686889648438,181.73072814941406,184.8132781982422,180.4737548828125,187.30113220214844,253.76246643066406
1978279N14142,NINA,1978,1978-10-10 03:00:00,14.7,120.1,45,50,0.9,9.0,10,10,6,260,0,187.09181213378906,1371.143310546875,226.93141174316406,,,,187.09181213378906,181.44308471679688,175.5050506591797,93.30239868164062,181.44308471679688,194.09991455078125,185.53250122070312,186.87542724609375,186.4119110107422,184.42745971679688,182.9769287109375,176.8524169921875,168.80538940429688,165.6751708984375,155.1746063232422,165.1586151123047,222.96348571777344
1978279N14142,NINA,1978,1978-10-10 06:00:00,14.7,119.9,45,50,0.9,12.0,24,24,6,270,0,103.86931610107422,1067.7540283203125,159.266845703125,,,,103.86931610107422,96.94932556152344,89.49481964111328,15.558403968811035,96.94932556152344,169.43142700195312,202.37747192382812,203.6293182373047,207.8509063720703,213.27279663085938,217.7201690673828,219.03665161132812,211.01365661621094,195.2615509033203,168.22964477539062,146.05923461914062,205.65232849121094
1978279N14142,NINA,1978,1978-10-10 09:00:00,14.7,119.5,48,50,0.96,15.0,65,65,6,275,0,,,,,,,,,,,,0.15211719274520874,92.63282012939453,99.64641571044922,76.2481918334961,84.34162139892578,113.30731964111328,137.3455810546875,174.96694946289062,246.94546508789062,247.6095428466797,185.9923095703125,143.47157287597656
1978288N10185,RITA,1978,1978-10-26 15:00:00,15.1,121.8,113,113,1.0,0.0,34,0,15,300,0,136.28836059570312,1184.0731201171875,204.91246032714844,,,,136.28836059570312,128.2628936767578,118.1609115600586,33.41618728637695,128.2628936767578,212.91282653808594,275.2102966308594,285.7077331542969,278.3472900390625,262.15216064453125,245.3444061279297,232.0108642578125,222.3115997314453,210.67144775390625,208.73544311523438,220.42881774902344,252.94772338867188
1978288N10185,RITA,1978,1978-10-26 18:00:00,15.5,121.2,100,113,0.8849557522123894,3.0,0,0,16,305,0,258.6105041503906,1864.112060546875,310.2317810058594,,,,258.6105041503906,256.5324401855469,253.8922119140625,345.00225830078125,256.5324401855469,259.269775390625,273.92236328125,281.9110412597656,290.0939025878906,293.92584228515625,294.6954040527344,297.3673400878906,303.209228515625,319.39727783203125,331.2912292480469,326.9333801269531,332.3205871582031
1978288N10185,RITA,1978,1978-10-26 21:00:00,16.0,120.4,88,113,0.7787610619469026,6.0,0,0,16,305,0,203.89955139160156,2220.06689453125,328.4051208496094,,,,203.89955139160156,200.54696655273438,196.80653381347656,17.784271240234375,200.54696655273438,260.1372375488281,293.3878173828125,305.8677978515625,323.1006164550781,337.955078125,355.0262756347656,370.64508056640625,386.78564453125,410.5782470703125,422.631103515625,416.0279846191406,393.5407409667969
1978288N10185,RITA,1978,1978-10-27 00:00:00,16.4,119.7,75,113,0.6637168141592921,9.0,15,15,15,295,0,30.85062026977539,189.3212890625,39.63312911987305,,,,30.85062026977539,29.348817825317383,27.450056076049805,50.38996505737305,29.348817825317383,36.99124526977539,47.4569091796875,49.7788200378418,57.86311721801758,75.83319854736328,107.9646224975586,148.1632080078125,187.63595581054688,259.4515380859375,358.477294921875,444.3438415527344,460.84283447265625
1978288N10185,RITA,1978,1978-10-27 03:00:00,16.7,119.0,68,113,0.6017699115044248,12.0,96,96,14,290,0,,,,,,,,,,,,,,,,,0.0,2.907287836074829,39.187095642089844,39.624290466308594,27.41929817199707,50.55592727661133,372.1710205078125
1979098N02144,CECIL,1979,1979-04-15 12:00:00,10.8,125.4,80,80,1.0,0.0,31,0,13,305,0,65.25541687011719,908.9522705078125,124.02889251708984,,,,65.25541687011719,59.95559310913086,54.46745681762695,0.0,59.95559310913086,102.13252258300781,122.62339782714844,125.20162200927734,125.44430541992188,127.87892150878906,129.05076599121094,127.98358917236328,123.74510192871094,118.24195861816406,106.28350067138672,100.48471069335938,118.31682586669922
1979098N02144,CECIL,1979,1979-04-15 15:00:00,11.1,124.9,78,80,0.975,3.0,0,0,12,305,0,136.12843322753906,1298.4580078125,203.30838012695312,,,,136.12843322753906,132.81185913085938,129.22296142578125,173.77310180664062,132.81185913085938,127.94540405273438,134.236328125,136.23045349121094,135.71458435058594,131.85687255859375,126.33283996582031,122.7772445678711,119.05636596679688,113.18443298339844,108.71694946289062,100.53227996826172,100.19558715820312
1979098N02144,CECIL,1979,1979-04-15 18:00:00,11.4,124.4,75,80,0.9375,6.0,0,0,12,300,0,113.16716003417969,1322.0045166015625,196.35964965820312,,,,113.16716003417969,106.38270568847656,99.05339813232422,93.49288940429688,106.38270568847656,93.74102020263672,83.14582061767578,77.39974212646484,75.99085235595703,78.63114929199219,84.24408721923828,90.24105834960938,97.15288543701172,108.91067504882812,106.42771911621094,96.17636108398438,101.7773666381836
1979098N02144,CECIL,1979,1979-04-15 21:00:00,11.7,123.8,73,80,0.9125,9.0,22,11,12,295,0,20.250154495239258,402.21917724609375,39.67986297607422,,,,20.250154495239258,18.567853927612305,16.468814849853516,0.6928218603134155,18.567853927612305,21.385190963745117,25.156150817871094,30.57591438293457,34.90055465698242,37.82792663574219,40.923362731933594,44.22800064086914,44.80146026611328,50.24092483520508,66.03675842285156,89.1522445678711,115.42557525634766
1979098N02144,CECIL,1979,1979-04-16 00:00:00,12.0,123.3,70,80,0.875,12.0,11,11,10,300,0,42.27238082885742,680.5018920898438,77.94718170166016,,,,42.27238082885742,39.73354721069336,36.703182220458984,17.5455322265625,39.73354721069336,38.65789031982422,35.1455078125,35.595211029052734,36.48286437988281,39.165977478027344,41.099273681640625,43.765987396240234,43.997127532958984,43.5429801940918,48.95429229736328,90.64237213134766,110.99235534667969
1979098N02144,CECIL,1979,1979-04-16 03:00:00,12.2,122.9,68,80,0.85,15.0,32,32,7,300,0,95.90489959716797,2024.9671630859375,231.11244201660156,,,,95.90489959716797,90.47175598144531,84.0877456665039,0.015008700080215931,90.47175598144531,79.02486419677734,74.5558090209961,64.17935180664062,54.79836654663086,50.828128814697266,47.34397888183594,50.97413635253906,54.34429931640625,60.76864242553711,76.17566680908203,92.39217376708984,114.49564361572266
1979254N10140,MAC,1979,1979-09-17 15:00:00,13.8,124.7,60,60,1.0,0.0,32,0,7,265,0,116.45613098144531,728.2697143554688,143.82415771484375,,,,116.45613098144531,110.33402252197266,103.29339599609375,,110.33402252197266,156.77552795410156,135.9296417236328,128.12786865234375,119.63948822021484,114.61259460449219,110.98699951171875,101.52327728271484,95.92369079589844,84.87554168701172,98.11231231689453,103.54292297363281,87.35800170898438
1979254N10140,MAC,1979,1979-09-17 18:00:00,13.8,124.3,55,60,0.9166666666666666,3.0,0,0,6,265,0,119.9017105102539,804.2809448242188,159.78485107421875,,,,119.9017105102539,111.96952056884766,102.9051513671875,170.71153259277344,111.96952056884766,105.8285140991211,97.56053924560547,95.34481811523438,91.5957260131836,93.2686538696289,107.85585021972656,118.49181365966797,124.287109375,119.89804077148438,108.36042785644531,92.40955352783203,84.66122436523438
1979254N10140,MAC,1979,1979-09-17 21:00:00,13.8,124.1,53,60,0.8833333333333333,6.0,0,0,5,265,0,114.79886627197266,1001.625,159.75250244140625,,,,114.79886627197266,106.38495635986328,97.85806274414062,168.11915588378906,106.38495635986328,100.97472381591797,105.24905395507812,112.99170684814453,124.63047790527344,127.64657592773438,125.66158294677734,119.935302734375,113.42137908935547,105.88163757324219,101.95098876953125,91.904296875,81.31776428222656
1979254N10140,MAC,1979,1979-09-18 00:00:00,13.7,123.8,50,60,0.8333333333333334,9.0,0,0,5,255,0,156.30015563964844,1952.1214599609375,231.01966857910156,,,,156.30015563964844,148.62530517578125,139.4642791748047,99.18633270263672,148.62530517578125,136.5059051513672,116.33949279785156,114.4012222290039,112.17688751220703,108.07494354248047,105.80282592773438,103.15105438232422,100.7842025756836,98.31097412109375,95.41452026367188,86.10078430175781,78.62772369384766
1979254N10140,MAC,1979,1979-09-18 03:00:00,13.6,123.5,50,60,0.8333333333333334,12.0,0,0,6,250,0,127.0282211303711,2424.213623046875,212.6104736328125,,,,127.0282211303711,124.67298126220703,121.79261016845703,217.56451416015625,124.67298126220703,109.43733215332031,103.89321899414062,101.58308410644531,102.29517364501953,103.2834701538086,102.83373260498047,100.45059967041016,98.39816284179688,94.76675415039062,90.70951080322266,82.88850402832031,75.96126556396484
1979254N10140,MAC,1979,1979-09-18 06:00:00,13.6,123.2,50,60,0.8333333333333334,15.0,0,0,6,260,0,116.02729034423828,1955.29541015625,188.85665893554688,,,,116.02729034423828,113.32276916503906,108.98896026611328,107.2486801147461,113.32276916503906,111.83135986328125,112.66064453125,108.63164520263672,103.1607666015625,98.67346954345703,94.56404876708984,92.7734375,92.0085678100586,90.23055267333984,85.58621215820312,84.97229766845703,82.2967300415039
1979254N10140,MAC,1979,1979-09-18 09:00:00,13.5,122.9,50,60,0.8333333333333334,18.0,11,10,6,270,0,72.8252944946289,944.288818359375,104.17166900634766,,,,72.8252944946289,69.45259094238281,65.91436004638672,70.99110412597656,69.45259094238281,92.6189193725586,94.5174331665039,95.23695373535156,97.43695068359375,96.73958587646484,97.40299987792969,95.9322509765625,93.32137298583984,87.37852478027344,81.41032409667969,82.63037109375,97.02103424072266
1979254N10140,MAC,1979,1979-09-18 12:00:00,13.6,122.7,50,60,0.8333333333333334,21.0,15,0,6,275,0,99.1806640625,1493.970947265625,137.52442932128906,,,,99.1806640625,95.43212127685547,91.8198471069336,44.7680778503418,95.43212127685547,89.23005676269531,80.5919189453125,81.10624694824219,81.89344787597656,81.96221923828125,81.95918273925781,81.40208435058594,82.20216369628906,84.32247161865234,81.84249114990234,89.39891815185547,132.16908264160156
1979254N10140,MAC,1979,1979-09-18 15:00:00,13.6,122.3,48,60,0.8,24.0,0,0,6,280,0,73.8233871459961,894.8474731445312,105.62321472167969,,,,73.8233871459961,70.8287582397461,67.80123901367188,65.01937103271484,70.8287582397461,67.55037689208984,77.70127868652344,82.20053100585938,81.70756530761719,79.84379577636719,77.92485809326172,75.65165710449219,76.89653778076172,84.54402160644531,87.0245361328125,123.87705993652344,144.9122314453125
1979254N10140,MAC,1979,1979-09-18 18:00:00,13.7,122.0,45,60,0.75,27.0,15,15,7,280,0,73.0676040649414,840.2578735351562,108.65480041503906,,,,73.0676040649414,70.15076446533203,66.85758972167969,28.5838680267334,70.15076446533203,63.76488494873047,78.531982421875,88.75962829589844,93.92063903808594,96.71012878417969,100.06651306152344,101.67981719970703,102.11146545410156,99.43221282958984,123.5218505859375,162.7484893798828,150.14939880371094
1979254N10140,MAC,1979,1979-09-18 21:00:00,13.8,121.7,43,60,0.7166666666666667,30.0,15,0,7,285,0,131.3765411376953,2129.40673828125,208.82118225097656,,,,131.3765411376953,125.80769348144531,119.36673736572266,31.702356338500977,125.80769348144531,125.7822494506836,118.22965240478516,111.70320892333984,105.38843536376953,101.48101043701172,101.85948181152344,110.6238021850586,123.10466766357422,150.4541015625,173.42221069335938,172.5569610595703,153.52130126953125
1979254N10140,MAC,1979,1979-09-19 00:00:00,13.9,121.3,40,60,0.6666666666666666,33.0,0,0,7,290,0,152.8876495361328,2129.626220703125,199.4700927734375,,,,152.8876495361328,149.89312744140625,146.50680541992188,169.74461364746094,149.89312744140625,145.55734252929688,133.94174194335938,134.9504852294922,144.1959686279297,153.498779296875,164.92343139648438,171.6358642578125,175.14768981933594,181.85250854492188,185.24130249023438,174.60015869140625,166.28857421875
1979254N10140,MAC,1979,1979-09-19 03:00:00,14.0,120.9,38,60,0.6333333333333333,36.0,0,0,7,300,0,119.35807037353516,1072.4219970703125,142.23980712890625,,,,119.35807037353516,116.82691192626953,113.08195495605469,177.0517120361328,116.82691192626953,108.40705108642578,123.78829193115234,137.17466735839844,151.40383911132812,163.9319610595703,169.57432556152344,173.7463836669922,176.84286499023438,179.18321228027344,183.9512939453125,193.07496643066406,183.1488800048828
1979254N10140,MAC,1979,1979-09-19 06:00:00,14.2,120.6,35,60,0.5833333333333334,39.0,0,0,7,305,0,128.7460479736328,1376.0032958984375,172.5065155029297,,,,128.7460479736328,123.68328857421875,117.81796264648438,75.76969146728516,123.68328857421875,109.37407684326172,100.46753692626953,93.49714660644531,89.7479248046875,98.02989196777344,107.14507293701172,120.01890563964844,135.4399871826172,164.7570343017578,186.5498809814453,192.17166137695312,193.07481384277344
1979254N10140,MAC,1979,1979-09-19 09:00:00,14.5,120.3,35,60,0.5833333333333334,42.0,10,10,7,315,0,139.9262237548828,1375.50048828125,205.97799682617188,,,,139.9262237548828,133.7904510498047,125.32616424560547,196.6963653564453,133.7904510498047,118.50991821289062,121.85111236572266,128.33909606933594,133.0490264892578,131.2564239501953,126.09107208251953,122.61676788330078,124.85176086425781,138.24871826171875,165.3494110107422,187.73500061035156,204.96238708496094
1979254N10140,MAC,1979,1979-09-19 12:00:00,14.8,120.1,35,60,0.5833333333333334,45.0,0,0,8,320,0,214.67425537109375,1560.19140625,253.13809204101562,,,,214.67425537109375,210.00601196289062,203.89459228515625,85.28260040283203,210.00601196289062,206.12649536132812,208.15655517578125,210.179931640625,210.9792938232422,207.24923706054688,196.512939453125,188.90904235839844,181.05072021484375,163.47061157226562,154.6131591796875,159.96656799316406,236.31448364257812
1979254N10140,MAC,1979,1979-09-19 15:00:00,15.1,119.8,35,60,0.5833333333333334,48.0,31,21,9,330,0,187.09552001953125,1647.7083740234375,254.36248779296875,,,,187.09552001953125,178.90025329589844,168.24818420410156,0.0,178.90025329589844,283.5025634765625,323.7490234375,320.6602783203125,312.4104309082031,291.872314453125,266.24591064453125,245.0896453857422,227.603271484375,195.58877563476562,157.72950744628906,130.87582397460938,259.3807373046875
1979350N07153,BEN,1979,1979-12-21 06:00:00,11.5,125.9,50,50,1.0,0.0,34,0,16,275,0,29.340431213378906,315.7571105957031,52.81763458251953,,,,29.340431213378906,26.73332977294922,24.13267707824707,,26.73332977294922,50.653907775878906,85.95610046386719,99.3563232421875,108.47290802001953,109.41346740722656,106.96599578857422,105.3934555053711,103.9256820678711,102.6005859375,99.35890197753906,117.94100189208984,101.1900863647461
1979350N07153,BEN,1979,1979-12-21 09:00:00,11.6,125.1,45,50,0.9,3.0,0,0,16,280,0,132.42340087890625,823.6312866210938,142.31565856933594,,,,132.42340087890625,131.19215393066406,130.00180053710938,171.43946838378906,131.19215393066406,120.50448608398438,128.1049346923828,129.11085510253906,126.04241180419922,121.2081298828125,116.90382385253906,114.97319793701172,113.73031616210938,109.39634704589844,106.07182312011719,98.38137817382812,88.29749298095703
1979350N07153,BEN,1979,1979-12-21 12:00:00,11.8,124.4,40,50,0.8,6.0,33,0,15,285,0,64.92528533935547,1330.51123046875,146.79237365722656,,,,64.92528533935547,60.62226104736328,55.783592224121094,89.77629089355469,60.62226104736328,66.49330139160156,75.3749771118164,79.33004760742188,83.90725708007812,87.64429473876953,90.68474578857422,93.15316009521484,95.00489044189453,93.51758575439453,90.52571105957031,84.0375747680664,94.0931396484375
1979350N07153,BEN,1979,1979-12-21 15:00:00,12.0,123.7,40,50,0.8,9.0,10,0,14,285,0,40.73961639404297,676.4369506835938,71.06071472167969,,,,40.73961639404297,38.96322250366211,36.73358154296875,32.29575729370117,38.96322250366211,38.726680755615234,34.7743034362793,33.970829010009766,32.17394256591797,34.83170700073242,39.16001892089844,44.46795654296875,47.56461715698242,48.291141510009766,52.17068099975586,71.81550598144531,113.95101165771484
1979350N07153,BEN,1979,1979-12-21 18:00:00,12.2,123.0,40,50,0.8,12.0,21,21,14,290,0,59.9185676574707,1445.2498779296875,135.68804931640625,,,,59.9185676574707,55.07936477661133,50.38679122924805,0.29456186294555664,55.07936477661133,77.29335021972656,66.87445068359375,61.47494125366211,55.302284240722656,51.833309173583984,48.525272369384766,46.49721145629883,45.79438018798828,52.29004669189453,67.6101303100586,88.86988830566406,108.83440399169922
1979350N07153,BEN,1979,1979-12-21 21:00:00,12.4,122.3,43,50,0.86,15.0,68,10,14,290,0,109.82463073730469,2020.486083984375,215.01327514648438,,,,109.82463073730469,100.2170181274414,89.56624603271484,70.92918395996094,100.2170181274414,91.63968658447266,82.63318634033203,89.72434997558594,90.33234405517578,86.43458557128906,82.97898864746094,79.7667236328125,77.29975128173828,83.60467529296875,114.03633117675781,142.56201171875,138.3041534423828
1979350N07153,BEN,1979,1979-12-22 00:00:00,12.7,121.7,45,50,0.9,18.0,15,0,14,290,0,174.75167846679688,1557.11279296875,264.4696044921875,,,,174.75167846679688,160.76544189453125,145.40863037109375,5.0806684494018555,160.76544189453125,215.25038146972656,231.84133911132812,231.94601440429688,230.71017456054688,225.0338134765625,218.6078643798828,214.0249786376953,213.90081787109375,215.5809783935547,206.4045867919922,178.5386505126953,148.1434783935547
1979350N07153,BEN,1979,1979-12-22 03:00:00,12.9,121.0,48,50,0.96,21.0,0,0,14,290,0,446.4324645996094,2539.583251953125,476.19677734375,,,,446.4324645996094,443.8564147949219,438.5337219238281,619.8169555664062,443.8564147949219,379.5628662109375,331.0238952636719,319.7074279785156,307.8464660644531,295.8664855957031,289.2587890625,283.2312316894531,270.7168273925781,245.47781372070312,211.8594207763672,182.00941467285156,144.64820861816406
1979350N07153,BEN,1979,1979-12-22 06:00:00,13.1,120.4,50,50,1.0,24.0,15,15,13,295,0,201.4999542236328,1490.8521728515625,273.1013488769531,,,,201.4999542236328,192.60623168945312,182.04904174804688,16.605588912963867,192.60623168945312,265.95587158203125,325.1498107910156,345.4927673339844,346.9175109863281,333.4751892089844,323.76422119140625,309.3736572265625,293.2167663574219,262.3672790527344,233.12771606445312,195.2701873779297,157.20260620117188
1979350N07153,BEN,1979,1979-12-22 09:00:00,13.4,119.8,53,50,1.06,27.0,54,54,12,305,0,0.0,0.0,0.0,,,,0.0,0.0,0.0,,0.0,43.621063232421875,76.7774429321289,74.08766174316406,86.14574432373047,109.92176055908203,125.98754119873047,128.2765655517578,128.43963623046875,140.37583923339844,184.57492065429688,199.68434143066406,179.01632690429688
1980137N04158,FORREST,1980,1980-05-24 09:00:00,13.7,124.5,53,53,1.0,0.0,10,0,13,300,0,148.65281677246094,806.8009643554688,169.20274353027344,,,,148.65281677246094,142.32537841796875,134.78639221191406,123.76162719726562,142.32537841796875,121.94792175292969,107.75009155273438,100.65129089355469,94.1301498413086,88.5779800415039,83.65591430664062,87.72975158691406,97.31539916992188,114.80213165283203,116.56977844238281,89.71981811523438,87.2353515625
1980137N04158,FORREST,1980,1980-05-24 12:00:00,14.0,123.9,50,53,0.9433962264150944,3.0,21,21,13,300,0,115.3192138671875,1002.759521484375,163.58328247070312,,,,115.3192138671875,108.54133605957031,100.62420654296875,9.927266120910645,108.54133605957031,110.2806167602539,113.7756576538086,118.41089630126953,119.15201568603516,119.79721069335938,115.94770812988281,111.2214126586914,108.83149719238281,107.69346618652344,104.43122863769531,93.91455078125,78.48391723632812
1980137N04158,FORREST,1980,1980-05-24 15:00:00,14.3,123.3,50,53,0.9433962264150944,6.0,33,31,13,300,0,19.89396095275879,876.3322143554688,59.03473663330078,,,,19.89396095275879,17.877412796020508,15.80268383026123,5.138362407684326,17.877412796020508,53.071495056152344,90.28942108154297,102.95018768310547,103.77716064453125,99.48971557617188,96.3222885131836,95.84921264648438,93.50686645507812,93.6420669555664,96.06396484375,84.40123748779297,92.90083312988281
1980197N07154,JOE,1980,1980-07-20 15:00:00,16.7,123.0,88,88,1.0,0.0,57,0,15,290,0,,,,,,,,,,,,0.0,87.41100311279297,145.77981567382812,218.35430908203125,299.1675109863281,328.4583435058594,335.0137939453125,337.8020324707031,333.93194580078125,340.5047912597656,310.9523010253906,341.9346008300781
1980197N07154,JOE,1980,1980-07-20 18:00:00,17.0,122.2,70,88,0.7954545454545454,3.0,0,0,16,280,0,307.3819580078125,1808.544189453125,311.8931579589844,,,,307.3819580078125,303.6193542480469,299.874267578125,373.12646484375,303.6193542480469,297.365478515625,289.8746643066406,286.013671875,282.68328857421875,283.252685546875,284.484375,288.4888000488281,291.44549560546875,310.6781921386719,365.5036315917969,479.06390380859375,483.08905029296875
1980197N07154,JOE,1980,1980-07-20 21:00:00,17.0,121.4,65,88,0.7386363636363636,6.0,0,0,16,275,0,496.49468994140625,2656.9296875,528.0158081054688,,,,496.49468994140625,495.7981262207031,495.29541015625,443.446533203125,495.7981262207031,544.3993530273438,569.1568603515625,577.692626953125,591.9947509765625,601.58447265625,606.3216552734375,606.9447631835938,603.3103637695312,574.78369140625,537.38916015625,479.4306640625,409.1894836425781
1980197N07154,JOE,1980,1980-07-21 00:00:00,17.1,120.5,60,88,0.6818181818181818,9.0,0,0,16,285,0,627.466552734375,2565.287109375,585.6096801757812,,,,627.466552734375,617.6636962890625,608.4755859375,323.63116455078125,617.6636962890625,717.6632080078125,771.3170776367188,786.6504516601562,796.2767333984375,794.8284912109375,789.189453125,772.2357788085938,747.3150024414062,686.2057495117188,594.1155395507812,497.83990478515625,422.97552490234375
1980197N07154,JOE,1980,1980-07-21 03:00:00,17.5,119.8,68,88,0.7727272727272727,12.0,54,54,17,295,0,,,,,,,,,,,,0.10860703140497208,7.972451210021973,32.35958480834961,53.249202728271484,83.45702362060547,116.8414535522461,151.63156127929688,173.7763214111328,236.68980407714844,397.31475830078125,625.7332153320312,500.37811279296875
1980201N08155,KIM,1980,1980-07-24 21:00:00,16.5,122.9,115,115,1.0,0.0,61,0,12,300,0,,,,,,,,,,,,0.19720226526260376,183.27337646484375,242.32125854492188,291.9779052734375,319.2783203125,344.15576171875,347.77362060546875,353.8625793457031,349.69171142578125,329.39776611328125,305.67413330078125,376.2620849609375
1980201N08155,KIM,1980,1980-07-25 00:00:00,16.8,122.4,100,115,0.8695652173913043,3.0,0,0,11,300,0,357.9700622558594,1577.8424072265625,304.9414367675781,,,,357.9700622558594,351.126953125,345.0852966308594,392.12841796875,351.126953125,332.7589111328125,322.56884765625,315.2955017089844,310.2190856933594,304.61334228515625,296.81927490234375,289.7852478027344,286.6734619140625,290.4840393066406,317.7794189453125,389.5682678222656,500.22900390625
1980201N08155,KIM,1980,1980-07-25 03:00:00,17.1,122.0,85,115,0.7391304347826086,6.0,0,0,10,305,0,261.9416198730469,1801.286865234375,302.9556884765625,,,,261.9416198730469,261.3426513671875,260.6474304199219,231.44398498535156,261.3426513671875,262.3007507324219,269.2082824707031,276.6051330566406,287.0499267578125,298.1064453125,310.70758056640625,325.954833984375,343.5513610839844,388.7411193847656,458.6400451660156,505.0624694824219,455.44775390625
1980201N08155,KIM,1980,1980-07-25 06:00:00,17.4,121.5,70,115,0.6086956521739131,9.0,0,0,11,300,0,382.4339599609375,2329.857666015625,469.0953369140625,,,,382.4339599609375,380.6208190917969,378.50140380859375,215.61077880859375,380.6208190917969,462.2955017089844,499.6928405761719,499.1566162109375,487.849365234375,477.918212890625,474.96875,474.04132080078125,473.98883056640625,472.5545654296875,472.1629638671875,471.752197265625,439.8017272949219
1980201N08155,KIM,1980,1980-07-25 09:00:00,17.7,121.0,55,115,0.4782608695652174,12.0,0,0,12,300,0,670.8982543945312,2542.742919921875,482.5180969238281,,,,670.8982543945312,672.2792358398438,673.5021362304688,871.6841430664062,672.2792358398438,606.89453125,545.9049682617188,526.2130126953125,512.5394897460938,502.8187561035156,490.51580810546875,478.0204772949219,465.2171630859375,458.6924743652344,467.8135681152344,454.2408447265625,448.1482849121094
1980201N08155,KIM,1980,1980-07-25 12:00:00,18.0,120.4,40,115,0.3478260869565217,15.0,10,10,12,300,0,211.68637084960938,1929.89404296875,282.7935791015625,,,,211.68637084960938,207.1634521484375,200.67637634277344,53.91569900512695,207.1634521484375,286.7535705566406,356.14068603515625,370.7426452636719,392.86566162109375,417.1913146972656,436.1302185058594,458.0606384277344,474.2469177246094,489.5916748046875,483.71295166015625,486.5588073730469,455.2019958496094
1980201N08155,KIM,1980,1980-07-25 15:00:00,18.3,119.9,48,115,0.417391304347826,18.0,67,67,10,305,0,,,,,,,,,,,,,3.182166576385498,7.6976447105407715,30.070749282836914,61.91587448120117,79.55074310302734,114.16584014892578,158.83888244628906,251.5281219482422,339.6263732910156,402.2748107910156,484.2607116699219
1980296N05165,BETTY,1980,1980-11-04 15:00:00,15.9,122.2,113,113,1.0,0.0,24,0,11,280,0,154.85569763183594,1561.24267578125,274.0102233886719,,,,154.85569763183594,143.0973358154297,129.3284454345703,0.5846552848815918,143.0973358154297,308.9090576171875,370.2689514160156,377.1981506347656,385.2388610839844,400.5637512207031,414.9877624511719,425.7943115234375,437.1330871582031,422.6015625,377.8314514160156,355.5467529296875,381.6036071777344
1980296N05165,BETTY,1980,1980-11-04 18:00:00,16.0,121.6,105,113,0.9292035398230089,3.0,0,0,10,285,0,561.483642578125,1913.5765380859375,394.2772216796875,,,,561.483642578125,554.894287109375,544.12109375,492.5323791503906,554.894287109375,535.5858154296875,490.5683288574219,473.750732421875,464.114990234375,454.7423095703125,446.8940124511719,443.5912780761719,440.59747314453125,436.89910888671875,444.326171875,419.3539123535156,378.7408447265625
1980296N05165,BETTY,1980,1980-11-04 21:00:00,16.2,121.1,85,113,0.7522123893805309,6.0,0,0,9,295,0,721.6358032226562,2896.1279296875,426.0401916503906,,,,721.6358032226562,722.7073364257812,724.2349853515625,782.9887084960938,722.7073364257812,675.8598022460938,614.8675537109375,592.7757568359375,574.2415161132812,558.1385498046875,542.5712280273438,530.2319946289062,514.876708984375,489.58477783203125,467.29852294921875,432.2635192871094,386.1449279785156
1980296N05165,BETTY,1980,1980-11-05 00:00:00,16.4,120.8,65,113,0.5752212389380531,9.0,0,0,8,320,0,843.6094360351562,2898.233642578125,576.2871704101562,,,,843.6094360351562,845.7789916992188,848.7611694335938,1176.8096923828125,845.7789916992188,751.61279296875,694.3399658203125,674.336181640625,649.3275756835938,625.3394165039062,601.549072265625,579.0859375,556.2297973632812,522.41455078125,487.5400390625,443.56060791015625,398.9858093261719
1980296N05165,BETTY,1980,1980-11-05 03:00:00,16.8,120.6,58,113,0.5132743362831859,12.0,0,0,10,345,0,901.447509765625,2895.0361328125,661.7437744140625,,,,901.447509765625,891.1812133789062,887.5619506835938,842.7505493164062,891.1812133789062,892.8910522460938,852.0238647460938,826.8222045898438,797.2816772460938,765.7732543945312,729.788330078125,696.063232421875,662.3214111328125,609.2998046875,548.1004638671875,469.4735412597656,411.0021057128906
1980296N05165,BETTY,1980,1980-11-05 06:00:00,17.3,120.5,50,113,0.4424778761061947,15.0,0,0,10,355,0,457.8037414550781,2435.510009765625,499.5589904785156,,,,457.8037414550781,450.4881896972656,442.3773498535156,209.5352783203125,450.4881896972656,568.335205078125,675.1787719726562,717.6170043945312,743.0267333984375,753.7451782226562,752.7318725585938,742.4156494140625,727.3648071289062,684.7459716796875,614.871337890625,501.72576904296875,431.85919189453125
1980296N05165,BETTY,1980,1980-11-05 09:00:00,17.8,120.5,48,113,0.4247787610619469,18.0,0,0,10,355,0,278.2886657714844,2079.913330078125,331.84014892578125,,,,278.2886657714844,273.16058349609375,268.6813049316406,217.7980499267578,273.16058349609375,354.9754638671875,442.4476013183594,483.55059814453125,511.5849609375,538.936767578125,550.7813720703125,551.8050537109375,547.380859375,543.101806640625,529.943603515625,496.2071533203125,440.10699462890625
1980296N05165,BETTY,1980,1980-11-05 12:00:00,18.3,120.5,45,113,0.3982300884955752,21.0,10,10,9,360,0,263.7680358886719,1827.904296875,328.4510192871094,,,,263.7680358886719,255.53065490722656,245.0117950439453,81.27691650390625,255.53065490722656,368.0309143066406,400.2281494140625,395.67437744140625,389.6872253417969,382.602783203125,378.20989990234375,375.9207458496094,378.38726806640625,383.7901916503906,393.2304382324219,408.65777587890625,444.4493408203125
1980296N05165,BETTY,1980,1980-11-05 15:00:00,18.7,120.4,45,113,0.3982300884955752,24.0,39,38,9,5,0,124.06280517578125,965.7907104492188,155.77764892578125,,,,124.06280517578125,115.83040618896484,105.1424560546875,0.0,115.83040618896484,168.3741455078125,227.6109619140625,258.2534484863281,274.3171691894531,291.270751953125,302.9755554199219,309.1764221191406,329.70172119140625,340.342041015625,326.4324035644531,332.1174621582031,385.52587890625
1981176N08150,KELLY,1981,1981-06-30 09:00:00,13.9,124.6,35,35,1.0,0.0,21,0,16,270,0,159.35231018066406,804.1699829101562,170.1604766845703,,,,159.35231018066406,153.63763427734375,146.33612060546875,19.458019256591797,153.63763427734375,137.8011932373047,122.8466796875,117.27256774902344,114.021728515625,108.31233215332031,102.41268920898438,97.95149230957031,93.83711242675781,90.8758544921875,113.14471435546875,106.4748306274414,87.5339584350586
1981176N08150,KELLY,1981,1981-06-30 12:00:00,13.8,123.8,35,35,1.0,3.0,0,0,14,265,0,142.1720733642578,1949.8861083984375,219.31863403320312,,,,142.1720733642578,134.1788330078125,125.30864715576172,95.00629425048828,134.1788330078125,134.1775665283203,119.20760345458984,113.43515014648438,109.72425842285156,109.14631652832031,110.61835479736328,109.04727172851562,105.1854019165039,100.00737762451172,98.17083740234375,89.18736267089844,77.34381866455078
1981176N08150,KELLY,1981,1981-06-30 15:00:00,13.7,123.1,33,35,0.9428571428571428,6.0,0,0,13,260,0,111.26175689697266,1954.0574951171875,184.27537536621094,,,,111.26175689697266,108.49452209472656,104.83197021484375,74.42630004882812,108.49452209472656,105.10527038574219,106.72090911865234,103.96122741699219,102.60779571533203,100.75276184082031,97.1402816772461,93.21388244628906,89.60918426513672,84.10768127441406,86.13971710205078,81.70587921142578,84.60102844238281
1981176N08150,KELLY,1981,1981-06-30 18:00:00,13.6,122.5,30,35,0.8571428571428571,9.0,0,0,13,260,0,71.94463348388672,965.0628051757812,94.85320281982422,,,,71.94463348388672,68.74951171875,65.08146667480469,69.63079071044922,68.74951171875,87.3726806640625,91.01325225830078,85.50541687011719,79.61083984375,75.13998413085938,72.8045425415039,73.56952667236328,74.4462661743164,73.54081726074219,88.19658660888672,93.75625610351562,145.74449157714844
1981176N08150,KELLY,1981,1981-06-30 21:00:00,13.5,121.8,30,35,0.8571428571428571,12.0,39,11,13,265,0,70.25898742675781,1147.0040283203125,135.69003295898438,,,,70.25898742675781,65.82805633544922,60.27566146850586,113.4607925415039,65.82805633544922,69.28776550292969,76.05519104003906,85.79823303222656,90.99249267578125,97.8552017211914,116.58535766601562,136.2286376953125,154.87384033203125,180.23011779785156,188.79684448242188,165.48707580566406,149.02670288085938
1981176N08150,KELLY,1981,1981-07-01 00:00:00,13.5,121.2,30,35,0.8571428571428571,15.0,11,11,12,265,0,261.44677734375,2539.554931640625,415.6681213378906,,,,261.44677734375,251.5840606689453,241.35694885253906,65.94996643066406,251.5840606689453,257.6974182128906,259.0320129394531,262.4792785644531,261.8059997558594,257.5272216796875,252.60269165039062,243.41067504882812,231.19296264648438,211.52186584472656,192.80401611328125,177.44960021972656,154.7413787841797
1981176N08150,KELLY,1981,1981-07-01 03:00:00,13.5,120.5,33,35,0.9428571428571428,18.0,11,11,12,270,0,241.2217559814453,1859.4769287109375,352.1004638671875,,,,241.2217559814453,225.45950317382812,208.63465881347656,221.5759735107422,225.45950317382812,233.000244140625,228.4636993408203,224.36785888671875,223.24095153808594,223.6017303466797,225.9945068359375,230.09378051757812,236.28814697265625,237.27249145507812,229.8472442626953,196.86082458496094,173.54039001464844
1981176N08150,KELLY,1981,1981-07-01 06:00:00,13.5,119.9,35,35,1.0,21.0,44,44,12,275,0,44.77676773071289,646.732666015625,94.75792694091797,,,,44.77676773071289,39.71004867553711,34.51099395751953,,39.71004867553711,73.44969940185547,86.42803955078125,111.43061828613281,129.4064483642578,128.59185791015625,122.29983520507812,125.33123779296875,137.98497009277344,172.73910522460938,202.10557556152344,208.3863067626953,180.9427032470703
1981178N05160,LYNN,1981,1981-07-04 06:00:00,15.3,121.7,45,45,1.0,0.0,31,0,8,310,0,308.66229248046875,1862.134521484375,339.7165222167969,,,,308.66229248046875,293.39453125,275.21588134765625,0.0,293.39453125,310.4939880371094,291.15081787109375,286.845703125,282.3016662597656,280.1297912597656,278.2252197265625,272.71966552734375,269.19976806640625,266.9322204589844,266.9219665527344,264.2705383300781,291.52593994140625
1981178N05160,LYNN,1981,1981-07-04 09:00:00,15.6,121.4,43,45,0.9555555555555556,3.0,0,0,10,310,0,365.6242980957031,1910.1107177734375,369.30712890625,,,,365.6242980957031,359.9239807128906,352.5492858886719,438.36163330078125,359.9239807128906,360.0395202636719,367.8511657714844,370.3179016113281,365.5408630371094,357.7052917480469,352.41119384765625,345.98516845703125,339.0113525390625,328.9183349609375,332.5421447753906,353.5297546386719,337.9979248046875
1981178N05160,LYNN,1981,1981-07-04 12:00:00,15.9,120.9,40,45,0.8888888888888888,6.0,0,0,11,310,0,358.2532958984375,2138.486083984375,408.5120849609375,,,,358.2532958984375,357.4636535644531,356.3516540527344,270.67181396484375,357.4636535644531,384.8897705078125,405.470947265625,414.0786437988281,419.5975646972656,423.8809509277344,429.5812072753906,434.69287109375,435.7336730957031,424.5010681152344,405.2091369628906,402.16473388671875,371.6407165527344
1981178N05160,LYNN,1981,1981-07-04 15:00:00,16.2,120.5,38,45,0.8444444444444444,9.0,0,0,12,305,0,407.68408203125,2216.24072265625,502.35089111328125,,,,407.68408203125,401.5667724609375,395.2326965332031,333.8168029785156,401.5667724609375,427.72930908203125,444.2282409667969,446.3622741699219,451.9447021484375,458.3988342285156,464.1953430175781,467.1141052246094,471.6295166015625,472.5528259277344,472.8470153808594,443.11773681640625,400.6748046875
1981178N05160,LYNN,1981,1981-07-04 18:00:00,16.6,120.0,35,45,0.7777777777777778,12.0,31,31,12,305,0,54.07035446166992,730.8383178710938,95.34866333007812,,,,54.07035446166992,49.234893798828125,45.78865432739258,2.1810173988342285,49.234893798828125,119.29288482666016,226.00637817382812,276.5758056640625,326.3465881347656,365.7129821777344,387.7999572753906,417.84393310546875,449.6876525878906,494.83197021484375,515.4317626953125,522.7481079101562,441.33673095703125
1981317N14153,HAZEN,1981,1981-11-19 09:00:00,13.5,124.4,65,65,1.0,0.0,15,0,10,265,0,138.6336669921875,806.0808715820312,171.81808471679688,,,,138.6336669921875,132.1478271484375,124.53367614746094,99.02638244628906,132.1478271484375,107.6065444946289,91.32717895507812,89.84405517578125,91.15021514892578,99.63453674316406,110.66722106933594,115.1242904663086,112.09044647216797,107.39582824707031,97.33910369873047,85.46052551269531,82.95154571533203
1981317N14153,HAZEN,1981,1981-11-19 12:00:00,13.5,123.9,60,65,0.9230769230769232,3.0,22,0,11,265,0,142.8917236328125,2425.282958984375,213.15916442871094,,,,142.8917236328125,135.74229431152344,127.79751586914062,11.521797180175781,135.74229431152344,141.46673583984375,124.80216217041016,115.7716293334961,108.84930419921875,107.12870788574219,104.38786315917969,100.76419830322266,97.39055633544922,94.26667022705078,86.16062927246094,86.3304443359375,78.66825103759766
1981317N14153,HAZEN,1981,1981-11-19 15:00:00,13.4,123.4,58,65,0.8923076923076924,6.0,0,0,11,265,0,132.9407196044922,2426.992431640625,211.60165405273438,,,,132.9407196044922,129.593017578125,125.50524139404297,142.17691040039062,129.593017578125,113.974853515625,101.19188690185547,96.58966064453125,90.87434387207031,88.6707534790039,89.51778411865234,91.5341567993164,93.64138793945312,93.76691436767578,89.5553207397461,82.5842056274414,74.72834777832031
1981317N14153,HAZEN,1981,1981-11-19 18:00:00,13.4,122.8,55,65,0.8461538461538461,9.0,10,0,12,270,0,58.354766845703125,733.3239135742188,83.94154357910156,,,,58.354766845703125,55.44932174682617,51.77573776245117,63.948787689208984,55.44932174682617,60.255985260009766,85.23896789550781,91.14429473876953,90.00253295898438,90.70410919189453,96.09912109375,96.94076538085938,97.04167938232422,87.58683013916016,84.36345672607422,79.5689468383789,116.27081298828125
1981317N14153,HAZEN,1981,1981-11-19 21:00:00,13.4,122.1,55,65,0.8461538461538461,12.0,31,24,13,270,0,82.7657241821289,1153.4202880859375,125.8460922241211,,,,82.7657241821289,78.03153228759766,72.34535217285156,139.78770446777344,78.03153228759766,76.99864959716797,66.95671081542969,62.07408142089844,58.89944076538086,56.08675765991211,57.35843276977539,66.25654602050781,78.5705795288086,99.54197692871094,145.4213409423828,160.916748046875,142.47776794433594
1981317N14153,HAZEN,1981,1981-11-20 00:00:00,13.4,121.4,55,65,0.8461538461538461,15.0,15,0,14,275,0,169.6187744140625,2543.758056640625,326.49798583984375,,,,169.6187744140625,161.3875274658203,152.88656616210938,20.73080825805664,161.3875274658203,239.9751739501953,279.08837890625,280.0874328613281,273.6277160644531,264.13177490234375,253.5926055908203,243.88388061523438,234.30084228515625,215.35748291015625,188.47879028320312,167.22079467773438,148.8701934814453
1981317N14153,HAZEN,1981,1981-11-20 03:00:00,13.5,120.7,55,65,0.8461538461538461,18.0,11,11,14,275,0,283.2130126953125,2537.545166015625,426.3386535644531,,,,283.2130126953125,269.10760498046875,253.62806701660156,381.1553649902344,269.10760498046875,241.41839599609375,231.98223876953125,230.1092529296875,233.33590698242188,238.1902313232422,240.81243896484375,241.97848510742188,239.66732788085938,234.31129455566406,220.43865966796875,193.58810424804688,165.9982147216797
1981317N14153,HAZEN,1981,1981-11-20 06:00:00,13.5,120.0,55,65,0.8461538461538461,21.0,34,34,15,280,0,83.38516998291016,1488.2891845703125,192.7150421142578,,,,83.38516998291016,75.42786407470703,66.91535949707031,,75.42786407470703,89.9434585571289,131.0082550048828,130.1580047607422,124.55345153808594,128.35923767089844,142.26397705078125,160.56314086914062,179.73768615722656,206.3992919921875,210.32191467285156,218.74293518066406,179.9993896484375
1981319N07163,IRMA,1981,1981-11-24 06:00:00,15.3,122.0,85,85,1.0,0.0,58,0,16,300,0,25.575115203857422,227.6022491455078,43.54433822631836,,,,25.575115203857422,24.006576538085938,21.954824447631836,0.0,24.006576538085938,24.561784744262695,131.50039672851562,169.23207092285156,200.31436157226562,226.48452758789062,252.3092803955078,277.0819091796875,292.0245361328125,299.4342041015625,291.4106750488281,259.5790710449219,269.3708801269531
1981319N07163,IRMA,1981,1981-11-24 09:00:00,15.7,121.2,75,85,0.8823529411764706,3.0,0,0,16,305,0,366.25335693359375,1911.0802001953125,381.1742248535156,,,,366.25335693359375,363.0359191894531,359.922607421875,355.8611755371094,363.0359191894531,367.9178466796875,358.964111328125,356.4396667480469,354.76507568359375,356.0858154296875,356.77105712890625,357.1012268066406,361.0187683105469,374.1538391113281,384.0301208496094,366.276611328125,356.6289367675781
1981319N07163,IRMA,1981,1981-11-24 12:00:00,16.2,120.6,65,85,0.7647058823529411,6.0,0,0,15,310,0,500.5586242675781,2495.2421875,535.1069946289062,,,,500.5586242675781,496.1043395996094,491.35113525390625,457.9161682128906,496.1043395996094,493.529296875,493.4271545410156,494.64007568359375,493.06549072265625,489.9623718261719,483.8736267089844,483.16748046875,482.3468017578125,479.6617431640625,467.4889221191406,440.5232238769531,398.0310974121094
1981319N07163,IRMA,1981,1981-11-24 15:00:00,16.6,120.0,60,85,0.7058823529411765,9.0,31,31,13,315,0,54.07035446166992,730.8383178710938,95.34866333007812,,,,54.07035446166992,49.234893798828125,45.78865432739258,2.1810173988342285,49.234893798828125,119.29288482666016,226.00637817382812,276.5758056640625,326.3465881347656,365.7129821777344,387.7999572753906,417.84393310546875,449.6876525878906,494.83197021484375,515.4317626953125,522.7481079101562,441.33673095703125
1981355N07149,LEE,1981,1981-12-25 15:00:00,12.7,124.1,78,78,1.0,0.0,0,0,15,280,0,68.19273376464844,1530.059326171875,134.033935546875,,,,68.19273376464844,64.01032257080078,59.50188064575195,89.6598892211914,64.01032257080078,60.97111129760742,61.92795944213867,66.777587890625,72.27303314208984,71.67707061767578,71.1118392944336,70.93292236328125,69.80133819580078,69.56742858886719,76.19255065917969,84.39248657226562,84.5966796875
1981355N07149,LEE,1981,1981-12-25 18:00:00,12.8,123.3,70,78,0.8974358974358975,3.0,22,22,15,280,0,53.13776779174805,679.9287109375,76.2578125,,,,53.13776779174805,49.135135650634766,45.23394775390625,17.916404724121094,49.135135650634766,54.55240249633789,67.76864624023438,73.63177490234375,78.73072052001953,79.89346313476562,80.4671859741211,81.62980651855469,81.95475769042969,78.18082427978516,76.9460220336914,78.09073638916016,78.1997299194336
1981355N07149,LEE,1981,1981-12-25 21:00:00,12.9,122.6,65,78,0.8333333333333334,6.0,33,24,15,280,0,50.46902847290039,1217.1500244140625,93.67639923095703,,,,50.46902847290039,44.27415084838867,37.79838943481445,,44.27415084838867,79.5548095703125,74.7606430053711,72.85572814941406,70.89186096191406,70.96432495117188,75.6087875366211,74.85746002197266,71.58229064941406,67.77412414550781,83.82380676269531,93.9529800415039,130.58978271484375
1982073N07153,MAMIE,1982,1982-03-19 09:00:00,8.3,127.2,58,58,1.0,0.0,88,0,18,275,0,,,,,,,,,,,,,,,0.0,0.2920968234539032,8.51568603515625,19.055543899536133,29.7540225982666,68.33877563476562,162.31689453125,234.909423828125,264.81976318359375
1982073N07153,MAMIE,1982,1982-03-19 12:00:00,8.3,126.3,55,58,0.9482758620689656,3.0,0,0,18,275,0,98.08792877197266,1316.907958984375,142.1404266357422,,,,98.08792877197266,95.70464324951172,92.79872131347656,79.3100814819336,95.70464324951172,121.00548553466797,138.0718994140625,144.94508361816406,152.66624450683594,164.6805419921875,178.56837463378906,195.22984313964844,216.34005737304688,256.0672912597656,307.31390380859375,354.919189453125,377.095703125
1982073N07153,MAMIE,1982,1982-03-19 15:00:00,8.4,125.4,50,58,0.8620689655172413,6.0,0,0,18,275,0,495.7701416015625,2447.662109375,431.50592041015625,,,,495.7701416015625,496.7185363769531,498.0130615234375,532.0860595703125,496.7185363769531,463.5355224609375,452.79827880859375,454.46527099609375,455.9266357421875,451.3494873046875,442.92449951171875,433.0314025878906,427.41839599609375,417.61383056640625,404.83135986328125,415.6035461425781,357.3748779296875
1982073N07153,MAMIE,1982,1982-03-19 18:00:00,8.4,124.5,45,58,0.7758620689655172,9.0,0,0,18,270,0,459.9802551269531,2580.964599609375,402.7190246582031,,,,459.9802551269531,449.7061462402344,436.11346435546875,244.3284149169922,449.7061462402344,576.1287841796875,691.284423828125,706.5877075195312,700.650634765625,683.8600463867188,668.38427734375,650.2506103515625,630.5112915039062,585.4786376953125,518.2227783203125,424.3656005859375,330.81268310546875
1982073N07153,MAMIE,1982,1982-03-19 21:00:00,8.4,123.6,43,58,0.7413793103448276,12.0,0,0,18,270,0,267.2790832519531,2365.646484375,348.84735107421875,,,,267.2790832519531,263.66461181640625,258.4826965332031,445.57373046875,263.66461181640625,253.2811279296875,259.08319091796875,266.9232482910156,277.6164245605469,284.8921813964844,286.6890563964844,286.7925109863281,287.0563049316406,295.76409912109375,317.83563232421875,347.67779541015625,341.06451416015625
1982073N07153,MAMIE,1982,1982-03-20 00:00:00,8.5,122.7,40,58,0.6896551724137931,15.0,31,31,16,270,0,96.46956634521484,721.1569213867188,128.09255981445312,,,,96.46956634521484,89.21946716308594,80.92588806152344,,89.21946716308594,179.93753051757812,213.19390869140625,214.3678436279297,212.29469299316406,213.23439025878906,217.27578735351562,221.52313232421875,227.74415588378906,239.96041870117188,220.459228515625,199.93679809570312,231.98179626464844
1982077N04161,NELSON,1982,1982-03-25 18:00:00,10.4,125.5,100,100,1.0,0.0,24,0,8,265,0,115.79331970214844,970.3955078125,178.2086181640625,,,,115.79331970214844,108.8333740234375,97.65349578857422,70.51856231689453,108.8333740234375,103.30016326904297,101.50824737548828,99.7894058227539,97.64139556884766,93.73519134521484,93.229248046875,93.50403594970703,94.09626770019531,101.59408569335938,111.8647232055664,127.30691528320312,148.67091369628906
1982077N04161,NELSON,1982,1982-03-25 21:00:00,10.4,125.1,98,100,0.98,3.0,0,0,8,270,0,151.9788818359375,1136.072509765625,196.40884399414062,,,,151.9788818359375,145.2047882080078,136.5036163330078,200.34580993652344,145.2047882080078,139.080322265625,125.99127197265625,119.64619445800781,114.476318359375,108.11907958984375,104.31684875488281,101.9547348022461,100.85037231445312,100.8323974609375,101.11856842041016,120.85122680664062,145.66847229003906
1982077N04161,NELSON,1982,1982-03-26 00:00:00,10.4,124.7,95,100,0.95,6.0,10,10,8,275,0,138.74868774414062,1182.446533203125,199.5650177001953,,,,138.74868774414062,133.58262634277344,127.33080291748047,131.0325164794922,133.58262634277344,116.60839080810547,112.61993408203125,114.56192016601562,114.52153778076172,117.76094818115234,121.63603210449219,124.94864654541016,125.5147705078125,118.71175384521484,109.56327819824219,105.10870361328125,149.69154357910156
1982077N04161,NELSON,1982,1982-03-26 03:00:00,10.5,124.3,90,100,0.9,9.0,32,0,8,285,0,63.92601776123047,855.0972290039062,131.20443725585938,,,,63.92601776123047,59.329837799072266,54.26130676269531,22.740449905395508,59.329837799072266,80.32316589355469,98.27377319335938,109.59642028808594,118.43439483642578,126.92256927490234,131.0922393798828,126.8916015625,120.39067077636719,115.15354919433594,130.4236602783203,135.7642364501953,129.84811401367188
1982077N04161,NELSON,1982,1982-03-26 06:00:00,10.6,124.0,85,100,0.85,12.0,0,0,8,290,0,122.86650085449219,972.6148071289062,169.5072021484375,,,,122.86650085449219,116.95508575439453,110.82830047607422,193.54733276367188,116.95508575439453,87.52810668945312,76.14691162109375,78.13790130615234,83.75206756591797,92.96002197265625,108.90816497802734,128.83631896972656,146.10546875,151.04551696777344,143.85888671875,130.85293579101562,132.54425048828125
1982077N04161,NELSON,1982,1982-03-26 09:00:00,10.7,123.6,83,100,0.83,15.0,10,0,7,295,0,217.81773376464844,1848.1588134765625,267.7599182128906,,,,217.81773376464844,210.33184814453125,201.7572784423828,53.36216354370117,210.33184814453125,195.0159912109375,175.73768615722656,165.16717529296875,153.4461212158203,146.56781005859375,139.46124267578125,133.71951293945312,131.29161071777344,127.7202377319336,122.94324493408203,135.5599365234375,138.80975341796875
1982077N04161,NELSON,1982,1982-03-26 12:00:00,10.9,123.3,80,100,0.8,18.0,0,0,8,295,0,168.24339294433594,1846.042236328125,271.6958312988281,,,,168.24339294433594,160.59005737304688,152.4553985595703,157.4881134033203,160.59005737304688,158.34010314941406,140.1146240234375,134.8610076904297,132.8328857421875,129.57980346679688,126.70441436767578,122.9326171875,121.22518920898438,129.81765747070312,144.069580078125,143.08937072753906,138.65797424316406
1982077N04161,NELSON,1982,1982-03-26 15:00:00,11.0,122.9,78,100,0.78,21.0,0,0,8,295,0,87.50100708007812,1670.519775390625,156.39913940429688,,,,87.50100708007812,85.03694152832031,82.32884216308594,52.3225212097168,85.03694152832031,102.71576690673828,138.49880981445312,152.73870849609375,159.17506408691406,162.7050323486328,166.34066772460938,169.5692138671875,169.21836853027344,163.43312072753906,163.18226623535156,153.50611877441406,138.63446044921875
1982077N04161,NELSON,1982,1982-03-26 18:00:00,11.2,122.5,75,100,0.75,24.0,0,0,8,295,0,227.87562561035156,2067.25,309.36077880859375,,,,227.87562561035156,228.02505493164062,228.10809326171875,201.11827087402344,228.02505493164062,198.47607421875,177.97671508789062,167.3780517578125,156.41465759277344,149.00186157226562,146.51904296875,147.75555419921875,149.14633178710938,154.992431640625,155.068115234375,149.25086975097656,134.30799865722656
1982077N04161,NELSON,1982,1982-03-26 21:00:00,11.4,122.2,70,100,0.7,27.0,0,0,8,290,0,269.9018249511719,2073.803466796875,336.9475402832031,,,,269.9018249511719,264.5397644042969,257.6845703125,419.69915771484375,264.5397644042969,240.9471435546875,219.13299560546875,208.1162567138672,197.06768798828125,185.70530700683594,176.26870727539062,167.6496124267578,158.90969848632812,143.39820861816406,128.70968627929688,131.86199951171875,142.09715270996094
1982077N04161,NELSON,1982,1982-03-27 00:00:00,11.5,121.8,65,100,0.65,30.0,32,32,8,285,0,257.572998046875,2070.037109375,336.4030456542969,,,,257.572998046875,241.737548828125,217.0514678955078,1.2946689128875732,241.737548828125,223.68612670898438,222.6377716064453,224.34042358398438,222.45896911621094,218.67735290527344,211.9305877685547,204.87274169921875,191.89218139648438,162.46690368652344,137.55596923828125,131.06468200683594,150.7584991455078
1982190N09148,WINONA,1982,1982-07-15 03:00:00,15.5,121.8,48,48,1.0,0.0,30,0,11,295,0,314.54608154296875,1863.267333984375,417.2648010253906,,,,314.54608154296875,297.2377014160156,278.97088623046875,7.561829534097342e-06,297.2377014160156,297.6589050292969,332.4363098144531,335.0909729003906,336.8024597167969,339.16802978515625,346.9050598144531,349.2693786621094,348.8779296875,341.747314453125,322.7435302734375,296.8777160644531,320.2997741699219
1982190N09148,WINONA,1982,1982-07-15 06:00:00,15.8,121.3,45,48,0.9375,3.0,0,0,12,295,0,475.7808837890625,1909.3138427734375,405.9167785644531,,,,475.7808837890625,471.7248229980469,466.9737854003906,521.03857421875,471.7248229980469,451.9927062988281,426.6848449707031,414.81951904296875,406.95062255859375,399.34490966796875,395.95892333984375,392.65484619140625,391.0578308105469,390.4480895996094,399.4881286621094,389.9947509765625,365.0971374511719
1982190N09148,WINONA,1982,1982-07-15 09:00:00,16.0,120.7,40,48,0.8333333333333334,6.0,0,0,13,295,0,338.3733825683594,2220.115234375,439.7631530761719,,,,338.3733825683594,336.8000793457031,334.6848449707031,212.32740783691406,336.8000793457031,367.4333801269531,408.4066467285156,427.3544616699219,438.5436706542969,446.8916320800781,450.0460510253906,447.14349365234375,440.6761779785156,426.7625732421875,421.9980773925781,418.3844909667969,380.8486328125
1982190N09148,WINONA,1982,1982-07-15 12:00:00,16.3,120.1,35,48,0.7291666666666666,9.0,21,0,14,295,0,103.7802734375,2221.57177734375,203.35986328125,,,,103.7802734375,97.95677185058594,92.1726303100586,11.385272026062012,97.95677185058594,176.06878662109375,229.29139709472656,261.2391662597656,297.1544494628906,331.8653259277344,372.2674255371094,406.0149230957031,428.3490295410156,445.9691162109375,457.66827392578125,474.9837341308594,423.982666015625
1982190N09148,WINONA,1982,1982-07-15 15:00:00,16.6,119.4,38,48,0.7916666666666666,12.0,54,54,15,295,0,0.0,0.0,0.0,,,,0.0,0.0,1.6513866967216018e-06,,0.0,41.55546569824219,36.48930740356445,31.828453063964844,29.740785598754883,28.16521453857422,29.030731201171875,31.6384334564209,35.7677001953125,49.65866470336914,127.35636901855469,336.1025085449219,483.32672119140625
1982248N14133,IRVING,1982,1982-09-08 09:00:00,13.1,124.2,58,58,1.0,0.0,15,0,6,275,0,80.85845947265625,1532.37255859375,154.6415557861328,,,,80.85845947265625,75.89351654052734,70.01148223876953,35.868282318115234,75.89351654052734,78.4527359008789,87.57118225097656,93.69525909423828,95.12036895751953,95.21952056884766,95.34481811523438,95.06727600097656,92.12873840332031,92.3936996459961,87.53478240966797,79.0553207397461,85.60106658935547
1982248N14133,IRVING,1982,1982-09-08 12:00:00,13.2,123.9,55,58,0.9482758620689656,3.0,0,0,7,280,0,109.53113555908203,2427.0966796875,193.32333374023438,,,,109.53113555908203,105.08711242675781,99.8844223022461,113.38292694091797,105.08711242675781,105.40153503417969,105.02835083007812,107.03113555908203,110.76254272460938,108.10643768310547,102.16194915771484,94.65924072265625,89.60780334472656,85.19927215576172,83.99662017822266,79.13045501708984,82.2627182006836
1982248N14133,IRVING,1982,1982-09-08 15:00:00,13.2,123.5,53,58,0.913793103448276,6.0,0,0,8,280,0,112.77522277832031,2427.2626953125,183.27793884277344,,,,112.77522277832031,109.25371551513672,104.72412109375,161.93319702148438,109.25371551513672,103.45092010498047,99.11801147460938,97.25248718261719,93.7418212890625,89.9041976928711,86.65348815917969,86.48731994628906,87.86888122558594,87.35302734375,84.80387878417969,82.84884643554688,74.35021209716797
1982248N14133,IRVING,1982,1982-09-08 18:00:00,13.3,123.0,50,58,0.8620689655172413,9.0,24,0,9,280,0,59.541805267333984,734.1522216796875,86.57991790771484,,,,59.541805267333984,56.64765930175781,53.901065826416016,11.536023139953613,56.64765930175781,74.6924819946289,95.54203796386719,100.46488952636719,102.22477722167969,102.28794860839844,101.34414672851562,96.9328384399414,92.49332427978516,92.17011260986328,85.99919128417969,82.63117980957031,88.13915252685547
1982248N14133,IRVING,1982,1982-09-08 21:00:00,13.4,122.6,50,58,0.8620689655172413,12.0,0,0,9,285,0,65.35537719726562,733.7178344726562,88.00123596191406,,,,65.35537719726562,61.49201202392578,56.73740768432617,75.43383026123047,61.49201202392578,60.70204162597656,78.21913146972656,85.16107940673828,85.00330352783203,81.38418579101562,81.71607208251953,82.02783203125,79.49737548828125,83.8763427734375,87.32151794433594,88.38365173339844,133.48239135742188
1982248N14133,IRVING,1982,1982-09-09 00:00:00,13.5,122.2,50,58,0.8620689655172413,15.0,15,15,8,290,0,81.92868041992188,1148.655517578125,115.49817657470703,,,,81.92868041992188,79.0196533203125,75.83186340332031,52.17891311645508,79.0196533203125,69.36363220214844,61.23591995239258,62.05545425415039,66.99236297607422,72.02982330322266,76.13461303710938,78.15592956542969,82.81646728515625,86.21990966796875,97.21566772460938,151.24954223632812,143.64947509765625
1982248N14133,IRVING,1982,1982-09-09 03:00:00,13.6,121.8,50,58,0.8620689655172413,18.0,34,0,7,295,0,74.29790496826172,1153.10205078125,124.56958770751953,,,,74.29790496826172,70.6045150756836,66.45973205566406,63.0686149597168,70.6045150756836,83.70230102539062,95.999267578125,97.82266998291016,96.62114715576172,94.49210357666016,98.48307800292969,112.27388000488281,127.97341918945312,162.4767303466797,183.89181518554688,166.87356567382812,150.1583709716797
1982248N14133,IRVING,1982,1982-09-09 06:00:00,13.8,121.5,50,58,0.8620689655172413,21.0,0,0,8,295,0,166.52975463867188,2126.833251953125,208.60768127441406,,,,166.52975463867188,163.35243225097656,159.55593872070312,84.33184051513672,163.35243225097656,130.9752655029297,116.00550842285156,117.66435241699219,126.34285736083984,137.70838928222656,149.5164337158203,157.77920532226562,163.59432983398438,177.00247192382812,185.73800659179688,174.84805297851562,158.28353881835938
1982248N14133,IRVING,1982,1982-09-09 09:00:00,14.0,121.1,50,58,0.8620689655172413,24.0,0,0,9,295,0,143.02932739257812,2126.044921875,190.44021606445312,,,,143.02932739257812,141.44760131835938,140.13365173339844,175.57315063476562,141.44760131835938,125.59827423095703,128.1603240966797,137.22288513183594,147.6044158935547,160.4825897216797,172.33477783203125,180.88360595703125,182.85565185546875,178.8826904296875,179.85560607910156,182.54351806640625,177.49166870117188
1982248N14133,IRVING,1982,1982-09-09 12:00:00,14.2,120.6,50,58,0.8620689655172413,27.0,0,0,9,295,0,128.7460479736328,1376.0032958984375,172.5065155029297,,,,128.7460479736328,123.68328857421875,117.81796264648438,75.76969146728516,123.68328857421875,109.37407684326172,100.46753692626953,93.49714660644531,89.7479248046875,98.02989196777344,107.14507293701172,120.01890563964844,135.4399871826172,164.7570343017578,186.5498809814453,192.17166137695312,193.07481384277344
1982248N14133,IRVING,1982,1982-09-09 15:00:00,14.4,120.3,50,58,0.8620689655172413,30.0,15,15,8,295,0,137.34742736816406,1373.22900390625,204.8970947265625,,,,137.34742736816406,130.16529846191406,120.14444732666016,144.34967041015625,130.16529846191406,115.27848052978516,109.66960906982422,113.6397933959961,116.11626434326172,118.33992767333984,118.74337005615234,116.27171325683594,115.86022186279297,127.30734252929688,158.68836975097656,198.16868591308594,198.57667541503906
1982248N14133,IRVING,1982,1982-09-09 18:00:00,14.6,119.9,50,58,0.8620689655172413,33.0,31,31,8,295,0,87.0127944946289,1062.46923828125,153.7107391357422,,,,87.0127944946289,81.97434997558594,77.15370178222656,0.0,81.97434997558594,140.7095184326172,185.77456665039062,187.4336700439453,184.70108032226562,181.3812713623047,182.3400115966797,184.90025329589844,185.36489868164062,180.73370361328125,171.49159240722656,150.76060485839844,192.92506408691406
1982283N17148,NANCY,1982,1982-10-14 12:00:00,17.5,122.3,105,105,1.0,0.0,15,0,13,265,0,446.3404541015625,1802.3846435546875,386.2951965332031,,,,446.3404541015625,439.4584655761719,427.343017578125,245.0858917236328,439.4584655761719,352.61724853515625,296.8600158691406,279.3856201171875,268.302978515625,261.1328430175781,251.50796508789062,242.9098663330078,236.61929321289062,237.98399353027344,279.6354675292969,374.48675537109375,463.6787109375
1982283N17148,NANCY,1982,1982-10-14 15:00:00,17.5,121.6,93,105,0.8857142857142857,3.0,0,0,13,270,0,286.6309509277344,2186.952880859375,346.0558166503906,,,,286.6309509277344,284.31463623046875,282.0714111328125,109.21977233886719,284.31463623046875,378.1198425292969,413.7696838378906,423.3692932128906,430.8588562011719,435.5206604003906,438.3694763183594,438.41387939453125,439.7578430175781,442.8003234863281,450.71087646484375,457.6513366699219,448.8379821777344
1982283N17148,NANCY,1982,1982-10-14 18:00:00,17.5,120.9,80,105,0.7619047619047619,6.0,0,0,12,270,0,773.8245849609375,2541.29443359375,519.3778686523438,,,,773.8245849609375,774.9585571289062,775.8930053710938,847.9862060546875,774.9585571289062,697.7640380859375,647.6746215820312,631.0693969726562,615.0504760742188,600.1273193359375,585.5797729492188,569.24658203125,552.8473510742188,523.2581787109375,491.41729736328125,473.53936767578125,426.3996887207031
1982283N17148,NANCY,1982,1982-10-14 21:00:00,17.5,120.3,68,105,0.6476190476190476,9.0,10,10,12,270,0,174.4392547607422,1217.890625,207.6376495361328,,,,174.4392547607422,169.3959197998047,165.77293395996094,40.939361572265625,169.3959197998047,243.1527862548828,338.94415283203125,407.3080139160156,466.6708068847656,517.2404174804688,566.7527465820312,607.4683837890625,646.3460083007812,679.3721313476562,665.2127075195312,560.023681640625,437.2230224609375
1982283N17148,NANCY,1982,1982-10-15 00:00:00,17.5,119.7,55,105,0.5238095238095238,12.0,64,64,12,265,0,,,,,,,,,,,,,0.06667416542768478,1.0574785470962524,5.666848182678223,29.224348068237305,50.98306655883789,80.47663879394531,113.77420043945312,173.620361328125,276.5639953613281,548.0904541015625,529.1231689453125
1982325N08176,PAMELA,1982,1982-12-07 06:00:00,12.7,124.2,65,65,1.0,0.0,10,0,15,245,0,68.56837463378906,1532.2628173828125,132.85791015625,,,,68.56837463378906,64.21072387695312,59.15904998779297,82.41447448730469,64.21072387695312,69.97402954101562,63.27688217163086,62.88100051879883,65.51830291748047,69.43013763427734,70.64581298828125,68.69710540771484,67.58663177490234,73.060791015625,80.86663055419922,85.72867584228516,85.95375061035156
1982325N08176,PAMELA,1982,1982-12-07 09:00:00,12.4,123.5,58,65,0.8923076923076924,3.0,0,0,16,240,0,45.3653564453125,684.4588012695312,74.7265396118164,,,,45.3653564453125,43.01296615600586,40.75859451293945,69.1532211303711,43.01296615600586,39.8065185546875,40.56480407714844,43.317100524902344,46.102752685546875,49.560577392578125,51.872276306152344,53.397098541259766,59.387916564941406,64.00794982910156,64.80038452148438,66.53846740722656,98.97299194335938
1982325N08176,PAMELA,1982,1982-12-07 12:00:00,12.0,122.7,50,65,0.7692307692307693,6.0,46,0,16,245,0,111.46862030029297,2023.4169921875,273.3011169433594,,,,111.46862030029297,96.17070770263672,85.19549560546875,0.012369987554848194,96.17070770263672,70.6926040649414,61.32157516479492,67.25780487060547,78.3033218383789,87.08392333984375,95.0679931640625,102.5350341796875,108.25251007080078,114.49832916259766,110.60552978515625,99.02842712402344,121.60445404052734
1982325N08176,PAMELA,1982,1982-12-07 15:00:00,11.6,122.0,45,65,0.6923076923076923,9.0,10,10,17,245,0,227.71981811523438,2066.772705078125,328.0251159667969,,,,227.71981811523438,216.55429077148438,203.80142211914062,199.9761199951172,216.55429077148438,223.26339721679688,210.6945343017578,208.47842407226562,203.79994201660156,198.72955322265625,193.70802307128906,186.0394287109375,178.87747192382812,164.3019256591797,140.8637237548828,122.02450561523438,145.8415069580078
1982325N08176,PAMELA,1982,1982-12-07 18:00:00,11.3,121.2,40,65,0.6153846153846154,12.0,86,86,18,245,0,2.724951982498169,254.8435516357422,15.690964698791504,,,,2.724951982498169,2.210801601409912,1.8202604055404663,0.44402655959129333,2.210801601409912,2.74885630607605,2.607633113861084,2.5262954235076904,2.7386651039123535,3.00205397605896,3.0984466075897217,4.552102565765381,17.5894832611084,93.1274185180664,152.782958984375,138.36537170410156,132.30674743652344
1982339N07139,ROGER,1982,1982-12-08 00:00:00,12.3,125.7,50,50,1.0,0.0,24,0,16,295,0,18.6597957611084,182.79879760742188,27.919246673583984,,,,18.6597957611084,17.749114990234375,16.553016662597656,0.1417943239212036,17.749114990234375,40.365806579589844,76.78614044189453,89.75096893310547,100.73808288574219,108.7623291015625,117.02623748779297,122.1562271118164,120.96888732910156,117.97064208984375,109.21480560302734,96.77484893798828,97.21146392822266
1982339N07139,ROGER,1982,1982-12-08 03:00:00,12.7,125.0,53,50,1.06,3.0,22,22,15,295,0,50.634220123291016,425.3366394042969,62.05064392089844,,,,50.634220123291016,48.87724685668945,46.05461120605469,8.530319213867188,48.87724685668945,66.38644409179688,86.14582824707031,92.21643829345703,100.03018188476562,99.8818359375,95.61714172363281,91.76675415039062,89.36450958251953,88.08625793457031,88.26539611816406,90.30194091796875,91.37071990966797
1982339N07139,ROGER,1982,1982-12-08 06:00:00,13.0,124.3,55,50,1.1,6.0,21,10,13,305,0,86.48722076416016,1530.4298095703125,163.6631317138672,,,,86.48722076416016,80.32733917236328,73.7305679321289,16.186561584472656,80.32733917236328,66.64173126220703,59.68989944458008,70.35134887695312,76.31416320800781,82.45697784423828,88.7298583984375,90.76681518554688,90.01063537597656,87.61351776123047,88.14875030517578,83.24552917480469,86.02549743652344
1982339N07139,ROGER,1982,1982-12-08 09:00:00,13.4,123.9,55,50,1.1,9.0,15,0,12,315,0,139.400634765625,2427.83447265625,211.845947265625,,,,139.400634765625,133.10179138183594,125.64993286132812,37.02120590209961,133.10179138183594,124.02118682861328,123.59614562988281,119.7242202758789,112.8349380493164,107.65491485595703,103.0855712890625,98.86929321289062,94.4555892944336,89.0359115600586,83.8802261352539,85.41651153564453,79.30720520019531
1982339N07139,ROGER,1982,1982-12-08 12:00:00,13.8,123.5,55,50,1.1,12.0,0,0,11,310,0,110.44681549072266,1951.078125,204.10101318359375,,,,110.44681549072266,106.07435607910156,100.99425506591797,165.73977661132812,106.07435607910156,103.9781723022461,106.5248031616211,107.76724243164062,111.74982452392578,113.91279602050781,110.30172729492188,108.80619812011719,104.79732513427734,96.13102722167969,92.19285583496094,85.27511596679688,76.64286041259766
1982339N07139,ROGER,1982,1982-12-08 15:00:00,14.1,123.0,58,50,1.16,15.0,0,0,11,305,0,88.75503540039062,1485.041015625,144.696044921875,,,,88.75503540039062,85.62989807128906,82.26817321777344,108.20755767822266,85.62989807128906,83.75004577636719,92.37226867675781,90.22251892089844,88.8187026977539,87.68618774414062,87.92535400390625,86.20698547363281,85.43196868896484,82.6863784790039,80.2698974609375,84.5670394897461,105.7554702758789
1982339N07139,ROGER,1982,1982-12-08 18:00:00,14.4,122.5,60,50,1.2,18.0,22,22,9,305,0,62.40468215942383,971.352294921875,100.16246795654297,,,,62.40468215942383,59.22698974609375,55.183502197265625,48.62811279296875,59.22698974609375,66.37026977539062,63.485443115234375,62.63616943359375,63.73788070678711,64.00151062011719,63.911407470703125,64.44296264648438,67.61410522460938,78.6343765258789,101.42093658447266,120.01253509521484,125.39862060546875
1982339N07139,ROGER,1982,1982-12-08 21:00:00,14.7,122.2,63,50,1.26,21.0,53,39,8,320,0,20.239839553833008,314.7059631347656,39.40956115722656,,,,20.239839553833008,18.47776985168457,16.604005813598633,6.768250465393066,18.47776985168457,16.100149154663086,39.08370590209961,63.79924774169922,82.99664306640625,99.78143310546875,113.05168151855469,125.12049102783203,134.1573486328125,148.1110382080078,150.92616271972656,144.3292999267578,173.3253173828125
1983186N04153,VERA,1983,1983-07-14 09:00:00,13.2,124.0,80,80,1.0,0.0,10,0,11,295,0,105.64065551757812,2427.947509765625,199.79039001464844,,,,105.64065551757812,100.86275482177734,94.19180297851562,83.36113739013672,100.86275482177734,108.44776916503906,109.33102416992188,107.73500061035156,105.87299346923828,106.4299545288086,104.6786880493164,98.80464172363281,93.608154296875,87.39790344238281,83.82612609863281,76.89781188964844,83.90657043457031
1983186N04153,VERA,1983,1983-07-14 12:00:00,13.4,123.4,80,80,1.0,3.0,0,0,11,290,0,132.9407196044922,2426.992431640625,211.60165405273438,,,,132.9407196044922,129.593017578125,125.50524139404297,142.17691040039062,129.593017578125,113.974853515625,101.19188690185547,96.58966064453125,90.87434387207031,88.6707534790039,89.51778411865234,91.5341567993164,93.64138793945312,93.76691436767578,89.5553207397461,82.5842056274414,74.72834777832031
1983186N04153,VERA,1983,1983-07-14 15:00:00,13.6,122.9,78,80,0.975,6.0,0,0,11,290,0,98.60706329345703,1484.3880615234375,147.51071166992188,,,,98.60706329345703,94.68830108642578,90.96978759765625,64.73199462890625,94.68830108642578,97.72776794433594,91.821044921875,92.00297546386719,94.6110610961914,94.79174041748047,92.20545959472656,90.84846496582031,89.42881774902344,87.37661743164062,81.65406799316406,83.28311157226562,94.60258483886719
1983186N04153,VERA,1983,1983-07-14 18:00:00,13.8,122.3,75,80,0.9375,9.0,0,0,11,290,0,58.41625213623047,701.24072265625,82.24126434326172,,,,58.41625213623047,56.21470260620117,53.675838470458984,64.25912475585938,56.21470260620117,77.51161193847656,83.20683288574219,81.78180694580078,80.51191711425781,81.40821838378906,84.19099426269531,88.19852447509766,89.67716979980469,87.51368713378906,91.28623962402344,105.34537506103516,152.4855194091797
1983186N04153,VERA,1983,1983-07-14 21:00:00,14.0,121.8,73,80,0.9125,12.0,0,0,11,290,0,126.4332046508789,2131.1767578125,205.34828186035156,,,,126.4332046508789,121.12841033935547,114.9662094116211,71.54882049560547,121.12841033935547,107.03564453125,112.7479476928711,116.93766021728516,117.52549743652344,115.79838562011719,116.25249481201172,116.05835723876953,117.0206298828125,120.40115356445312,133.42665100097656,162.9880828857422,160.50941467285156
1983186N04153,VERA,1983,1983-07-15 00:00:00,14.2,121.3,70,80,0.875,15.0,0,0,11,295,0,169.35794067382812,2129.887939453125,196.85670471191406,,,,169.35794067382812,169.15658569335938,169.1806640625,134.06529235839844,169.15658569335938,163.88009643554688,161.9384002685547,160.60751342773438,157.50485229492188,154.06971740722656,150.43133544921875,148.4789581298828,146.54696655273438,150.57940673828125,157.144775390625,165.95831298828125,185.45176696777344
1983186N04153,VERA,1983,1983-07-15 03:00:00,14.5,120.8,65,80,0.8125,18.0,11,0,11,295,0,96.66646575927734,1372.320556640625,159.00958251953125,,,,96.66646575927734,94.318115234375,90.91936492919922,13.42977237701416,94.318115234375,103.23902130126953,119.14655303955078,133.48985290527344,148.96202087402344,160.15440368652344,171.55018615722656,174.9612579345703,172.4228515625,164.9815673828125,168.61050415039062,187.7808380126953,218.0511474609375
1983186N04153,VERA,1983,1983-07-15 06:00:00,14.7,120.3,60,80,0.75,21.0,0,0,12,300,0,167.978271484375,1561.117919921875,236.3227081298828,,,,167.978271484375,162.5745391845703,155.90748596191406,158.97903442382812,162.5745391845703,167.97274780273438,148.39695739746094,144.87213134765625,144.75320434570312,146.5106658935547,151.08538818359375,155.13833618164062,156.73377990722656,162.38050842285156,172.3687744140625,176.3623809814453,230.91787719726562
1983186N04153,VERA,1983,1983-07-15 09:00:00,15.1,119.7,60,80,0.75,24.0,39,39,14,300,0,96.37622833251953,1078.7437744140625,169.0664520263672,,,,96.37622833251953,87.31088256835938,77.52864837646484,,87.31088256835938,192.8219451904297,279.15814208984375,309.0406188964844,319.71466064453125,317.63201904296875,304.86572265625,281.7938232421875,257.73016357421875,221.45542907714844,174.92529296875,130.46878051757812,245.79722595214844
1984238N18137,JUNE,1984,1984-08-28 15:00:00,18.1,122.7,50,50,1.0,0.0,47,0,11,285,0,80.48595428466797,627.7852783203125,115.66751098632812,,,,80.48595428466797,69.37129211425781,58.2754020690918,,69.37129211425781,188.92822265625,230.66873168945312,234.16749572753906,246.8588104248047,261.3428039550781,268.0093688964844,261.7590026855469,268.6509094238281,274.4149475097656,239.18197631835938,207.00033569335938,343.13543701171875
1984238N18137,JUNE,1984,1984-08-28 18:00:00,18.3,122.1,45,50,0.9,3.0,0,0,11,290,0,172.43887329101562,1115.2760009765625,210.80128479003906,,,,172.43887329101562,167.6543426513672,161.087646484375,226.33877563476562,167.6543426513672,161.59320068359375,164.98281860351562,164.23365783691406,166.5198974609375,170.85595703125,176.33447265625,182.71372985839844,192.53378295898438,214.41212463378906,268.1035461425781,319.1795959472656,372.4500427246094
1984238N18137,JUNE,1984,1984-08-28 21:00:00,18.5,121.6,45,50,0.9,6.0,11,10,11,290,0,66.04926300048828,1099.25,112.78626251220703,,,,66.04926300048828,62.60386276245117,58.726078033447266,3.4557793140411377,62.60386276245117,125.52679443359375,181.29881286621094,202.4019317626953,218.39645385742188,225.81875610351562,236.196044921875,247.8191680908203,260.0370788574219,280.3429870605469,303.5362548828125,336.0088195800781,378.8651123046875
1984238N18137,JUNE,1984,1984-08-29 00:00:00,18.7,121.0,45,50,0.9,9.0,15,11,11,285,0,285.4538269042969,1824.11669921875,331.4811096191406,,,,285.4538269042969,273.6887512207031,257.4033203125,131.022216796875,273.6887512207031,287.5972595214844,287.1862487792969,283.3600769042969,279.7364501953125,279.8817443847656,279.3282165527344,280.4570007324219,280.3224792480469,285.7561340332031,291.4971923828125,308.9737548828125,391.37957763671875
1984238N18137,JUNE,1984,1984-08-29 03:00:00,18.8,120.5,48,50,0.96,12.0,38,38,10,280,0,147.28408813476562,993.1431884765625,183.9906005859375,,,,147.28408813476562,135.688232421875,122.30359649658203,,135.688232421875,186.91563415527344,246.92132568359375,274.2856750488281,278.75189208984375,272.6621398925781,278.00213623046875,283.77581787109375,293.1628112792969,316.1855163574219,312.73388671875,312.61114501953125,366.4185791015625
1984239N08146,IKE,1984,1984-09-01 15:00:00,9.5,126.2,120,120,1.0,0.0,21,0,13,280,0,121.59090423583984,1156.1365966796875,201.4261474609375,,,,121.59090423583984,113.9004135131836,104.78795623779297,2.4118359088897705,113.9004135131836,158.79141235351562,195.3365936279297,209.12844848632812,213.3313751220703,210.78367614746094,209.23251342773438,202.57066345214844,193.76553344726562,178.57371520996094,163.68496704101562,157.52198791503906,237.83889770507812
1984239N08146,IKE,1984,1984-09-01 18:00:00,9.7,125.5,115,120,0.9583333333333334,3.0,0,0,14,285,0,141.62466430664062,1729.4276123046875,233.0142822265625,,,,141.62466430664062,134.20314025878906,126.18692779541016,73.05789184570312,134.20314025878906,150.9569854736328,149.13980102539062,150.7238311767578,153.4102020263672,155.4200897216797,158.1521759033203,162.8223419189453,164.42811584472656,169.52438354492188,190.53684997558594,207.56918334960938,225.26968383789062
1984239N08146,IKE,1984,1984-09-01 21:00:00,9.8,124.9,105,120,0.875,6.0,24,0,14,280,0,86.06378936767578,829.06201171875,136.10079956054688,,,,86.06378936767578,79.34087371826172,72.08866119384766,5.17242431640625,79.34087371826172,84.84000396728516,96.13131713867188,108.874755859375,113.76653289794922,116.19580078125,117.9896240234375,118.88748168945312,121.9427261352539,139.66009521484375,157.5745086669922,185.95306396484375,218.1143341064453
1984239N08146,IKE,1984,1984-09-02 00:00:00,10.0,124.2,95,120,0.7916666666666666,9.0,0,0,13,285,0,97.25284576416016,862.0113525390625,139.46240234375,,,,97.25284576416016,94.71218872070312,91.95966339111328,97.60279846191406,94.71218872070312,92.86927032470703,103.8314208984375,106.68537139892578,107.81593322753906,111.79129028320312,116.73267364501953,119.41156005859375,117.85885620117188,124.34620666503906,145.04888916015625,167.26663208007812,173.93670654296875
1984239N08146,IKE,1984,1984-09-02 03:00:00,10.1,123.6,85,120,0.7083333333333334,12.0,0,0,12,285,0,163.2767791748047,1026.98583984375,213.8782196044922,,,,163.2767791748047,155.0948486328125,145.97796630859375,132.81385803222656,155.0948486328125,180.75657653808594,205.61758422851562,210.0580596923828,207.95657348632812,200.01812744140625,193.9009552001953,188.95950317382812,183.54393005371094,177.80416870117188,167.3219757080078,146.4821014404297,154.53761291503906
1984239N08146,IKE,1984,1984-09-02 06:00:00,10.3,123.0,75,120,0.625,15.0,0,0,11,290,0,261.3793640136719,2413.60986328125,330.1952819824219,,,,261.3793640136719,254.22021484375,245.9723358154297,233.7290802001953,254.22021484375,234.48184204101562,212.24327087402344,204.93212890625,197.16384887695312,191.00250244140625,186.66116333007812,183.85577392578125,180.25674438476562,181.35743713378906,180.2455596923828,168.50537109375,147.43856811523438
1984239N08146,IKE,1984,1984-09-02 09:00:00,10.5,122.5,70,120,0.5833333333333334,18.0,22,0,11,295,0,85.4466781616211,1343.970458984375,175.58859252929688,,,,85.4466781616211,80.80192565917969,75.67434692382812,32.6570930480957,80.80192565917969,106.63947296142578,131.2978057861328,153.1958770751953,175.5540313720703,197.67213439941406,212.9259033203125,216.69895935058594,213.5032196044922,206.44735717773438,189.1473388671875,184.38815307617188,152.64329528808594
1984239N08146,IKE,1984,1984-09-02 12:00:00,10.8,122.0,65,120,0.5416666666666666,21.0,0,0,11,300,0,271.0464172363281,1923.0887451171875,318.3228454589844,,,,271.0464172363281,263.14422607421875,250.10614013671875,220.80674743652344,263.14422607421875,272.0339050292969,258.4118347167969,247.78460693359375,232.06837463378906,217.20677185058594,207.310546875,198.37359619140625,186.0995635986328,157.6386260986328,138.16574096679688,165.09596252441406,152.2034149169922
1984239N08146,IKE,1984,1984-09-02 15:00:00,11.1,121.5,60,120,0.5,24.0,55,55,11,305,0,0.9663528800010681,147.58724975585938,8.236416816711426,,,,0.9663528800010681,0.7370120286941528,0.5601248145103455,,0.7370120286941528,4.347654819488525,44.8610725402832,79.36222076416016,141.72506713867188,198.9248504638672,216.61199951171875,218.59625244140625,216.58030700683594,195.4228515625,163.7139129638672,129.02035522460938,135.1771240234375
1984302N00149,AGNES,1984,1984-11-04 18:00:00,11.2,125.8,120,120,1.0,0.0,15,0,17,280,0,53.492435455322266,637.997802734375,86.8422622680664,,,,53.492435455322266,49.63079833984375,45.48222732543945,7.8286285400390625,49.63079833984375,68.63617706298828,85.05810546875,93.12947845458984,101.35826110839844,103.12376403808594,99.8850326538086,96.57255554199219,93.97978210449219,95.43587493896484,125.67539978027344,118.27064514160156,98.22491455078125
1984302N00149,AGNES,1984,1984-11-04 21:00:00,11.3,124.9,110,120,0.9166666666666666,3.0,0,0,18,280,0,136.88531494140625,1294.4737548828125,192.50372314453125,,,,136.88531494140625,134.14732360839844,131.3408203125,46.301692962646484,134.14732360839844,140.51034545898438,133.4154510498047,127.14909362792969,123.15644836425781,123.85008239746094,123.75062561035156,123.15401458740234,122.4084243774414,115.54998779296875,108.49476623535156,96.97804260253906,97.09263610839844
1984302N00149,AGNES,1984,1984-11-05 00:00:00,11.5,124.0,100,120,0.8333333333333334,6.0,24,10,17,275,0,25.144882202148438,1047.5184326171875,69.62622833251953,,,,25.144882202148438,22.270618438720703,19.356204986572266,0.7028859853744507,22.270618438720703,46.53262710571289,47.974910736083984,48.516300201416016,50.628997802734375,53.014095306396484,55.41755676269531,57.38800048828125,59.26544189453125,67.24568939208984,84.81916809082031,103.43830108642578,114.07230377197266
1984302N00149,AGNES,1984,1984-11-05 03:00:00,11.5,123.2,93,120,0.775,9.0,10,0,16,275,0,41.15460968017578,786.2845458984375,77.62617492675781,,,,41.15460968017578,38.48196029663086,35.207855224609375,26.16737937927246,38.48196029663086,39.51573181152344,35.92530059814453,37.888973236083984,41.82854461669922,47.025787353515625,52.70402908325195,62.386348724365234,73.62604522705078,94.6917495727539,126.78492736816406,126.38164520263672,117.68305206298828
1984302N00149,AGNES,1984,1984-11-05 06:00:00,11.6,122.4,85,120,0.7083333333333334,12.0,0,0,15,275,0,202.19248962402344,2077.115478515625,302.4034729003906,,,,202.19248962402344,197.38131713867188,192.6851043701172,92.22323608398438,197.38131713867188,201.65310668945312,192.65771484375,188.87521362304688,182.00701904296875,173.90367126464844,168.60096740722656,165.3756561279297,156.16932678222656,140.9254150390625,127.60704040527344,124.33684539794922,132.72877502441406
1984302N00149,AGNES,1984,1984-11-05 09:00:00,11.7,121.6,78,120,0.65,15.0,24,24,15,275,0,59.59095764160156,866.01123046875,140.89112854003906,,,,59.59095764160156,51.86116409301758,43.40518569946289,6.00766134262085,51.86116409301758,51.53181076049805,98.48504638671875,114.27557373046875,124.0677490234375,133.11083984375,140.88893127441406,145.24610900878906,150.962158203125,162.49447631835938,170.05453491210938,175.428955078125,147.5734405517578
1984302N00149,AGNES,1984,1984-11-05 12:00:00,11.8,120.9,70,120,0.5833333333333334,18.0,49,49,15,275,0,6.711300849914551,257.7348327636719,23.79269790649414,,,,6.711300849914551,5.471134185791016,4.233714580535889,,5.471134185791016,8.545928955078125,12.280768394470215,21.417753219604492,30.239051818847656,35.57627487182617,42.715972900390625,48.834354400634766,62.263404846191406,87.47731018066406,118.0858154296875,147.88787841796875,164.4320526123047
1985240N08148,TESS,1985,1985-09-03 03:00:00,16.1,122.5,68,68,1.0,0.0,33,0,9,320,0,34.59992218017578,612.6611328125,67.00585174560547,,,,34.59992218017578,31.212343215942383,27.8969783782959,,31.212343215942383,177.4344940185547,362.4057922363281,410.7295837402344,428.3848876953125,420.9500732421875,406.1949462890625,382.8347473144531,367.9056701660156,349.38525390625,346.1596984863281,357.2391052246094,422.1388854980469
1985240N08148,TESS,1985,1985-09-03 06:00:00,16.5,122.2,70,68,1.0294117647058822,3.0,0,0,11,315,0,391.05828857421875,1802.587158203125,347.36376953125,,,,391.05828857421875,387.1216735839844,381.1753845214844,480.33062744140625,387.1216735839844,335.7128601074219,308.73114013671875,300.8934326171875,300.2696838378906,304.194580078125,313.515625,320.1604309082031,326.32574462890625,344.4142150878906,384.5862731933594,490.82598876953125,449.59820556640625
1985240N08148,TESS,1985,1985-09-03 09:00:00,16.9,121.8,53,68,0.7794117647058824,6.0,0,0,12,305,0,203.6465606689453,1556.8214111328125,214.2246551513672,,,,203.6465606689453,201.55316162109375,199.03201293945312,67.44853973388672,201.55316162109375,287.9127197265625,330.693603515625,347.9246826171875,368.23065185546875,387.91937255859375,409.61077880859375,437.35467529296875,467.5864562988281,518.8081665039062,552.0440063476562,519.95361328125,430.4656677246094
1985240N08148,TESS,1985,1985-09-03 12:00:00,17.2,121.2,35,68,0.5147058823529411,9.0,0,0,13,295,0,844.2020874023438,2655.4072265625,591.37109375,,,,844.2020874023438,846.383544921875,849.2274780273438,1040.6475830078125,846.383544921875,743.6771240234375,671.4759521484375,637.3004760742188,604.8345947265625,579.768798828125,568.1089477539062,562.0260620117188,553.5560302734375,535.184326171875,524.3180541992188,480.74139404296875,412.6103820800781
1985240N08148,TESS,1985,1985-09-03 15:00:00,17.4,120.5,38,68,0.5588235294117647,12.0,0,0,14,285,0,402.688720703125,2431.30322265625,439.42047119140625,,,,402.688720703125,395.1752014160156,386.5614013671875,164.2950439453125,395.1752014160156,525.3156127929688,614.1594848632812,662.4146118164062,695.7766723632812,715.2774658203125,718.9862670898438,708.9171142578125,697.3303833007812,671.8282470703125,615.8771362304688,499.8347473144531,436.7431335449219
1985240N08148,TESS,1985,1985-09-03 18:00:00,17.6,119.8,40,68,0.5882352941176471,15.0,53,53,14,285,0,,,,,,,,,,,,0.19477295875549316,6.329381942749023,37.42938995361328,60.32568359375,94.75688171386719,117.7546157836914,145.37387084960938,161.39866638183594,213.19387817382812,356.4739074707031,607.620361328125,507.8310852050781
1985284N05159,DOT,1985,1985-10-18 15:00:00,15.3,121.6,98,98,1.0,0.0,21,0,15,285,0,365.818115234375,1862.34912109375,337.25299072265625,,,,365.818115234375,353.7789001464844,342.2346496582031,82.80352783203125,353.7789001464844,315.862060546875,290.5310974121094,279.26177978515625,273.4172668457031,269.4734191894531,265.67767333984375,260.900634765625,257.48760986328125,258.79559326171875,259.9332580566406,275.0717468261719,295.22576904296875
1985284N05159,DOT,1985,1985-10-18 18:00:00,15.5,120.9,85,98,0.8673469387755102,3.0,0,0,15,280,0,129.16302490234375,1836.3790283203125,197.1058349609375,,,,129.16302490234375,127.82770538330078,126.28074645996094,34.28413009643555,127.82770538330078,178.35360717773438,219.6704559326172,240.46229553222656,261.46484375,277.1410827636719,290.7465515136719,302.84039306640625,310.1504821777344,322.40582275390625,325.64984130859375,329.24737548828125,341.00091552734375
1985284N05159,DOT,1985,1985-10-18 21:00:00,15.5,120.1,75,98,0.7653061224489796,6.0,0,0,15,275,0,299.6092834472656,2012.9296875,341.17132568359375,,,,299.6092834472656,297.33282470703125,294.74615478515625,519.8300170898438,297.33282470703125,252.8645477294922,211.36593627929688,195.63819885253906,181.00714111328125,167.39996337890625,158.13845825195312,153.02322387695312,152.05625915527344,167.53138732910156,209.17689514160156,297.9803771972656,348.89227294921875
1985284N05159,DOT,1985,1985-10-19 00:00:00,15.6,119.4,65,98,0.6632653061224489,9.0,54,54,11,280,0,0.4713684022426605,34.76738739013672,2.52573561668396,,,,0.4713684022426605,0.41165003180503845,0.3461100459098816,,0.41165003180503845,2.7387535572052,62.837669372558594,104.6984634399414,159.19419860839844,215.7277374267578,249.59190368652344,249.6885528564453,238.18124389648438,217.02182006835938,208.10626220703125,175.00289916992188,290.4066162109375
1986179N11175,PEGGY,1986,1986-07-08 21:00:00,17.9,122.4,95,95,1.0,0.0,30,0,7,280,0,386.4433898925781,1775.407958984375,353.4998779296875,,,,386.4433898925781,374.41143798828125,360.47381591796875,14.121338844299316,374.41143798828125,336.3485107421875,308.9627380371094,295.2664794921875,280.1148376464844,265.3409729003906,251.6372833251953,238.46340942382812,228.04434204101562,216.09597778320312,216.67100524902344,291.0268249511719,395.1141662597656
1986179N11175,PEGGY,1986,1986-07-09 00:00:00,17.9,122.0,90,95,0.9473684210526316,3.0,0,0,7,285,0,246.80929565429688,1778.3538818359375,311.46429443359375,,,,246.80929565429688,243.5429229736328,240.4746551513672,318.796875,243.5429229736328,225.41497802734375,217.93882751464844,214.94911193847656,215.888427734375,222.25112915039062,232.3234405517578,244.77259826660156,261.3211364746094,295.6176452636719,353.3227233886719,386.5381164550781,428.1678771972656
1986179N11175,PEGGY,1986,1986-07-09 03:00:00,18.0,121.7,88,95,0.9263157894736842,6.0,0,0,7,285,0,169.89820861816406,1777.7451171875,228.80422973632812,,,,169.89820861816406,168.0272216796875,166.25830078125,70.93339538574219,168.0272216796875,206.25772094726562,246.17576599121094,270.5340881347656,296.7164306640625,322.46697998046875,344.7086181640625,359.4188537597656,366.1080017089844,369.88568115234375,376.18988037109375,378.4811706542969,435.62261962890625
1986179N11175,PEGGY,1986,1986-07-09 06:00:00,18.1,121.3,85,95,0.8947368421052632,9.0,0,0,7,300,0,372.8793029785156,2332.91015625,395.2639465332031,,,,372.8793029785156,370.9810485839844,368.49859619140625,307.4557189941406,370.9810485839844,374.1519775390625,360.9675598144531,359.7316589355469,356.34051513671875,355.0773620605469,357.1988220214844,361.2860412597656,365.6416320800781,370.3975830078125,384.88580322265625,396.7372131347656,434.10528564453125
1986179N11175,PEGGY,1986,1986-07-09 09:00:00,18.3,121.0,83,95,0.8736842105263158,12.0,0,0,7,310,0,379.9580383300781,2335.120849609375,383.9591064453125,,,,379.9580383300781,375.9973449707031,371.6893615722656,665.3753662109375,375.9973449707031,364.1351013183594,357.6050109863281,355.27130126953125,350.956298828125,345.73309326171875,342.3376770019531,339.6044006347656,340.6654052734375,341.6637878417969,358.521484375,389.80426025390625,424.1869812011719
1986179N11175,PEGGY,1986,1986-07-09 12:00:00,18.6,120.7,80,95,0.8421052631578947,15.0,10,10,7,310,0,331.1343688964844,1828.209228515625,349.7978210449219,,,,331.1343688964844,322.9808349609375,311.3641357421875,184.14013671875,322.9808349609375,328.2923278808594,326.3677673339844,330.8673400878906,330.4063415527344,325.6866455078125,325.4599609375,327.14862060546875,330.5332946777344,326.3320007324219,323.0894775390625,335.25323486328125,409.19122314453125
1986179N11175,PEGGY,1986,1986-07-09 15:00:00,18.8,120.4,78,95,0.8210526315789474,18.0,47,47,7,310,0,65.91638946533203,470.32269287109375,95.83082580566406,,,,65.91638946533203,58.0203742980957,51.05974578857422,,58.0203742980957,144.85374450683594,193.92874145507812,222.05349731445312,252.21644592285156,272.27386474609375,274.8934020996094,276.6009521484375,282.9088439941406,315.8653869628906,321.5209045410156,315.34735107421875,365.3999328613281
1986276N07177,ELLEN,1986,1986-10-11 03:00:00,11.0,126.0,45,45,1.0,0.0,21,0,14,285,0,13.505834579467773,367.43878173828125,39.30731964111328,,,,13.505834579467773,11.987128257751465,10.654634475708008,1.8166983127593994,11.987128257751465,15.21590805053711,32.21957778930664,38.80501174926758,51.46556091308594,64.26473236083984,72.69721221923828,76.76141357421875,80.8692855834961,89.04867553710938,100.2142105102539,113.09952545166016,112.69506072998047
1986276N07177,ELLEN,1986,1986-10-11 06:00:00,11.2,125.3,45,45,1.0,3.0,0,0,15,285,0,99.14678192138672,701.4479370117188,126.9221420288086,,,,99.14678192138672,96.48316955566406,93.71217346191406,146.74961853027344,96.48316955566406,104.95909118652344,125.32601165771484,128.98159790039062,126.3743667602539,125.80856323242188,127.58486938476562,129.83265686035156,129.2612762451172,123.71045684814453,118.24266052246094,104.54576873779297,93.06266021728516
1986276N07177,ELLEN,1986,1986-10-11 09:00:00,11.4,124.6,45,45,1.0,6.0,10,0,15,290,0,112.9434585571289,1330.23583984375,198.55052185058594,,,,112.9434585571289,109.80540466308594,106.31956481933594,121.16215515136719,109.80540466308594,98.48909759521484,101.6696548461914,104.45784759521484,107.12281799316406,109.70724487304688,111.6041488647461,113.16167449951172,113.09298706054688,112.71528625488281,106.5496597290039,92.5708999633789,102.0138168334961
1986276N07177,ELLEN,1986,1986-10-11 12:00:00,11.6,123.9,45,45,1.0,9.0,24,22,14,290,0,13.542634010314941,755.0792236328125,29.880828857421875,,,,13.542634010314941,12.062088966369629,10.28563404083252,2.891136646270752,12.062088966369629,24.25508689880371,39.57014846801758,42.95259094238281,42.21971893310547,40.47970199584961,41.523597717285156,45.4377555847168,50.281494140625,59.707576751708984,74.57691192626953,96.15247344970703,116.04784393310547
1986276N07177,ELLEN,1986,1986-10-11 15:00:00,11.8,123.2,43,45,0.9555555555555556,12.0,35,0,13,290,0,17.28325843811035,708.9226684570312,48.74715805053711,,,,17.28325843811035,15.529948234558105,13.550881385803223,7.357275485992432,15.529948234558105,23.368497848510742,34.95429611206055,39.48297119140625,40.7833137512207,42.2920036315918,43.99725341796875,44.69843292236328,47.15940856933594,55.06734085083008,84.44483947753906,109.25985717773438,112.06172180175781
1986287N09141,GEORGIA,1986,1986-10-18 15:00:00,12.2,125.7,53,53,1.0,0.0,21,0,11,285,0,18.91013526916504,206.0176544189453,27.762575149536133,,,,18.91013526916504,18.001224517822266,17.040790557861328,0.6852375268936157,18.001224517822266,50.99044418334961,94.80667114257812,107.32611083984375,114.73395538330078,125.12232971191406,127.32056427001953,124.6033935546875,122.52501678466797,117.96936798095703,104.6719970703125,97.5277328491211,97.31268310546875
1986287N09141,GEORGIA,1986,1986-10-18 18:00:00,12.3,125.2,55,53,1.0377358490566038,3.0,0,0,11,285,0,108.8749008178711,820.4053955078125,130.85696411132812,,,,108.8749008178711,107.15636444091797,105.224609375,96.36627197265625,107.15636444091797,106.44912719726562,105.13043212890625,104.53485107421875,104.68614196777344,106.1798095703125,106.01179504394531,103.48789978027344,100.71078491210938,100.93548583984375,98.54235076904297,94.56379699707031,90.69551086425781
1986287N09141,GEORGIA,1986,1986-10-18 21:00:00,12.4,124.7,53,53,1.0,6.0,0,0,11,285,0,90.50896453857422,819.1947021484375,112.013427734375,,,,90.50896453857422,88.36453247070312,85.94115447998047,86.56316375732422,88.36453247070312,92.57318115234375,91.15717315673828,88.74142456054688,87.75494384765625,86.71907806396484,87.54286193847656,87.56964874267578,87.23956298828125,86.06832885742188,83.55842590332031,88.04267120361328,87.22936248779297
1986287N09141,GEORGIA,1986,1986-10-19 00:00:00,12.6,124.1,50,53,0.9433962264150944,9.0,0,0,12,285,0,59.34648132324219,1528.91015625,114.21104431152344,,,,59.34648132324219,55.441062927246094,51.49787139892578,80.93585968017578,55.441062927246094,66.43611145019531,65.16011047363281,64.35992431640625,63.44727325439453,64.09774780273438,65.27103424072266,64.52481079101562,64.0545425415039,66.75575256347656,77.08578491210938,84.47107696533203,84.99739074707031
1986287N09141,GEORGIA,1986,1986-10-19 03:00:00,12.7,123.5,45,53,0.8490566037735849,12.0,24,22,13,280,0,54.12369918823242,806.1942138671875,76.81444549560547,,,,54.12369918823242,50.94668960571289,47.33462905883789,22.11781883239746,50.94668960571289,64.46556854248047,75.04185485839844,71.03682708740234,69.75827026367188,69.46771240234375,68.29625701904297,67.29429626464844,65.5129165649414,73.0250473022461,77.73251342773438,75.24838256835938,80.58245849609375
1986287N09141,GEORGIA,1986,1986-10-19 06:00:00,12.8,122.8,40,53,0.7547169811320755,15.0,46,33,14,280,0,63.737831115722656,2025.611328125,180.5589141845703,,,,63.737831115722656,57.36363983154297,50.458091735839844,,57.36363983154297,78.38799285888672,66.87887573242188,65.04752349853516,66.62653350830078,66.4815902709961,67.9744644165039,67.37411499023438,66.26063537597656,73.2227554321289,81.61531829833984,79.04623413085938,117.15332794189453
1986309N07162,IDA,1986,1986-11-12 15:00:00,10.2,125.7,43,43,1.0,0.0,45,0,15,310,0,46.19363021850586,912.8236694335938,104.8173599243164,,,,46.19363021850586,43.39179611206055,39.602447509765625,106.21768188476562,43.39179611206055,49.65303421020508,57.18313217163086,63.703269958496094,71.5480728149414,83.50109100341797,94.81723022460938,103.1200180053711,109.8219985961914,119.94557189941406,136.5362548828125,137.82798767089844,165.93995666503906
1986309N07162,IDA,1986,1986-11-12 18:00:00,10.7,125.1,40,43,0.9302325581395348,3.0,10,0,17,310,0,181.8705596923828,1296.5562744140625,222.20272827148438,,,,181.8705596923828,176.76495361328125,170.33152770996094,149.3000030517578,176.76495361328125,154.4784393310547,139.22970581054688,134.76832580566406,128.7191619873047,121.39485931396484,114.95378112792969,111.05752563476562,108.33586120605469,104.96762084960938,102.37046813964844,106.44501495361328,116.80205535888672
1986309N07162,IDA,1986,1986-11-12 21:00:00,11.3,124.4,38,43,0.8837209302325582,6.0,0,0,18,310,0,121.86758422851562,1332.432373046875,203.3718719482422,,,,121.86758422851562,115.23673248291016,109.27623748779297,68.18440246582031,115.23673248291016,106.97956848144531,90.11013793945312,84.8284683227539,81.19689178466797,79.6103744506836,82.65007019042969,88.57007598876953,95.2291259765625,107.21925354003906,109.79232025146484,99.64087677001953,102.25178527832031
1986309N07162,IDA,1986,1986-11-13 00:00:00,11.9,123.6,35,43,0.813953488372093,9.0,10,0,19,305,0,37.68551254272461,575.9872436523438,64.2155532836914,,,,37.68551254272461,36.23248291015625,34.37683868408203,4.446472644805908,36.23248291015625,36.86623764038086,33.602298736572266,31.228363037109375,30.961400985717773,29.87576675415039,30.105953216552734,31.142732620239258,36.37168502807617,45.89850997924805,51.627403259277344,76.80702209472656,114.79812622070312
1986309N07162,IDA,1986,1986-11-13 03:00:00,12.3,122.8,33,43,0.7674418604651163,12.0,44,44,18,300,0,152.4963836669922,2022.2203369140625,291.0728454589844,,,,152.4963836669922,141.2955322265625,126.03224182128906,163.5514678955078,141.2955322265625,91.51287078857422,73.46070861816406,68.96597290039062,63.107669830322266,61.72287368774414,55.78152847290039,51.506019592285156,52.754940032958984,59.207794189453125,73.99986267089844,93.76039123535156,119.06791687011719
1986343N05176,MARGE,1986,1986-12-21 09:00:00,9.5,126.2,78,78,1.0,0.0,21,0,15,285,0,121.59090423583984,1156.1365966796875,201.4261474609375,,,,121.59090423583984,113.9004135131836,104.78795623779297,2.4118359088897705,113.9004135131836,158.79141235351562,195.3365936279297,209.12844848632812,213.3313751220703,210.78367614746094,209.23251342773438,202.57066345214844,193.76553344726562,178.57371520996094,163.68496704101562,157.52198791503906,237.83889770507812
1986343N05176,MARGE,1986,1986-12-21 12:00:00,9.7,125.4,75,78,0.9615384615384616,3.0,0,0,15,285,0,110.48565673828125,1259.959716796875,178.77171325683594,,,,110.48565673828125,104.20565032958984,97.66796875,92.63960266113281,104.20565032958984,144.13633728027344,148.39761352539062,151.3951416015625,151.67428588867188,151.392578125,152.5831298828125,157.1588592529297,161.26321411132812,173.3594512939453,193.7722625732422,208.61045837402344,227.9810333251953
1986343N05176,MARGE,1986,1986-12-21 15:00:00,9.9,124.7,68,78,0.8717948717948718,6.0,10,0,15,280,0,97.24073028564453,860.5711669921875,152.31790161132812,,,,97.24073028564453,92.76405334472656,87.20406341552734,36.71459197998047,92.76405334472656,101.62034606933594,113.92839050292969,122.3697509765625,126.13806915283203,123.65526580810547,117.74810028076172,111.71487426757812,105.99879455566406,104.43734741210938,127.2832260131836,166.0146942138672,214.7397003173828
1986343N05176,MARGE,1986,1986-12-21 18:00:00,10.0,123.9,60,78,0.7692307692307693,9.0,10,0,15,280,0,126.12814331054688,930.8773803710938,153.25369262695312,,,,126.12814331054688,122.37369537353516,117.88052368164062,63.992408752441406,122.37369537353516,131.30648803710938,129.22161865234375,126.10514831542969,127.41890716552734,133.23611450195312,141.79541015625,153.6859893798828,163.0091094970703,171.90794372558594,174.918212890625,163.7855682373047,155.5506134033203
1986343N05176,MARGE,1986,1986-12-21 21:00:00,10.1,123.1,55,78,0.7051282051282052,12.0,0,0,15,280,0,261.1750183105469,2419.03466796875,300.87042236328125,,,,261.1750183105469,254.7415313720703,245.92979431152344,324.74005126953125,254.7415313720703,245.70018005371094,240.112548828125,235.46682739257812,228.36355590820312,221.51370239257812,212.294189453125,203.21180725097656,196.3537139892578,180.7186279296875,169.0411376953125,166.52513122558594,154.89889526367188
1986343N05176,MARGE,1986,1986-12-22 00:00:00,10.2,122.4,50,78,0.6410256410256411,15.0,35,11,13,280,0,81.19630432128906,586.3797607421875,116.59040069580078,,,,81.19630432128906,75.68827819824219,69.1689453125,0.00032630233909003437,75.68827819824219,80.15040588378906,113.77417755126953,134.8849334716797,155.3064422607422,175.0374298095703,190.41085815429688,198.48362731933594,202.51889038085938,208.64718627929688,214.9834747314453,199.836181640625,160.6502227783203
1986343N05176,MARGE,1986,1986-12-22 03:00:00,10.3,121.9,45,78,0.5769230769230769,18.0,11,11,11,280,0,102.21434783935547,1009.7618408203125,140.8150177001953,,,,102.21434783935547,94.69036102294922,87.31645965576172,48.96059036254883,94.69036102294922,111.75264739990234,137.9304656982422,142.91807556152344,146.58245849609375,152.53778076171875,157.0859832763672,160.47337341308594,163.3426055908203,164.4333038330078,166.84095764160156,196.4179229736328,169.76907348632812
1986343N05176,MARGE,1986,1986-12-22 06:00:00,10.4,121.3,40,78,0.5128205128205128,21.0,65,65,11,280,0,0.334065318107605,62.09070587158203,3.3913753032684326,,,,0.334065318107605,0.26364865899086,0.20668157935142517,,0.26364865899086,5.234985828399658,4.796442031860352,10.298835754394531,15.362174034118652,20.785219192504883,27.430688858032227,35.04781723022461,45.14143753051758,72.3014907836914,110.98918914794922,166.1370391845703,128.06886291503906
1986353N03178,NORRIS,1986,1986-12-31 09:00:00,10.3,125.7,45,45,1.0,0.0,43,0,17,280,0,54.650691986083984,912.4426879882812,112.97598266601562,,,,54.650691986083984,51.111122131347656,46.474246978759766,86.41026306152344,51.111122131347656,47.046382904052734,62.00016403198242,66.97503662109375,69.1781234741211,75.53378295898438,81.1488265991211,87.93174743652344,94.31239318847656,105.6412124633789,124.71733093261719,136.904052734375,156.2448272705078
1986353N03178,NORRIS,1986,1986-12-31 12:00:00,10.4,124.8,40,45,0.8888888888888888,3.0,0,0,18,280,0,147.58334350585938,1186.2672119140625,200.01734924316406,,,,147.58334350585938,142.60137939453125,135.9104461669922,175.41876220703125,142.60137939453125,121.19151306152344,115.15662384033203,116.08260345458984,115.86408996582031,114.09449768066406,112.5455093383789,114.03269958496094,114.3759536743164,116.29866790771484,110.6077880859375,105.85615539550781,153.96392822265625
1986353N03178,NORRIS,1986,1986-12-31 15:00:00,10.5,123.9,38,45,0.8444444444444444,6.0,0,0,19,275,0,117.73014068603516,973.1510620117188,165.45040893554688,,,,117.73014068603516,111.90888214111328,106.8216552734375,205.56915283203125,111.90888214111328,94.4832763671875,100.48611450195312,110.74826049804688,125.55099487304688,138.2769012451172,143.05665588378906,143.42742919921875,143.22067260742188,146.8007354736328,149.44505310058594,136.2362518310547,135.95924377441406
1986353N03178,NORRIS,1986,1986-12-31 18:00:00,10.6,122.9,35,45,0.7777777777777778,9.0,0,0,20,275,0,180.80870056152344,2406.9111328125,306.2826232910156,,,,180.80870056152344,175.93862915039062,171.64488220214844,54.85866165161133,175.93862915039062,167.5740509033203,161.34466552734375,162.13082885742188,167.38177490234375,173.2250518798828,176.18821716308594,178.34422302246094,180.4300537109375,182.0606689453125,179.7844696044922,168.79266357421875,143.0337677001953
1986353N03178,NORRIS,1986,1986-12-31 21:00:00,10.7,121.9,33,45,0.7333333333333333,12.0,10,10,21,275,0,207.12571716308594,1344.4462890625,258.20257568359375,,,,207.12571716308594,199.318359375,189.492431640625,113.1438980102539,199.318359375,233.45179748535156,257.4986877441406,253.66127014160156,248.86065673828125,241.18226623535156,227.3284912109375,213.1294708251953,200.56483459472656,177.8910675048828,144.5365753173828,160.21270751953125,153.03416442871094
1986353N03178,NORRIS,1986,1987-01-01 00:00:00,10.8,120.8,30,45,0.6666666666666666,15.0,120,32,20,280,0,3.021406888961792,243.8066864013672,14.185531616210938,,,,3.021406888961792,2.4654619693756104,1.9921785593032837,1.3107064962387085,2.4654619693756104,2.3632171154022217,2.381258487701416,2.470400810241699,2.4057044982910156,2.309413194656372,2.2423267364501953,2.3152010440826416,2.858311653137207,3.7253432273864746,3.8299410343170166,38.074459075927734,98.16558837890625
1986353N03178,NORRIS,1986,1987-01-01 03:00:00,11.0,119.8,28,45,0.6222222222222222,18.0,21,0,19,285,0,36.25685119628906,641.3006591796875,72.71062469482422,,,,36.25685119628906,34.74814987182617,32.51351547241211,6.538413047790527,34.74814987182617,32.41371536254883,32.186561584472656,32.74921417236328,33.157676696777344,33.19507598876953,33.391441345214844,33.43977355957031,33.083473205566406,33.436344146728516,42.593997955322266,50.39046096801758,52.79646682739258
1986353N03178,NORRIS,1986,1987-01-01 06:00:00,11.3,119.0,25,45,0.5555555555555556,21.0,45,45,18,295,0,21.287263870239258,575.0562744140625,54.04441833496094,,,,21.287263870239258,18.791446685791016,16.188451766967773,,18.791446685791016,49.32588577270508,47.23250961303711,41.3348503112793,38.08684158325195,36.2135009765625,34.82948684692383,35.027896881103516,37.327754974365234,41.48307418823242,48.25529479980469,59.31046676635742,62.8798828125
1987219N08134,BETTY,1987,1987-08-12 00:00:00,12.4,125.5,135,135,1.0,0.0,21,0,11,280,0,57.9560432434082,593.0471801757812,89.67770385742188,,,,57.9560432434082,56.04682540893555,53.75453567504883,13.542821884155273,56.04682540893555,76.65679168701172,96.1274642944336,101.9487533569336,107.65416717529297,112.29851531982422,114.51214599609375,114.63066864013672,112.60112762451172,106.84056854248047,106.25083923339844,97.56661987304688,92.96611785888672
1987219N08134,BETTY,1987,1987-08-12 03:00:00,12.5,124.9,130,135,0.9629629629629628,3.0,0,0,12,280,0,96.1857681274414,815.2151489257812,110.99481201171875,,,,96.1857681274414,94.03431701660156,91.40878295898438,46.29776382446289,94.03431701660156,104.72956085205078,100.30619812011719,97.3896484375,94.42110443115234,90.2542724609375,86.8396224975586,87.21090698242188,88.67477416992188,91.77232360839844,90.42599487304688,85.74526977539062,88.5399169921875
1987219N08134,BETTY,1987,1987-08-12 06:00:00,12.6,124.3,125,135,0.925925925925926,6.0,15,0,13,280,0,75.13980865478516,1532.0087890625,126.28315734863281,,,,75.13980865478516,71.5603256225586,67.08277130126953,26.447233200073242,71.5603256225586,67.5627670288086,69.04917907714844,67.42225646972656,64.79974365234375,63.000675201416016,62.707157135009766,64.72371673583984,67.9499282836914,74.40995025634766,82.65930938720703,83.37242889404297,87.14104461669922
1987219N08134,BETTY,1987,1987-08-12 09:00:00,12.7,123.6,123,135,0.9111111111111112,9.0,15,15,14,280,0,65.11988067626953,1519.3319091796875,101.20008087158203,,,,65.11988067626953,61.15483474731445,56.94475173950195,25.679349899291992,61.15483474731445,73.69367980957031,71.8162612915039,69.02445983886719,68.50215148925781,68.0258560180664,66.92973327636719,66.80836486816406,65.96588897705078,69.17313385009766,76.906982421875,76.26614379882812,79.72174835205078
1987219N08134,BETTY,1987,1987-08-12 12:00:00,12.9,122.9,120,135,0.8888888888888888,12.0,39,22,14,285,0,24.75667953491211,413.85418701171875,49.32771301269531,,,,24.75667953491211,21.955297470092773,19.02696990966797,27.18490982055664,21.955297470092773,40.41473388671875,72.77494812011719,71.40637969970703,68.23617553710938,67.6793212890625,71.15390014648438,77.59671020507812,83.61278533935547,83.28137969970703,88.26045227050781,77.04468536376953,106.54729461669922
1987219N08155,CARY,1987,1987-08-17 18:00:00,16.2,122.5,75,75,1.0,0.0,32,0,7,265,0,123.36402130126953,1098.24169921875,210.32855224609375,,,,123.36402130126953,111.7242431640625,99.65919494628906,,111.7242431640625,307.6711730957031,417.720703125,429.53173828125,418.0468444824219,395.7400817871094,375.7904968261719,355.4889831542969,344.4347229003906,332.38458251953125,334.1269226074219,368.9576721191406,442.3674011230469
1987219N08155,CARY,1987,1987-08-17 21:00:00,16.1,122.0,73,75,0.9733333333333334,3.0,10,0,9,260,0,407.9610290527344,1798.8077392578125,375.928466796875,,,,407.9610290527344,396.2474670410156,381.8773193359375,267.8824768066406,396.2474670410156,412.8865966796875,407.94207763671875,414.2713928222656,423.9089050292969,431.2876892089844,437.7698974609375,436.42645263671875,424.5675354003906,401.7682189941406,405.73480224609375,439.32275390625,410.8475646972656
1987219N08155,CARY,1987,1987-08-18 00:00:00,16.0,121.6,70,75,0.9333333333333332,6.0,0,0,9,255,0,561.483642578125,1913.5765380859375,394.2772216796875,,,,561.483642578125,554.894287109375,544.12109375,492.5323791503906,554.894287109375,535.5858154296875,490.5683288574219,473.750732421875,464.114990234375,454.7423095703125,446.8940124511719,443.5912780761719,440.59747314453125,436.89910888671875,444.326171875,419.3539123535156,378.7408447265625
1987219N08155,CARY,1987,1987-08-18 03:00:00,15.9,121.1,65,75,0.8666666666666667,9.0,0,0,10,245,0,467.1943054199219,1910.826904296875,408.458984375,,,,467.1943054199219,467.7820739746094,468.7456970214844,496.3739013671875,467.7820739746094,457.759765625,443.3439025878906,435.6997985839844,430.4132385253906,426.05511474609375,422.9523620605469,421.49810791015625,423.1439208984375,431.1307678222656,429.9560852050781,396.3604431152344,369.6490783691406
1987219N08155,CARY,1987,1987-08-18 06:00:00,15.7,120.6,60,75,0.8,12.0,0,0,9,250,0,135.31411743164062,1595.5706787109375,241.9960174560547,,,,135.31411743164062,133.8301239013672,132.10609436035156,32.12074279785156,133.8301239013672,196.90394592285156,241.30029296875,261.48614501953125,278.2608337402344,291.24432373046875,303.0954895019531,313.1601257324219,319.4771423339844,334.0849304199219,358.67657470703125,374.4546203613281,366.10394287109375
1987219N08155,CARY,1987,1987-08-18 09:00:00,15.5,120.2,55,75,0.7333333333333333,15.0,0,0,9,250,0,281.9212951660156,2014.415771484375,335.549560546875,,,,281.9212951660156,280.5269775390625,279.0025329589844,566.363037109375,280.5269775390625,232.06768798828125,194.53915405273438,179.2448272705078,166.11566162109375,155.78541564941406,151.1101837158203,154.9887237548828,161.47323608398438,183.16592407226562,240.347900390625,314.664306640625,349.8209533691406
1987219N08155,CARY,1987,1987-08-18 12:00:00,15.4,119.7,50,75,0.6666666666666666,18.0,21,21,10,255,0,232.66180419921875,2015.371337890625,365.882080078125,,,,232.66180419921875,220.37820434570312,207.8495330810547,2.056023359298706,220.37820434570312,310.5689697265625,313.4387512207031,302.0090026855469,289.0681457519531,272.8330078125,253.70359802246094,232.2956085205078,212.95016479492188,186.0673065185547,155.95274353027344,169.93312072753906,317.2783508300781
1987219N08155,CARY,1987,1987-08-18 15:00:00,15.2,119.2,53,75,0.7066666666666667,21.0,78,78,11,260,0,,,,,,,,,,,,,,,0.08535762131214142,3.2641117572784424,8.760000228881836,33.842796325683594,96.44755554199219,213.0629425048828,282.8306579589844,214.61329650878906,146.39739990234375
1987320N03171,NINA,1987,1987-11-25 12:00:00,13.1,124.5,145,145,1.0,0.0,44,0,17,275,0,23.15618896484375,499.023681640625,62.697296142578125,,,,23.15618896484375,20.47653579711914,17.511625289916992,,20.47653579711914,43.79478454589844,69.9316635131836,75.93192291259766,77.36541748046875,75.89025115966797,80.2144546508789,84.86726379394531,86.30216217041016,91.13455963134766,90.91783142089844,90.79370880126953,84.17938232421875
1987320N03171,NINA,1987,1987-11-25 15:00:00,13.2,123.6,138,145,0.9517241379310344,3.0,0,0,18,275,0,113.6368179321289,2425.937255859375,185.10426330566406,,,,113.6368179321289,110.55625915527344,106.4428482055664,168.4942169189453,110.55625915527344,102.58720397949219,101.81412506103516,98.64508056640625,93.95545959472656,92.0553207397461,90.23652648925781,88.7593994140625,88.8629379272461,86.5781478881836,83.06000518798828,84.06526947021484,76.8966064453125
1987320N03171,NINA,1987,1987-11-25 18:00:00,13.3,122.7,130,145,0.896551724137931,6.0,0,0,18,275,0,62.70871353149414,734.1199340820312,89.23454284667969,,,,62.70871353149414,58.13902282714844,53.7817497253418,72.92964935302734,58.13902282714844,55.59928512573242,55.351097106933594,64.20100402832031,78.36787414550781,89.19038391113281,90.29474639892578,88.5558853149414,91.59595489501953,93.87639617919922,85.44190216064453,77.93697357177734,124.38406372070312
1987320N03171,NINA,1987,1987-11-25 21:00:00,13.4,121.7,120,145,0.8275862068965517,9.0,39,11,18,280,0,81.26982116699219,1151.821533203125,144.15423583984375,,,,81.26982116699219,76.32332611083984,70.99348449707031,66.50379943847656,76.32332611083984,63.8207893371582,79.56085968017578,111.8226089477539,150.26004028320312,177.88681030273438,201.8734588623047,211.88417053222656,212.45249938964844,201.22592163085938,185.89549255371094,166.9114990234375,146.99417114257812
1987320N03171,NINA,1987,1987-11-26 00:00:00,13.5,120.8,110,145,0.7586206896551724,12.0,11,11,18,280,0,284.3200378417969,2541.319091796875,421.59027099609375,,,,284.3200378417969,272.7804870605469,260.81854248046875,372.4895935058594,272.7804870605469,243.18463134765625,236.13589477539062,237.8138885498047,240.59036254882812,244.27142333984375,244.88677978515625,244.3905792236328,242.38497924804688,230.11216735839844,214.3358154296875,188.84298706054688,162.97415161132812
1987320N03171,NINA,1987,1987-11-26 03:00:00,13.8,120.0,103,145,0.7103448275862069,15.0,55,55,17,285,0,28.192140579223633,732.3569946289062,76.67900085449219,,,,28.192140579223633,25.314361572265625,22.057607650756836,34.61098098754883,25.314361572265625,68.03734588623047,75.05825805664062,82.26620483398438,99.5794448852539,104.7724838256836,101.09434509277344,112.62052917480469,130.29881286621094,159.53709411621094,183.53103637695312,171.83856201171875,207.60108947753906
1987343N05154,PHYLLIS,1987,1987-12-15 18:00:00,11.6,126.0,90,90,1.0,0.0,49,0,12,275,0,1.5602678060531616,38.6715087890625,5.490720748901367,,,,1.5602678060531616,1.0596095323562622,0.6051700115203857,,1.0596095323562622,17.772451400756836,41.11885070800781,58.341976165771484,79.1291275024414,90.73629760742188,100.40924072265625,107.68462371826172,110.37921142578125,107.7004165649414,108.31483459472656,101.17555236816406,106.58866882324219
1987343N05154,PHYLLIS,1987,1987-12-15 21:00:00,11.7,125.5,95,90,1.0555555555555556,3.0,0,0,11,280,0,147.07899475097656,702.4235229492188,140.8610076904297,,,,147.07899475097656,144.89695739746094,141.53897094726562,106.2579116821289,144.89695739746094,139.098388671875,127.77104187011719,121.24285888671875,117.18096160888672,111.14336395263672,105.8617172241211,101.69609832763672,98.61409759521484,107.0802993774414,110.36552429199219,110.24775695800781,94.35257720947266
1987343N05154,PHYLLIS,1987,1987-12-16 00:00:00,11.8,125.0,100,90,1.1111111111111112,6.0,0,0,10,285,0,142.62722778320312,822.1304931640625,147.3186798095703,,,,142.62722778320312,141.8154754638672,140.64781188964844,144.33253479003906,141.8154754638672,127.47968292236328,118.3262710571289,113.97366333007812,113.2498550415039,112.6703872680664,111.39997100830078,110.66206359863281,108.44526672363281,104.43181610107422,98.4491195678711,95.329833984375,87.7372817993164
1987343N05154,PHYLLIS,1987,1987-12-16 03:00:00,11.9,124.5,95,90,1.0555555555555556,9.0,24,0,10,290,0,89.0082778930664,1324.028564453125,150.27801513671875,,,,89.0082778930664,84.86579132080078,79.23760223388672,16.80511474609375,84.86579132080078,90.46688079833984,89.7083511352539,90.81593322753906,92.6788558959961,93.90156555175781,94.61518096923828,95.54806518554688,95.51512145996094,93.07247161865234,89.58002471923828,84.37348175048828,93.51176452636719
1987343N05154,PHYLLIS,1987,1987-12-16 06:00:00,12.1,124.0,90,90,1.0,12.0,0,0,8,295,0,36.1819953918457,877.9260864257812,75.88525390625,,,,36.1819953918457,33.60567855834961,30.888229370117188,39.19327926635742,33.60567855834961,45.01900863647461,52.940155029296875,57.583431243896484,60.067195892333984,59.27386474609375,58.04318618774414,55.950626373291016,54.65960693359375,60.22023391723633,63.693729400634766,77.58904266357422,98.04130554199219
1987343N05154,PHYLLIS,1987,1987-12-16 09:00:00,12.3,123.7,88,90,0.9777777777777776,15.0,10,0,6,300,0,46.65980529785156,681.909912109375,75.87725830078125,,,,46.65980529785156,44.73514175415039,42.37934875488281,58.27576446533203,44.73514175415039,40.57780838012695,42.67929458618164,42.70698547363281,44.79768371582031,48.839454650878906,52.12287139892578,52.71560287475586,52.726566314697266,57.01518249511719,64.16011047363281,66.9649658203125,98.78131866455078
1987343N05154,PHYLLIS,1987,1987-12-16 12:00:00,12.4,123.4,85,90,0.9444444444444444,18.0,0,0,6,295,0,46.79511642456055,679.2987670898438,76.6772232055664,,,,46.79511642456055,44.55305862426758,42.0783805847168,61.43818283081055,44.55305862426758,39.279483795166016,37.4597053527832,39.98892593383789,42.03647232055664,48.95096206665039,56.36951446533203,59.75592803955078,60.625732421875,62.22055435180664,65.54549407958984,67.25684356689453,100.22428131103516
1987343N05154,PHYLLIS,1987,1987-12-16 15:00:00,12.6,123.2,83,90,0.9222222222222224,21.0,15,15,6,290,0,48.223297119140625,675.4334716796875,77.59363555908203,,,,48.223297119140625,45.10834884643555,40.55242919921875,17.933929443359375,45.10834884643555,43.1546516418457,53.69753646850586,60.27618408203125,59.1445198059082,60.53498077392578,64.83660888671875,70.5870132446289,75.20919799804688,73.65081024169922,71.610595703125,70.70741271972656,87.75509643554688
1987343N05154,PHYLLIS,1987,1987-12-16 18:00:00,12.7,122.9,80,90,0.8888888888888888,24.0,48,44,6,290,0,82.17623138427734,2027.410400390625,212.3461456298828,,,,82.17623138427734,74.56058502197266,67.43981170654297,,74.56058502197266,68.39627838134766,64.7237777709961,65.42323303222656,66.36743927001953,65.81964874267578,64.3381118774414,63.688720703125,63.926753997802734,70.85965728759766,77.63089752197266,79.3006362915039,106.37935638427734
1988005N03174,ROY,1988,1988-01-16 00:00:00,13.0,124.4,75,75,1.0,0.0,32,0,14,275,0,68.94123840332031,1529.38623046875,157.22384643554688,,,,68.94123840332031,62.87702941894531,55.95254898071289,0.6022064089775085,62.87702941894531,69.95052337646484,60.31440353393555,60.99953842163086,68.20660400390625,79.1472396850586,82.32247924804688,85.81546783447266,88.45596313476562,87.02708435058594,88.29583740234375,85.74794006347656,83.59454345703125
1988005N03174,ROY,1988,1988-01-16 03:00:00,13.1,123.8,70,75,0.9333333333333332,3.0,0,0,12,280,0,110.06654357910156,2426.58349609375,189.87728881835938,,,,110.06654357910156,106.06214141845703,101.03303527832031,132.3480224609375,106.06214141845703,101.86546325683594,89.04896545410156,90.05488586425781,94.51728057861328,95.19855499267578,94.45361328125,92.03276062011719,89.26958465576172,85.56122589111328,81.04077911376953,78.17925262451172,81.50626373291016
1988005N03174,ROY,1988,1988-01-16 06:00:00,13.2,123.2,65,75,0.8666666666666667,6.0,10,0,11,285,0,86.85687255859375,1594.8558349609375,133.66244506835938,,,,86.85687255859375,82.6290054321289,77.35752868652344,63.424583435058594,82.6290054321289,106.7536849975586,94.58126831054688,91.67047882080078,93.20652770996094,95.23280334472656,93.51966857910156,90.92967224121094,89.09202575683594,89.1519546508789,88.06625366210938,81.51980590820312,71.23758697509766
1988005N03174,ROY,1988,1988-01-16 09:00:00,13.4,122.7,58,75,0.7733333333333333,9.0,0,0,11,295,0,62.72812271118164,735.002197265625,86.16756439208984,,,,62.72812271118164,59.353668212890625,55.856712341308594,77.35779571533203,59.353668212890625,62.2662353515625,73.78816986083984,80.2544937133789,88.7611083984375,91.33209228515625,89.65918731689453,87.88704681396484,87.45356750488281,87.96236419677734,85.24305725097656,83.01665496826172,127.95231628417969
1988005N03174,ROY,1988,1988-01-16 12:00:00,13.6,122.2,50,75,0.6666666666666666,12.0,10,10,10,285,0,75.17833709716797,1153.649169921875,111.25325775146484,,,,75.17833709716797,72.61357879638672,70.37786865234375,44.057342529296875,72.61357879638672,65.31221008300781,66.24803924560547,70.25765991210938,75.80218505859375,79.71459197998047,82.19988250732422,88.68299865722656,92.51605224609375,88.79598999023438,90.58592987060547,146.2647705078125,146.6536407470703
1988005N03174,ROY,1988,1988-01-16 15:00:00,13.7,121.7,45,75,0.6,15.0,21,0,11,275,0,124.21714782714844,2131.203369140625,209.7471466064453,,,,124.21714782714844,119.36091613769531,112.95330047607422,2.1216611862182617,119.36091613769531,120.9202651977539,112.24840545654297,107.23015594482422,101.93692779541016,100.5334701538086,107.5901107788086,122.47323608398438,140.5249786376953,168.651611328125,181.61260986328125,171.87319946289062,150.00404357910156
1988005N03174,ROY,1988,1988-01-16 18:00:00,13.7,121.1,40,75,0.5333333333333333,18.0,0,0,12,265,0,166.97161865234375,2541.35498046875,275.7343444824219,,,,166.97161865234375,159.3636474609375,150.78359985351562,114.86003112792969,159.3636474609375,216.8302001953125,224.43341064453125,217.058349609375,209.2677764892578,203.90948486328125,200.6342010498047,199.93199157714844,201.65577697753906,203.2762451171875,198.79673767089844,185.51351928710938,161.77806091308594
1988005N03174,ROY,1988,1988-01-16 21:00:00,13.5,120.4,40,75,0.5333333333333333,21.0,11,11,14,260,0,186.32318115234375,1747.9722900390625,292.9075012207031,,,,186.32318115234375,172.81118774414062,156.88722229003906,186.53826904296875,172.81118774414062,207.52281188964844,221.10430908203125,225.0403289794922,224.15208435058594,222.82652282714844,223.57891845703125,221.50985717773438,224.38589477539062,236.88632202148438,232.06907653808594,201.95046997070312,176.2416534423828
1988005N03174,ROY,1988,1988-01-17 00:00:00,13.4,119.7,40,75,0.5333333333333333,24.0,64,64,16,270,0,,,,,,,,,,,,0.0,37.444515228271484,55.21338653564453,75.3719253540039,72.64067077636719,83.42228698730469,104.61968231201172,124.0381851196289,125.036376953125,144.13375854492188,184.8413848876953,181.72215270996094
1988177N07137,VANESSA,1988,1988-06-27 06:00:00,10.1,126.1,45,45,1.0,0.0,68,0,20,295,0,21.959501266479492,596.8245239257812,56.764949798583984,,,,21.959501266479492,19.646543502807617,16.58050537109375,14.64796257019043,19.646543502807617,43.121376037597656,36.982147216796875,36.51487731933594,43.88644027709961,55.571014404296875,70.59651947021484,81.9658432006836,93.21475982666016,122.99649810791016,146.9247283935547,156.70126342773438,165.1694793701172
1988177N07137,VANESSA,1988,1988-06-27 09:00:00,10.5,125.1,40,45,0.8888888888888888,3.0,0,0,21,295,0,165.67318725585938,1182.1697998046875,204.88763427734375,,,,165.67318725585938,160.34071350097656,152.986572265625,215.66326904296875,160.34071350097656,142.78260803222656,133.0648193359375,123.75923919677734,118.47856140136719,113.4852523803711,108.85564422607422,105.57659149169922,102.6789779663086,100.22113800048828,98.51116180419922,115.31983947753906,135.04689025878906
1988177N07137,VANESSA,1988,1988-06-27 12:00:00,10.9,124.1,35,45,0.7777777777777778,6.0,10,0,21,295,0,81.62451171875,779.9531860351562,124.13566589355469,,,,81.62451171875,76.09019470214844,70.29534912109375,71.24412536621094,76.09019470214844,68.68975830078125,87.02557373046875,95.16839599609375,96.43506622314453,99.74414825439453,105.99954986572266,111.28138732910156,114.35692596435547,115.5941390991211,119.07243347167969,120.47782897949219,117.44572448730469
1988177N07137,VANESSA,1988,1988-06-27 15:00:00,11.3,123.2,35,45,0.7777777777777778,9.0,10,0,21,295,0,47.580020904541016,789.5189208984375,80.12031555175781,,,,47.580020904541016,44.78763198852539,41.48640060424805,34.18958282470703,44.78763198852539,54.14406204223633,66.27139282226562,75.36032104492188,81.91444396972656,84.26211547851562,86.87446594238281,93.14237213134766,102.35366821289062,121.13623809814453,139.98678588867188,133.65098571777344,124.28947448730469
1988177N07137,VANESSA,1988,1988-06-27 18:00:00,11.7,122.2,35,45,0.7777777777777778,12.0,0,0,21,295,0,200.1446990966797,2066.285888671875,299.8492431640625,,,,200.1446990966797,191.54983520507812,180.2755126953125,138.02735900878906,191.54983520507812,199.67666625976562,195.00563049316406,186.710205078125,180.19500732421875,176.9280548095703,178.01332092285156,177.78402709960938,173.04832458496094,154.9099578857422,134.1681671142578,120.94640350341797,139.93228149414062
1988177N07137,VANESSA,1988,1988-06-27 21:00:00,12.2,121.2,38,45,0.8444444444444444,15.0,0,0,21,295,0,125.89056396484375,1320.225830078125,205.13111877441406,,,,125.89056396484375,117.87080383300781,108.42386627197266,49.17485046386719,117.87080383300781,151.89822387695312,209.29931640625,236.42108154296875,248.88453674316406,247.37977600097656,240.64669799804688,231.56715393066406,219.6348114013672,208.90521240234375,195.1756134033203,181.08111572265625,164.50120544433594
1988177N07137,VANESSA,1988,1988-06-28 00:00:00,12.7,120.2,40,45,0.8888888888888888,18.0,64,62,22,300,0,0.3862505555152893,106.61029052734375,4.07435417175293,,,,0.3862505555152893,0.3079197108745575,0.21266789734363556,0.023564008995890617,0.3079197108745575,9.840949058532715,23.96916389465332,30.280635833740234,39.7229118347168,62.332679748535156,98.56612396240234,145.43914794921875,186.0760040283203,251.803955078125,258.7316589355469,196.74542236328125,154.71388244628906
1988193N09149,WARREN,1988,1988-07-17 18:00:00,18.3,122.7,105,105,1.0,0.0,42,0,12,295,0,117.39531707763672,762.2236938476562,146.3890380859375,,,,117.39531707763672,104.66827392578125,89.92974853515625,,104.66827392578125,186.8930206298828,192.54843139648438,204.5595245361328,210.32012939453125,212.49395751953125,218.97116088867188,227.96043395996094,235.42388916015625,226.98519897460938,223.71209716796875,205.03863525390625,311.7650451660156
1988193N09149,WARREN,1988,1988-07-17 21:00:00,18.5,122.1,100,105,0.9523809523809524,3.0,11,11,11,295,0,172.98504638671875,1126.603759765625,228.53465270996094,,,,172.98504638671875,164.57980346679688,153.50634765625,86.05103302001953,164.57980346679688,155.52926635742188,133.67185974121094,128.37374877929688,126.80292510986328,131.57586669921875,139.76988220214844,146.04232788085938,158.33883666992188,188.02587890625,221.69522094726562,302.4350891113281,356.3771667480469
1988193N09149,WARREN,1988,1988-07-18 00:00:00,18.7,121.6,95,105,0.9047619047619048,6.0,30,30,11,295,0,36.15203094482422,789.001708984375,83.55619049072266,,,,36.15203094482422,33.1309928894043,30.00821304321289,1.985837697982788,33.1309928894043,53.15571975708008,99.24043273925781,130.3658447265625,158.11407470703125,185.19041442871094,204.13169860839844,212.75437927246094,220.01983642578125,234.33876037597656,265.0730895996094,309.6959228515625,362.2563171386719
1988193N09149,WARREN,1988,1988-07-18 03:00:00,19.0,121.1,93,105,0.8857142857142857,9.0,49,44,12,300,0,31.475154876708984,672.0079956054688,73.04232025146484,,,,31.475154876708984,26.95989418029785,22.062700271606445,20.84855842590332,26.95989418029785,80.2823715209961,150.1719207763672,176.47169494628906,193.55398559570312,210.01007080078125,223.78285217285156,234.02413940429688,235.77545166015625,233.0447998046875,242.53675842285156,274.9456481933594,334.0975341796875
1988290N08145,PAT,1988,1988-10-20 12:00:00,16.5,122.8,75,75,1.0,0.0,54,0,19,270,0,2.0995193084072383e-10,2.4799521725071827e-06,2.2817244982320517e-08,,,,2.0995193084072383e-10,0.0001245139428647235,0.0015514740953221917,,0.0001245139428647235,193.24813842773438,302.407470703125,329.06927490234375,348.4215393066406,354.7127380371094,357.8531188964844,361.81829833984375,353.8297119140625,334.08087158203125,312.27374267578125,313.903076171875,403.2084655761719
1988290N08145,PAT,1988,1988-10-20 15:00:00,16.5,121.7,73,75,0.9733333333333334,3.0,0,0,23,270,0,388.16265869140625,1800.970458984375,333.5956726074219,,,,388.16265869140625,388.2311096191406,388.9140930175781,219.8631134033203,388.2311096191406,377.565673828125,389.77069091796875,408.41156005859375,429.8130187988281,452.5821228027344,479.60589599609375,502.6459045410156,522.15625,545.9283447265625,558.0621337890625,500.5329284667969,409.5457763671875
1988290N08145,PAT,1988,1988-10-20 18:00:00,16.5,120.5,70,75,0.9333333333333332,6.0,0,0,23,270,0,760.5796508789062,2895.896728515625,654.3311767578125,,,,760.5796508789062,748.7645874023438,741.6927490234375,608.5463256835938,748.7645874023438,710.777099609375,647.5009155273438,619.8851928710938,599.9158325195312,586.922119140625,577.3828735351562,572.0758056640625,570.0479125976562,555.6602783203125,522.2837524414062,471.5457763671875,409.8865661621094
1988290N08145,PAT,1988,1988-10-20 21:00:00,16.5,119.3,68,75,0.9066666666666666,9.0,57,57,22,275,0,,,,,,,,,0.0,,,30.776796340942383,45.98402404785156,35.481292724609375,32.04352569580078,28.51690673828125,28.04936981201172,30.634092330932617,37.9031982421875,49.63423156738281,85.70282745361328,267.55755615234375,450.8475646972656
1988295N10138,RUBY,1988,1988-10-24 03:00:00,13.3,124.9,105,105,1.0,0.0,70,0,17,310,0,,,,,,,,,,,,,12.14104175567627,24.732112884521484,61.93174743652344,74.09077453613281,69.37480926513672,67.85888671875,69.98751831054688,77.8989486694336,82.23573303222656,97.43053436279297,89.91670227050781
1988295N10138,RUBY,1988,1988-10-24 06:00:00,13.8,124.3,110,105,1.0476190476190477,3.0,0,0,16,310,0,119.9017105102539,804.2809448242188,159.78485107421875,,,,119.9017105102539,111.96952056884766,102.9051513671875,170.71153259277344,111.96952056884766,105.8285140991211,97.56053924560547,95.34481811523438,91.5957260131836,93.2686538696289,107.85585021972656,118.49181365966797,124.287109375,119.89804077148438,108.36042785644531,92.40955352783203,84.66122436523438
1988295N10138,RUBY,1988,1988-10-24 09:00:00,14.3,123.6,118,105,1.1238095238095238,6.0,44,39,15,305,0,21.43955421447754,611.6735229492188,50.00606155395508,,,,21.43955421447754,19.078632354736328,16.287120819091797,0.0,19.078632354736328,63.481422424316406,65.60125732421875,75.34158325195312,85.28519439697266,86.5987777709961,91.60095977783203,99.67189025878906,109.2905502319336,110.08197784423828,106.48725891113281,96.90370178222656,78.53426361083984
1988308N09140,SKIP,1988,1988-11-07 00:00:00,10.9,126.0,120,120,1.0,0.0,24,0,15,290,0,13.963805198669434,367.36761474609375,41.171775817871094,,,,13.963805198669434,12.068867683410645,10.536576271057129,1.1332868337631226,12.068867683410645,10.737541198730469,27.74054527282715,39.597469329833984,45.0538444519043,53.071929931640625,66.35494995117188,70.19500732421875,72.34142303466797,81.23091888427734,97.50275421142578,108.104736328125,121.7238540649414
1988308N09140,SKIP,1988,1988-11-07 03:00:00,11.2,125.3,113,120,0.9416666666666668,3.0,0,0,16,290,0,99.14678192138672,701.4479370117188,126.9221420288086,,,,99.14678192138672,96.48316955566406,93.71217346191406,146.74961853027344,96.48316955566406,104.95909118652344,125.32601165771484,128.98159790039062,126.3743667602539,125.80856323242188,127.58486938476562,129.83265686035156,129.2612762451172,123.71045684814453,118.24266052246094,104.54576873779297,93.06266021728516
1988308N09140,SKIP,1988,1988-11-07 06:00:00,11.5,124.5,105,120,0.875,6.0,10,0,17,300,0,93.83094787597656,1325.84130859375,179.07090759277344,,,,93.83094787597656,89.98113250732422,84.53759765625,132.11288452148438,89.98113250732422,83.91168975830078,85.76578521728516,87.32367706298828,93.1193618774414,99.5272216796875,107.01639556884766,112.23674011230469,111.85576629638672,106.21229553222656,100.09812927246094,92.38672637939453,99.68545532226562
1988308N09140,SKIP,1988,1988-11-07 09:00:00,12.0,123.8,103,120,0.8583333333333333,9.0,0,0,17,300,0,33.64187240600586,576.9666137695312,63.02748107910156,,,,33.64187240600586,31.868736267089844,29.757749557495117,33.83331298828125,31.868736267089844,36.44341278076172,35.42154312133789,37.907691955566406,42.07381820678711,45.4677848815918,49.413917541503906,51.013057708740234,50.60649871826172,48.51613998413086,53.79571533203125,75.84923553466797,112.46175384521484
1988308N09140,SKIP,1988,1988-11-07 12:00:00,12.4,123.0,100,120,0.8333333333333334,12.0,31,31,17,290,0,94.45361328125,2022.40771484375,206.0923614501953,,,,94.45361328125,88.26222229003906,83.13865661621094,0.015052644535899162,88.26222229003906,77.39398956298828,64.0240478515625,61.78251647949219,60.746212005615234,56.37961196899414,52.52330017089844,50.301109313964844,48.49823760986328,51.51652526855469,63.35989761352539,81.83224487304688,105.7258529663086
1989134N07138,BRENDA,1989,1989-05-16 15:00:00,11.5,126.1,43,43,1.0,0.0,55,0,14,295,0,,,,,,,,,0.0,,,8.245047569274902,20.146242141723633,29.069116592407227,40.119876861572266,57.26015090942383,73.79705810546875,86.35186004638672,97.3869857788086,103.41366577148438,103.20426177978516,100.619384765625,105.37757873535156
1989134N07138,BRENDA,1989,1989-05-16 18:00:00,11.8,125.4,45,43,1.0465116279069768,3.0,0,0,15,295,0,148.26173400878906,820.80517578125,147.56692504882812,,,,148.26173400878906,145.95860290527344,143.62330627441406,123.38880920410156,145.95860290527344,143.7196502685547,128.81568908691406,120.32261657714844,113.9446029663086,107.65955352783203,104.00556182861328,100.69075775146484,99.25768280029297,106.7026596069336,107.85751342773438,102.85633850097656,93.77147674560547
1989134N07138,BRENDA,1989,1989-05-16 21:00:00,12.1,124.6,48,43,1.1162790697674418,6.0,0,0,17,295,0,98.64140319824219,874.6874389648438,121.11395263671875,,,,98.64140319824219,95.60076141357422,92.28353881835938,86.68231201171875,95.60076141357422,100.17127990722656,97.05870056152344,93.97146606445312,91.7160873413086,89.16939544677734,88.50664520263672,88.9962158203125,89.08028411865234,88.3096923828125,89.62622833251953,85.22025299072266,89.45709228515625
1989134N07138,BRENDA,1989,1989-05-17 00:00:00,12.4,123.8,50,43,1.162790697674419,9.0,22,15,16,300,0,57.8471794128418,1530.8955078125,97.68464660644531,,,,57.8471794128418,55.00813674926758,51.552162170410156,41.35862350463867,55.00813674926758,49.07762145996094,47.81215286254883,52.72068786621094,54.428123474121094,53.892845153808594,54.33956527709961,56.34629821777344,59.60512924194336,61.022525787353516,64.62776947021484,74.2438735961914,87.06185913085938
1989134N07138,BRENDA,1989,1989-05-17 03:00:00,12.8,123.1,50,43,1.162790697674419,12.0,31,0,15,300,0,34.22897720336914,500.78778076171875,64.50739288330078,,,,34.22897720336914,30.950788497924805,27.52462387084961,23.259876251220703,30.950788497924805,43.043216705322266,57.34727096557617,66.7950210571289,71.5633316040039,76.5457992553711,80.7196044921875,83.41020202636719,83.55721282958984,82.51100158691406,78.88922882080078,75.27030181884766,86.82731628417969
1989134N07138,BRENDA,1989,1989-05-17 06:00:00,13.2,122.5,50,43,1.162790697674419,15.0,10,10,15,300,0,58.07932662963867,449.0736389160156,82.07211303710938,,,,58.07932662963867,54.195064544677734,49.809757232666016,84.14261627197266,54.195064544677734,66.17352294921875,68.53668212890625,66.34635162353516,62.66126251220703,64.37611389160156,70.51461029052734,75.89292907714844,81.50078582763672,85.68861389160156,82.82225799560547,105.78032684326172,127.23291778564453
1989134N07138,BRENDA,1989,1989-05-17 09:00:00,13.6,121.9,45,43,1.0465116279069768,18.0,31,0,14,300,0,71.80133056640625,1153.62109375,121.1421127319336,,,,71.80133056640625,68.2651596069336,64.7662582397461,81.67733001708984,68.2651596069336,68.71290588378906,84.4172592163086,87.05522155761719,88.75567626953125,91.39997100830078,92.7098159790039,93.38269805908203,99.71113586425781,131.6711883544922,171.16712951660156,165.32589721679688,150.20506286621094
1989134N07138,BRENDA,1989,1989-05-17 12:00:00,13.9,121.3,40,43,0.9302325581395348,21.0,0,0,14,300,0,152.8876495361328,2129.626220703125,199.4700927734375,,,,152.8876495361328,149.89312744140625,146.50680541992188,169.74461364746094,149.89312744140625,145.55734252929688,133.94174194335938,134.9504852294922,144.1959686279297,153.498779296875,164.92343139648438,171.6358642578125,175.14768981933594,181.85250854492188,185.24130249023438,174.60015869140625,166.28857421875
1989134N07138,BRENDA,1989,1989-05-17 15:00:00,14.3,120.7,38,43,0.8837209302325582,24.0,0,0,13,305,0,111.9895248413086,1373.489013671875,161.96925354003906,,,,111.9895248413086,108.67390441894531,103.96511840820312,87.16922760009766,108.67390441894531,100.92052459716797,96.58173370361328,95.84707641601562,99.33929443359375,108.86308288574219,121.89295959472656,139.1356201171875,156.9471893310547,172.2793426513672,180.59014892578125,186.2738037109375,197.38536071777344
1989134N07138,BRENDA,1989,1989-05-17 18:00:00,14.7,120.1,35,43,0.813953488372093,27.0,10,10,12,305,0,187.09181213378906,1371.143310546875,226.93141174316406,,,,187.09181213378906,181.44308471679688,175.5050506591797,93.30239868164062,181.44308471679688,194.09991455078125,185.53250122070312,186.87542724609375,186.4119110107422,184.42745971679688,182.9769287109375,176.8524169921875,168.80538940429688,165.6751708984375,155.1746063232422,165.1586151123047,222.96348571777344
1989134N07138,BRENDA,1989,1989-05-17 21:00:00,15.0,119.7,35,43,0.813953488372093,30.0,42,42,11,305,0,83.52291870117188,1061.48291015625,152.64224243164062,,,,83.52291870117188,75.12158203125,66.79975891113281,,75.12158203125,138.6898651123047,223.0017547607422,278.614013671875,299.0767822265625,309.0851135253906,302.2679443359375,289.9554138183594,273.7962951660156,234.93609619140625,187.11148071289062,132.2549591064453,224.16156005859375
1989153N04144,DOT,1989,1989-06-06 00:00:00,11.4,125.6,40,40,1.0,0.0,0,0,13,290,0,128.20693969726562,701.7050170898438,142.5155487060547,,,,128.20693969726562,124.57917022705078,120.35404968261719,62.791717529296875,124.57917022705078,119.48287200927734,111.5260238647461,104.60348510742188,98.95289611816406,95.91722869873047,96.97105407714844,97.9939193725586,103.56495666503906,121.37922668457031,122.33106994628906,112.51023864746094,91.31439208984375
1989153N04144,DOT,1989,1989-06-06 03:00:00,11.6,125.0,40,40,1.0,3.0,0,0,14,290,0,129.1834716796875,1261.423828125,143.71148681640625,,,,129.1834716796875,127.52816772460938,125.29044342041016,103.9412841796875,127.52816772460938,132.84974670410156,137.1921844482422,131.74403381347656,124.25480651855469,119.80379486083984,117.2502212524414,116.26081848144531,113.5669174194336,106.76969146728516,102.92206573486328,95.84276580810547,87.56488800048828
1989153N04144,DOT,1989,1989-06-06 06:00:00,11.8,124.3,40,40,1.0,6.0,24,0,14,290,0,65.31585693359375,1320.8792724609375,151.8168182373047,,,,65.31585693359375,60.26827621459961,55.17698669433594,53.515872955322266,60.26827621459961,61.44455337524414,62.28180694580078,64.0956039428711,69.3231201171875,72.62112426757812,76.47940826416016,80.7668228149414,84.3597640991211,90.34357452392578,89.46498107910156,83.35569763183594,97.10421752929688
1989153N04144,DOT,1989,1989-06-06 09:00:00,12.0,123.7,43,40,1.075,9.0,10,0,13,290,0,40.73961639404297,676.4369506835938,71.06071472167969,,,,40.73961639404297,38.96322250366211,36.73358154296875,32.29575729370117,38.96322250366211,38.726680755615234,34.7743034362793,33.970829010009766,32.17394256591797,34.83170700073242,39.16001892089844,44.46795654296875,47.56461715698242,48.291141510009766,52.17068099975586,71.81550598144531,113.95101165771484
1989153N04144,DOT,1989,1989-06-06 12:00:00,12.3,123.0,45,40,1.125,12.0,24,24,14,290,0,81.22611236572266,2019.2646484375,191.51084899902344,,,,81.22611236572266,76.39470672607422,72.67378997802734,0.254205584526062,76.39470672607422,77.64468383789062,66.69638061523438,63.779014587402344,61.15119171142578,56.128379821777344,49.13460922241211,45.14392852783203,43.65190124511719,49.34403991699219,61.3168830871582,85.43959045410156,106.54838562011719
1989153N04144,DOT,1989,1989-06-06 15:00:00,12.5,122.3,48,40,1.2,15.0,76,10,15,285,0,111.14118957519531,2022.3673095703125,215.83554077148438,,,,111.14118957519531,101.50362396240234,92.0971908569336,73.70589447021484,101.50362396240234,92.24063110351562,86.99945068359375,81.94453430175781,77.21621704101562,79.69214630126953,80.08615112304688,74.16419982910156,74.58878326416016,85.8884506225586,108.81588745117188,139.76947021484375,140.32322692871094
1989153N04144,DOT,1989,1989-06-06 18:00:00,12.7,121.6,50,40,1.25,18.0,10,0,15,285,0,295.7716979980469,2296.7333984375,389.0142517089844,,,,295.7716979980469,282.0058898925781,264.0696105957031,37.892974853515625,282.0058898925781,283.8787536621094,259.4582214355469,243.9056396484375,232.73162841796875,226.52798461914062,226.0421905517578,225.95616149902344,223.99208068847656,221.69204711914062,210.41226196289062,180.74740600585938,147.4908905029297
1989153N04144,DOT,1989,1989-06-06 21:00:00,12.9,120.9,50,40,1.25,21.0,0,0,15,285,0,492.0185241699219,2537.630859375,489.1377258300781,,,,492.0185241699219,487.7220764160156,480.9516296386719,376.5287170410156,487.7220764160156,412.1373596191406,351.1759948730469,332.3399963378906,315.968505859375,301.5321044921875,288.736083984375,280.1003112792969,270.6083984375,249.61436462402344,212.81170654296875,183.0614013671875,146.00904846191406
1989153N04144,DOT,1989,1989-06-07 00:00:00,13.1,120.2,50,40,1.25,24.0,34,34,13,290,0,142.7149200439453,1490.9637451171875,229.74530029296875,,,,142.7149200439453,130.33773803710938,118.37931060791016,,130.33773803710938,165.69427490234375,165.8263702392578,188.92446899414062,223.0541229248047,242.87164306640625,260.68280029296875,272.3161926269531,275.04833984375,265.41864013671875,243.1527557373047,208.4171905517578,162.5409698486328
1989187N15132,FAYE,1989,1989-07-08 09:00:00,16.8,123.0,58,58,1.0,0.0,54,0,13,275,0,,,,,,,,,,,,9.5443696975708,81.59576416015625,152.5577392578125,235.8984832763672,303.7311706542969,333.5693664550781,334.1407775878906,329.8911437988281,340.7546691894531,342.364501953125,312.09033203125,332.26580810546875
1989187N15132,FAYE,1989,1989-07-08 12:00:00,16.9,122.3,60,58,1.0344827586206895,3.0,0,0,16,275,0,327.2840881347656,1615.764892578125,297.7532043457031,,,,327.2840881347656,323.4747314453125,319.0137939453125,380.6566162109375,323.4747314453125,318.26416015625,306.6300048828125,298.6745910644531,294.4229736328125,290.76739501953125,286.9638366699219,284.7363586425781,286.55291748046875,298.1030578613281,334.1859436035156,442.8326416015625,494.6043395996094
1989187N15132,FAYE,1989,1989-07-08 15:00:00,17.0,121.3,50,58,0.8620689655172413,6.0,0,0,19,275,0,682.112548828125,2658.28369140625,614.6270751953125,,,,682.112548828125,681.4275512695312,680.755126953125,735.992431640625,681.4275512695312,676.72802734375,660.8449096679688,649.5352783203125,633.5643310546875,615.1678466796875,604.7339477539062,596.0850219726562,590.3760986328125,587.1689453125,536.9061279296875,476.0069580078125,406.86602783203125
1989187N15132,FAYE,1989,1989-07-08 18:00:00,17.1,120.3,40,58,0.6896551724137931,9.0,15,15,17,275,0,331.1980285644531,2302.2392578125,379.2479248046875,,,,331.1980285644531,320.6589050292969,312.8369140625,40.01896667480469,320.6589050292969,431.21734619140625,559.9451904296875,622.9859619140625,669.9305419921875,705.9318237304688,730.273193359375,742.7225952148438,742.7001953125,722.28759765625,640.6504516601562,533.0301513671875,430.5096130371094
1989187N15132,FAYE,1989,1989-07-08 21:00:00,17.1,119.5,43,58,0.7413793103448276,12.0,95,95,14,275,0,,,,,,,,,,,,,,,,0.0,1.0426362752914429,13.815269470214844,16.767108917236328,43.20754623413086,175.96292114257812,404.73095703125,556.1338500976562
1989190N20160,GORDON,1989,1989-07-15 18:00:00,17.9,122.6,140,140,1.0,0.0,47,0,14,285,0,67.99371337890625,661.8536376953125,118.90393829345703,,,,67.99371337890625,54.65829086303711,44.97731018066406,,54.65829086303711,260.6577453613281,335.520263671875,320.72735595703125,321.1446533203125,323.98516845703125,312.7662048339844,297.8121032714844,281.2987060546875,249.95272827148438,221.2787628173828,225.82667541503906,383.788330078125
1989190N20160,GORDON,1989,1989-07-15 21:00:00,18.1,121.9,130,140,0.9285714285714286,3.0,0,0,12,280,0,179.0792694091797,1778.2894287109375,253.6602783203125,,,,179.0792694091797,176.58555603027344,172.52517700195312,182.32354736328125,176.58555603027344,176.01023864746094,186.40614318847656,194.00885009765625,206.37857055664062,219.46762084960938,237.27865600585938,259.3278503417969,280.74786376953125,319.67987060546875,347.41558837890625,362.8655090332031,411.1558837890625
1989190N20160,GORDON,1989,1989-07-16 00:00:00,18.1,121.3,120,140,0.8571428571428571,6.0,0,0,11,275,0,372.8793029785156,2332.91015625,395.2639465332031,,,,372.8793029785156,370.9810485839844,368.49859619140625,307.4557189941406,370.9810485839844,374.1519775390625,360.9675598144531,359.7316589355469,356.34051513671875,355.0773620605469,357.1988220214844,361.2860412597656,365.6416320800781,370.3975830078125,384.88580322265625,396.7372131347656,434.10528564453125
1989190N20160,GORDON,1989,1989-07-16 03:00:00,18.2,120.7,115,140,0.8214285714285714,9.0,0,0,11,275,0,442.1451721191406,2328.897216796875,408.3190612792969,,,,442.1451721191406,437.4706115722656,432.2196044921875,233.63412475585938,437.4706115722656,420.3304443359375,402.1086730957031,394.7873840332031,391.2563171386719,392.96002197265625,392.24267578125,391.4968566894531,394.0138854980469,394.17388916015625,396.9278259277344,421.7912292480469,439.3854675292969
1989190N20160,GORDON,1989,1989-07-16 06:00:00,18.2,120.1,110,140,0.7857142857142857,12.0,43,43,12,280,0,8.43175983428955,77.43051147460938,13.778581619262695,,,,8.43175983428955,7.393407821655273,6.43236780166626,,7.393407821655273,34.42774963378906,97.32559204101562,137.50845336914062,180.91781616210938,224.37722778320312,274.14910888671875,313.1963195800781,335.9895324707031,364.9205017089844,403.80889892578125,463.7000732421875,475.92254638671875
1989279N07151,DAN,1989,1989-10-10 12:00:00,13.0,124.4,65,65,1.0,0.0,32,0,20,285,0,68.94123840332031,1529.38623046875,157.22384643554688,,,,68.94123840332031,62.87702941894531,55.95254898071289,0.6022064089775085,62.87702941894531,69.95052337646484,60.31440353393555,60.99953842163086,68.20660400390625,79.1472396850586,82.32247924804688,85.81546783447266,88.45596313476562,87.02708435058594,88.29583740234375,85.74794006347656,83.59454345703125
1989279N07151,DAN,1989,1989-10-10 15:00:00,13.3,123.4,65,65,1.0,3.0,0,0,19,285,0,120.0071029663086,2426.36376953125,205.2300567626953,,,,120.0071029663086,117.21186065673828,113.94192504882812,127.94295501708984,117.21186065673828,106.9341812133789,105.2170181274414,98.43820190429688,91.39212799072266,88.12435150146484,86.42687225341797,86.34615325927734,88.50393676757812,92.06148529052734,89.11669921875,81.77067565917969,73.94356536865234
1989279N07151,DAN,1989,1989-10-10 18:00:00,13.6,122.5,65,65,1.0,6.0,0,0,20,285,0,71.94463348388672,965.0628051757812,94.85320281982422,,,,71.94463348388672,68.74951171875,65.08146667480469,69.63079071044922,68.74951171875,87.3726806640625,91.01325225830078,85.50541687011719,79.61083984375,75.13998413085938,72.8045425415039,73.56952667236328,74.4462661743164,73.54081726074219,88.19658660888672,93.75625610351562,145.74449157714844
1989279N07151,DAN,1989,1989-10-10 21:00:00,13.9,121.4,65,65,1.0,9.0,0,0,21,290,0,154.68629455566406,2129.73486328125,198.7668914794922,,,,154.68629455566406,152.70582580566406,150.35447692871094,189.55731201171875,152.70582580566406,142.7219696044922,129.41786193847656,126.21566009521484,129.3255615234375,138.24813842773438,148.1399383544922,158.6754608154297,164.53244018554688,176.07205200195312,182.5465545654297,174.55618286132812,164.00576782226562
1989279N07151,DAN,1989,1989-10-11 00:00:00,14.2,120.4,65,65,1.0,12.0,21,21,20,295,0,109.06129455566406,1373.9537353515625,167.78262329101562,,,,109.06129455566406,102.76026916503906,93.7476806640625,10.034374237060547,102.76026916503906,114.4234848022461,109.63084411621094,100.12248229980469,98.13735961914062,102.8590316772461,105.80803680419922,107.86898040771484,114.19804382324219,133.87815856933594,170.49188232421875,197.9510040283203,198.68138122558594
1989279N07151,DAN,1989,1989-10-11 03:00:00,14.7,119.5,63,65,0.9692307692307692,15.0,65,65,19,300,0,,,,,,,,,,,,0.15211719274520874,92.63282012939453,99.64641571044922,76.2481918334961,84.34162139892578,113.30731964111328,137.3455810546875,174.96694946289062,246.94546508789062,247.6095428466797,185.9923095703125,143.47157287597656
1989286N14137,ELSIE,1989,1989-10-19 00:00:00,16.6,123.0,140,140,1.0,0.0,62,0,13,275,0,,,,,,,,,,,,0.0,61.385581970214844,141.37535095214844,192.61932373046875,273.1497802734375,313.5529479980469,329.9461975097656,341.1540222167969,339.3875427246094,339.9355163574219,309.026123046875,347.2370300292969
1989286N14137,ELSIE,1989,1989-10-19 03:00:00,16.6,122.2,110,140,0.7857142857142857,3.0,0,0,15,270,0,364.8479919433594,1643.8988037109375,332.89202880859375,,,,364.8479919433594,361.7156066894531,357.19720458984375,521.893310546875,361.7156066894531,322.5701599121094,294.09637451171875,288.9309387207031,287.2903747558594,291.7959289550781,299.36517333984375,309.6447448730469,319.2191467285156,341.2742614746094,388.3226013183594,496.3841247558594,451.7074279785156
1989286N14137,ELSIE,1989,1989-10-19 06:00:00,16.6,121.4,80,140,0.5714285714285714,6.0,0,0,16,270,0,470.88189697265625,2298.034423828125,393.88885498046875,,,,470.88189697265625,468.7539367675781,466.08447265625,294.18035888671875,468.7539367675781,575.19189453125,649.5631713867188,659.1818237304688,656.3512573242188,652.1898193359375,642.4080810546875,627.2643432617188,614.2839965820312,579.0077514648438,527.6897583007812,468.9486999511719,402.0059814453125
1989286N14137,ELSIE,1989,1989-10-19 09:00:00,16.7,120.5,70,140,0.5,9.0,0,0,16,270,0,826.2156372070312,2896.8740234375,674.4041748046875,,,,826.2156372070312,813.9076538085938,807.4632568359375,535.6456909179688,813.9076538085938,838.260009765625,797.7389526367188,760.9188842773438,726.5068359375,699.9024047851562,675.2982177734375,655.1314086914062,634.3732299804688,593.2655029296875,546.3092651367188,483.2494201660156,418.7471923828125
1989286N14137,ELSIE,1989,1989-10-19 12:00:00,16.7,119.8,60,140,0.4285714285714285,12.0,44,44,14,275,0,29.22602653503418,155.02017211914062,43.48434829711914,,,,29.22602653503418,26.289823532104492,22.916790008544922,,26.289823532104492,23.11754608154297,41.55070114135742,62.615108489990234,92.54388427734375,138.28138732910156,194.49844360351562,251.3658905029297,306.1101989746094,364.3236999511719,464.6476745605469,519.8643188476562,480.5263671875
1989314N10152,HUNT,1989,1989-11-21 18:00:00,15.4,121.8,90,90,1.0,0.0,34,0,8,295,0,254.00511169433594,1862.6417236328125,371.775634765625,,,,254.00511169433594,236.96580505371094,219.08680725097656,,236.96580505371094,268.51904296875,284.57781982421875,298.7236328125,301.9125061035156,306.3860168457031,309.62310791015625,312.9679260253906,316.8114318847656,314.925048828125,302.1709899902344,274.0274963378906,305.0978088378906
1989314N10152,HUNT,1989,1989-11-21 21:00:00,15.6,121.5,83,90,0.9222222222222224,3.0,0,0,8,305,0,396.5971374511719,1912.013427734375,380.22198486328125,,,,396.5971374511719,388.486572265625,379.0290832519531,427.4365234375,388.486572265625,386.1955871582031,385.41900634765625,382.75677490234375,377.9535217285156,373.75567626953125,367.8435363769531,361.0992736816406,349.6811828613281,330.2739562988281,323.96392822265625,349.5921325683594,334.7049255371094
1989314N10152,HUNT,1989,1989-11-22 00:00:00,15.8,121.1,75,90,0.8333333333333334,6.0,0,0,8,305,0,409.33551025390625,1910.7283935546875,405.20465087890625,,,,409.33551025390625,409.660888671875,410.1648864746094,309.9730529785156,409.660888671875,385.6055603027344,383.863037109375,387.75347900390625,385.7182922363281,383.3752136230469,384.99444580078125,389.7265930175781,394.90057373046875,409.75714111328125,407.1045227050781,380.8384704589844,365.4783935546875
1989314N10152,HUNT,1989,1989-11-22 03:00:00,16.0,120.7,65,90,0.7222222222222222,9.0,0,0,8,295,0,338.3733825683594,2220.115234375,439.7631530761719,,,,338.3733825683594,336.8000793457031,334.6848449707031,212.32740783691406,336.8000793457031,367.4333801269531,408.4066467285156,427.3544616699219,438.5436706542969,446.8916320800781,450.0460510253906,447.14349365234375,440.6761779785156,426.7625732421875,421.9980773925781,418.3844909667969,380.8486328125
1989314N10152,HUNT,1989,1989-11-22 06:00:00,16.2,120.4,55,90,0.6111111111111112,12.0,0,0,8,290,0,302.63922119140625,2218.003173828125,437.10003662109375,,,,302.63922119140625,296.6416015625,290.83465576171875,191.48318481445312,296.6416015625,344.4163513183594,390.4651184082031,404.10430908203125,413.9856262207031,427.7280578613281,442.91461181640625,453.6272888183594,458.6591796875,460.2565002441406,472.45263671875,446.7779235839844,405.0837707519531
1989314N10152,HUNT,1989,1989-11-22 09:00:00,16.3,120.0,48,90,0.5333333333333333,15.0,10,0,7,290,0,55.8825569152832,745.7778930664062,90.62619018554688,,,,55.8825569152832,53.056121826171875,50.173561096191406,26.931013107299805,53.056121826171875,95.55970764160156,176.28692626953125,208.65020751953125,237.0030059814453,265.4041748046875,298.88299560546875,337.1122131347656,374.74176025390625,423.5444641113281,441.7418212890625,466.19000244140625,428.1542053222656
1989314N10152,HUNT,1989,1989-11-22 12:00:00,16.4,119.7,40,90,0.4444444444444444,18.0,15,15,6,285,0,30.85062026977539,189.3212890625,39.63312911987305,,,,30.85062026977539,29.348817825317383,27.450056076049805,50.38996505737305,29.348817825317383,36.99124526977539,47.4569091796875,49.7788200378418,57.86311721801758,75.83319854736328,107.9646224975586,148.1632080078125,187.63595581054688,259.4515380859375,358.477294921875,444.3438415527344,460.84283447265625
1989314N10152,HUNT,1989,1989-11-22 15:00:00,16.4,119.4,38,90,0.4222222222222222,21.0,44,44,5,285,0,58.56483840942383,155.21383666992188,59.13785934448242,,,,58.56483840942383,53.04928970336914,47.099334716796875,,53.04928970336914,38.15988540649414,28.672412872314453,27.979141235351562,30.682098388671875,38.00334930419922,45.62173080444336,53.21453094482422,59.03589630126953,81.07418060302734,158.95489501953125,319.4545593261719,443.66339111328125
1990171N11148,PERCY,1990,1990-06-27 03:00:00,17.5,122.3,90,90,1.0,0.0,15,0,12,310,0,446.3404541015625,1802.3846435546875,386.2951965332031,,,,446.3404541015625,439.4584655761719,427.343017578125,245.0858917236328,439.4584655761719,352.61724853515625,296.8600158691406,279.3856201171875,268.302978515625,261.1328430175781,251.50796508789062,242.9098663330078,236.61929321289062,237.98399353027344,279.6354675292969,374.48675537109375,463.6787109375
1990171N11148,PERCY,1990,1990-06-27 06:00:00,17.9,121.8,85,90,0.9444444444444444,3.0,0,0,14,320,0,202.03211975097656,1773.7711181640625,279.78363037109375,,,,202.03211975097656,200.66854858398438,199.12838745117188,113.51139831542969,200.66854858398438,210.36936950683594,234.90103149414062,251.69244384765625,268.0220031738281,286.2873229980469,305.0662536621094,328.4168701171875,349.6285400390625,374.8553466796875,383.6864013671875,386.1084289550781,438.8099365234375
1990171N11148,PERCY,1990,1990-06-27 09:00:00,18.5,121.4,80,90,0.8888888888888888,6.0,0,0,15,320,0,191.66732788085938,1353.971435546875,276.3215637207031,,,,191.66732788085938,185.71875,177.47402954101562,53.612770080566406,185.71875,236.65428161621094,253.56900024414062,255.29959106445312,255.2261199951172,259.2712707519531,263.5334777832031,269.4921569824219,274.56103515625,288.1563720703125,312.5487060546875,345.4906921386719,389.9930114746094
1990171N11148,PERCY,1990,1990-06-27 12:00:00,19.1,120.9,75,90,0.8333333333333334,9.0,55,55,14,310,0,21.416101455688477,278.60357666015625,53.58419418334961,,,,21.416101455688477,17.808095932006836,14.725199699401855,,17.808095932006836,31.67546844482422,82.8869857788086,118.02925872802734,151.62857055664062,182.65325927734375,204.96202087402344,221.8580780029297,235.00692749023438,242.5454559326172,243.34413146972656,264.80828857421875,311.9255065917969
1990232N13141,BECKY,1990,1990-08-26 06:00:00,18.5,122.1,60,60,1.0,0.0,11,0,11,245,0,172.98504638671875,1126.603759765625,228.53465270996094,,,,172.98504638671875,164.57980346679688,153.50634765625,86.05103302001953,164.57980346679688,155.52926635742188,133.67185974121094,128.37374877929688,126.80292510986328,131.57586669921875,139.76988220214844,146.04232788085938,158.33883666992188,188.02587890625,221.69522094726562,302.4350891113281,356.3771667480469
1990232N13141,BECKY,1990,1990-08-26 09:00:00,18.2,121.5,63,60,1.05,3.0,0,0,11,245,0,179.21116638183594,1357.83056640625,232.23472595214844,,,,179.21116638183594,176.6675262451172,173.82716369628906,58.03153610229492,176.6675262451172,232.9288787841797,297.4410705566406,316.6418762207031,326.03466796875,327.33404541015625,329.65814208984375,332.6334228515625,334.9913635253906,341.7344970703125,358.4136047363281,376.6361389160156,418.56488037109375
1990232N13141,BECKY,1990,1990-08-26 12:00:00,18.0,121.0,65,60,1.0833333333333333,6.0,0,0,11,255,0,541.7606201171875,2335.540283203125,401.1134948730469,,,,541.7606201171875,543.1446533203125,544.1282958984375,718.969482421875,543.1446533203125,472.7589416503906,421.28564453125,403.63494873046875,398.88970947265625,397.3009948730469,396.9918518066406,398.03857421875,397.7628173828125,403.5494079589844,425.7054443359375,430.0758361816406,443.2307434082031
1990232N13141,BECKY,1990,1990-08-26 15:00:00,17.9,120.5,65,60,1.0833333333333333,9.0,0,0,10,265,0,286.5822448730469,2331.179931640625,358.31939697265625,,,,286.5822448730469,280.5029296875,275.2880554199219,200.41990661621094,280.5029296875,352.9382629394531,410.80029296875,436.8936767578125,471.149169921875,499.1546630859375,512.1149291992188,516.7056274414062,513.0120239257812,502.32135009765625,501.79132080078125,485.24688720703125,443.1381530761719
1990232N13141,BECKY,1990,1990-08-26 18:00:00,18.0,120.0,65,60,1.0833333333333333,12.0,52,52,10,270,0,1.9871057271957397,63.57711410522461,7.217075824737549,,,,1.9871057271957397,1.5309581756591797,1.1979444026947021,,1.5309581756591797,24.805055618286133,107.6502685546875,127.17019653320312,136.62489318847656,152.54396057128906,175.9813690185547,208.81785583496094,256.98443603515625,340.8022766113281,432.64208984375,517.0025634765625,495.47039794921875
1990310N07152,MIKE,1990,1990-11-12 15:00:00,10.3,125.7,125,125,1.0,0.0,43,0,17,280,0,54.650691986083984,912.4426879882812,112.97598266601562,,,,54.650691986083984,51.111122131347656,46.474246978759766,86.41026306152344,51.111122131347656,47.046382904052734,62.00016403198242,66.97503662109375,69.1781234741211,75.53378295898438,81.1488265991211,87.93174743652344,94.31239318847656,105.6412124633789,124.71733093261719,136.904052734375,156.2448272705078
1990310N07152,MIKE,1990,1990-11-12 18:00:00,10.4,124.9,120,125,0.96,3.0,0,0,17,280,0,156.00738525390625,1184.60546875,202.16615295410156,,,,156.00738525390625,148.62156677246094,139.72625732421875,227.60433959960938,148.62156677246094,132.9978485107422,118.0320053100586,114.1303939819336,111.76640319824219,112.95244598388672,110.86502075195312,109.29010772705078,107.05217742919922,108.36055755615234,109.97654724121094,111.3876724243164,155.80845642089844
1990310N07152,MIKE,1990,1990-11-12 21:00:00,10.5,124.0,113,125,0.904,6.0,0,0,16,275,0,113.88177490234375,972.6883544921875,165.35653686523438,,,,113.88177490234375,109.13160705566406,103.63545989990234,207.68228149414062,109.13160705566406,88.25674438476562,82.30992889404297,86.52559661865234,91.845703125,101.1219253540039,115.74285125732422,132.84719848632812,147.6199188232422,155.47015380859375,148.32843017578125,134.60110473632812,130.29766845703125
1990310N07152,MIKE,1990,1990-11-13 00:00:00,10.6,123.3,105,125,0.84,9.0,0,0,16,275,0,219.81117248535156,2408.6328125,314.0311584472656,,,,219.81117248535156,214.603515625,209.49252319335938,435.5987243652344,214.603515625,196.83229064941406,180.6806182861328,173.89208984375,166.71543884277344,157.9169921875,152.56744384765625,149.04624938964844,145.01052856445312,138.43031311035156,148.8896942138672,156.7790985107422,145.6804656982422
1990310N07152,MIKE,1990,1990-11-13 03:00:00,10.7,122.4,100,125,0.8,12.0,0,0,16,280,0,174.372802734375,1567.3621826171875,259.9344482421875,,,,174.372802734375,170.52029418945312,166.3501434326172,120.10198974609375,170.52029418945312,164.53890991210938,165.58709716796875,165.346435546875,166.8150177001953,170.69020080566406,178.59034729003906,185.05995178222656,189.24171447753906,192.9307403564453,183.61920166015625,172.589599609375,150.8382110595703
1990310N07152,MIKE,1990,1990-11-13 06:00:00,10.9,121.7,95,125,0.76,15.0,24,24,15,285,0,115.4566879272461,961.6277465820312,149.43560791015625,,,,115.4566879272461,106.58163452148438,99.91082000732422,0.0,106.58163452148438,196.41273498535156,258.8287048339844,275.7118225097656,276.77618408203125,267.0109558105469,250.64540100097656,233.55723571777344,214.29344177246094,184.86312866210938,149.13043212890625,121.9800796508789,148.4998779296875
1990310N07152,MIKE,1990,1990-11-13 09:00:00,11.1,120.9,90,125,0.72,18.0,114,76,15,290,0,2.988604784011841,256.4625549316406,14.918998718261719,,,,2.988604784011841,2.406585931777954,1.9018926620483398,1.8127877712249756,2.406585931777954,2.390052080154419,2.3667962551116943,2.2983100414276123,2.211594581604004,2.258303165435791,2.4250049591064453,2.4155526161193848,2.267275810241699,2.484830856323242,9.239066123962402,91.98580932617188,120.23463439941406
1991163N11128,YUNYA,1991,1991-06-13 21:00:00,14.0,124.4,90,90,1.0,0.0,10,0,4,300,0,149.27960205078125,807.9014282226562,170.61630249023438,,,,149.27960205078125,141.2329864501953,133.6822967529297,89.40325927734375,141.2329864501953,116.28939056396484,104.90886688232422,103.66946411132812,101.1815185546875,104.74522399902344,104.43946075439453,100.99417877197266,94.72980499267578,100.840576171875,122.90586853027344,104.11912536621094,84.33304595947266
1991163N11128,YUNYA,1991,1991-06-14 00:00:00,14.1,124.2,95,90,1.0555555555555556,3.0,11,11,6,295,0,125.42253112792969,782.5914916992188,160.71766662597656,,,,125.42253112792969,117.36114501953125,108.00598907470703,63.5765266418457,117.36114501953125,107.9144515991211,104.0273666381836,108.36415100097656,108.56950378417969,107.09544372558594,99.9925537109375,95.6015853881836,104.07653045654297,120.20744323730469,112.22964477539062,100.71426391601562,83.54242706298828
1991163N11128,YUNYA,1991,1991-06-14 03:00:00,14.3,123.9,100,90,1.1111111111111112,6.0,39,39,7,295,0,26.4498233795166,312.2167053222656,58.27523422241211,,,,26.4498233795166,23.04141616821289,19.080699920654297,,23.04141616821289,48.13141632080078,90.32649993896484,96.13082885742188,100.83536529541016,102.07393646240234,104.1607894897461,108.59380340576172,106.64098358154297,105.98379516601562,106.80581665039062,105.36365509033203,82.76850891113281
1991196N06153,BRENDAN,1991,1991-07-22 03:00:00,17.0,122.6,68,68,1.0,0.0,10,0,12,315,0,319.8706359863281,1559.2064208984375,304.5466003417969,,,,319.8706359863281,310.3541259765625,298.3210754394531,43.36394119262695,310.3541259765625,329.3130187988281,344.3263244628906,343.3645324707031,343.4969787597656,340.49407958984375,334.989501953125,327.3924255371094,321.7434997558594,305.9591369628906,279.3608093261719,304.41766357421875,482.3799743652344
1991196N06153,BRENDAN,1991,1991-07-22 06:00:00,17.5,122.1,70,68,1.0294117647058822,3.0,0,0,14,320,0,330.01226806640625,1803.2706298828125,361.6550598144531,,,,330.01226806640625,326.6446228027344,322.8597717285156,585.7791748046875,326.6446228027344,277.6202697753906,246.16195678710938,239.35195922851562,235.93466186523438,236.97293090820312,240.80177307128906,250.90139770507812,264.8797607421875,304.1997375488281,360.07781982421875,431.5625915527344,462.719482421875
1991196N06153,BRENDAN,1991,1991-07-22 09:00:00,18.1,121.7,63,68,0.9264705882352942,6.0,0,0,14,320,0,151.94927978515625,1545.879638671875,200.5403594970703,,,,151.94927978515625,150.06942749023438,147.76454162597656,63.349815368652344,150.06942749023438,187.4188232421875,223.11253356933594,246.9817657470703,274.268798828125,306.468017578125,325.4263610839844,337.9061584472656,346.47796630859375,354.7469787597656,359.8814392089844,372.37103271484375,424.28900146484375
1991196N06153,BRENDAN,1991,1991-07-22 12:00:00,18.7,121.2,55,68,0.8088235294117647,9.0,22,15,14,310,0,226.07223510742188,1449.3775634765625,306.84912109375,,,,226.07223510742188,213.76321411132812,197.96530151367188,47.01421356201172,213.76321411132812,252.37464904785156,265.3602294921875,255.92152404785156,249.78253173828125,250.23548889160156,252.9818115234375,256.94287109375,257.2434387207031,262.6278076171875,283.3055114746094,313.9081726074219,382.061279296875
1991196N06153,BRENDAN,1991,1991-07-22 15:00:00,19.0,120.6,55,68,0.8088235294117647,12.0,49,49,14,300,0,14.46362018585205,192.72811889648438,30.008697509765625,,,,14.46362018585205,12.129095077514648,9.261818885803223,,12.129095077514648,79.84208679199219,144.77886962890625,169.6868133544922,200.0131378173828,220.9517059326172,237.84872436523438,245.26734924316406,251.23309326171875,257.6717834472656,283.9099426269531,293.3177795410156,327.5308532714844
1991289N06156,RUTH,1991,1991-10-27 09:00:00,18.1,122.4,103,103,1.0,0.0,21,0,7,245,0,249.9522705078125,1196.5111083984375,241.20924377441406,,,,249.9522705078125,241.50103759765625,230.00148010253906,112.73884582519531,241.50103759765625,247.1675262451172,250.89036560058594,249.52557373046875,246.00619506835938,239.65036010742188,236.20155334472656,232.07528686523438,225.14308166503906,212.67218017578125,209.4842529296875,267.8499450683594,374.6990661621094
1991289N06156,RUTH,1991,1991-10-27 12:00:00,18.0,122.1,100,103,0.970873786407767,3.0,0,0,6,250,0,249.2771759033203,1779.924072265625,303.4049072265625,,,,249.2771759033203,245.49761962890625,239.0171356201172,297.6015625,245.49761962890625,221.85597229003906,212.3927001953125,210.5904541015625,209.8859405517578,209.156005859375,212.10276794433594,218.064208984375,225.07217407226562,247.78591918945312,300.85858154296875,366.8766784667969,406.93896484375
1991289N06156,RUTH,1991,1991-10-27 15:00:00,17.9,121.8,93,103,0.9029126213592232,6.0,0,0,6,250,0,202.03211975097656,1773.7711181640625,279.78363037109375,,,,202.03211975097656,200.66854858398438,199.12838745117188,113.51139831542969,200.66854858398438,210.36936950683594,234.90103149414062,251.69244384765625,268.0220031738281,286.2873229980469,305.0662536621094,328.4168701171875,349.6285400390625,374.8553466796875,383.6864013671875,386.1084289550781,438.8099365234375
1991289N06156,RUTH,1991,1991-10-27 18:00:00,17.8,121.5,85,103,0.8252427184466019,9.0,0,0,5,255,0,272.8799743652344,2187.368896484375,346.6180419921875,,,,272.8799743652344,271.8114929199219,270.8540954589844,140.75326538085938,271.8114929199219,333.4661560058594,389.3287353515625,402.2428894042969,411.8604431152344,421.1049499511719,426.7259826660156,430.335693359375,428.6120910644531,417.47589111328125,398.46954345703125,415.49041748046875,455.2758483886719
1991289N06156,RUTH,1991,1991-10-27 21:00:00,17.8,121.3,78,103,0.7572815533980582,12.0,0,0,4,260,0,475.7412414550781,2333.36865234375,456.05364990234375,,,,475.7412414550781,475.72088623046875,475.8035888671875,458.4567565917969,475.72088623046875,463.259033203125,442.81536865234375,439.2441101074219,440.445068359375,442.9263000488281,441.614013671875,434.3206481933594,427.46148681640625,421.7704162597656,418.11053466796875,425.86712646484375,455.6724548339844
1991289N06156,RUTH,1991,1991-10-28 00:00:00,17.8,121.1,70,103,0.6796116504854369,15.0,0,0,4,270,0,607.7056274414062,2413.021484375,454.0869140625,,,,607.7056274414062,609.7481079101562,611.4700927734375,763.7039794921875,609.7481079101562,546.4273071289062,496.62799072265625,473.82623291015625,455.34600830078125,439.3955383300781,431.0168762207031,427.2025146484375,430.1484680175781,442.0166931152344,444.02593994140625,436.88714599609375,455.828857421875
1991289N06156,RUTH,1991,1991-10-28 03:00:00,17.8,120.9,68,103,0.6601941747572816,18.0,0,0,4,280,0,590.759521484375,2414.389404296875,461.7300720214844,,,,590.759521484375,591.5904541015625,592.1920166015625,741.0206298828125,591.5904541015625,551.77734375,524.7171020507812,515.0020141601562,500.92193603515625,486.85968017578125,473.5978088378906,463.8382568359375,458.14703369140625,455.158447265625,463.7272644042969,457.9222106933594,450.6036376953125
1991289N06156,RUTH,1991,1991-10-28 06:00:00,17.8,120.7,65,103,0.6310679611650486,21.0,0,0,4,290,0,447.1256408691406,2332.04052734375,427.3843688964844,,,,447.1256408691406,443.0771789550781,438.2071838378906,412.8249206542969,443.0771789550781,500.84832763671875,541.5883178710938,548.023193359375,542.5424194335938,533.1600341796875,526.1469116210938,516.03271484375,509.471923828125,497.6471252441406,486.86981201171875,476.5539855957031,443.1846923828125
1991289N06156,RUTH,1991,1991-10-28 09:00:00,17.9,120.5,63,103,0.6116504854368932,24.0,0,0,5,300,0,286.5822448730469,2331.179931640625,358.31939697265625,,,,286.5822448730469,280.5029296875,275.2880554199219,200.41990661621094,280.5029296875,352.9382629394531,410.80029296875,436.8936767578125,471.149169921875,499.1546630859375,512.1149291992188,516.7056274414062,513.0120239257812,502.32135009765625,501.79132080078125,485.24688720703125,443.1381530761719
1991289N06156,RUTH,1991,1991-10-28 12:00:00,18.1,120.3,60,103,0.5825242718446602,27.0,21,21,5,310,0,117.56547546386719,1218.8052978515625,191.84133911132812,,,,117.56547546386719,111.84600067138672,105.82860565185547,5.862953186035156,111.84600067138672,202.7508544921875,291.2631530761719,328.24713134765625,350.2621154785156,362.3951721191406,377.9415283203125,395.2933349609375,408.1862487792969,439.13665771484375,472.1435241699219,471.0090026855469,466.1813049316406
1991289N06156,RUTH,1991,1991-10-28 15:00:00,18.2,120.1,58,103,0.5631067961165048,30.0,43,43,5,320,0,8.43175983428955,77.43051147460938,13.778581619262695,,,,8.43175983428955,7.393407821655273,6.43236780166626,,7.393407821655273,34.42774963378906,97.32559204101562,137.50845336914062,180.91781616210938,224.37722778320312,274.14910888671875,313.1963195800781,335.9895324707031,364.9205017089844,403.80889892578125,463.7000732421875,475.92254638671875
1991304N08140,THELMA,1991,1991-11-04 18:00:00,11.8,125.9,45,45,1.0,0.0,44,0,8,245,0,1.0172194242477417,44.7771110534668,4.19047737121582,,,,1.0172194242477417,0.8373062014579773,0.6781706213951111,,0.8373062014579773,21.730838775634766,68.00481414794922,81.92655944824219,98.28062438964844,113.0793228149414,123.93974304199219,125.95777893066406,124.36285400390625,119.63956451416016,104.43904876708984,96.76048278808594,106.21842956542969
1991304N08140,THELMA,1991,1991-11-04 21:00:00,11.6,125.4,43,45,0.9555555555555556,3.0,0,0,10,250,0,142.8834686279297,700.9611206054688,136.31832885742188,,,,142.8834686279297,141.36587524414062,139.8534393310547,165.66815185546875,141.36587524414062,124.93968963623047,114.22067260742188,111.16678619384766,108.38279724121094,104.17713165283203,102.93267059326172,109.19116973876953,115.66383361816406,116.47847747802734,109.48423767089844,108.810791015625,91.51856994628906
1991304N08140,THELMA,1991,1991-11-05 00:00:00,11.5,124.9,40,45,0.8888888888888888,6.0,0,0,9,250,0,135.23599243164062,1260.3760986328125,177.1021728515625,,,,135.23599243164062,132.07553100585938,129.07815551757812,45.83564376831055,132.07553100585938,144.67076110839844,134.48580932617188,131.7161407470703,129.0439453125,125.25605010986328,121.01509857177734,116.79927062988281,113.24224090576172,109.19927215576172,103.92835998535156,95.99967956542969,88.854736328125
1991304N08140,THELMA,1991,1991-11-05 03:00:00,11.3,124.5,38,45,0.8444444444444444,9.0,0,0,9,250,0,132.9625701904297,1332.0281982421875,212.64093017578125,,,,132.9625701904297,127.9289779663086,122.98419189453125,105.59555053710938,127.9289779663086,104.30232238769531,90.17984771728516,87.44071960449219,88.28301239013672,92.15010833740234,95.09940338134766,100.65209197998047,105.64838409423828,115.6501235961914,110.42033386230469,94.63462829589844,102.1221923828125
1991304N08140,THELMA,1991,1991-11-05 06:00:00,11.1,124.1,35,45,0.7777777777777778,12.0,10,0,10,250,0,50.98374557495117,553.2767333984375,76.79669189453125,,,,50.98374557495117,46.788856506347656,42.76079177856445,21.723569869995117,46.788856506347656,57.498050689697266,84.94253540039062,96.53097534179688,99.76993560791016,101.54837799072266,102.16305541992188,100.11287689208984,97.4546890258789,97.05474853515625,100.07522583007812,116.638427734375,112.88998413085938
1991304N08140,THELMA,1991,1991-11-05 09:00:00,10.9,123.5,35,45,0.7777777777777778,15.0,0,0,12,250,0,159.22494506835938,1844.2449951171875,268.80535888671875,,,,159.22494506835938,150.92120361328125,141.24578857421875,45.9919548034668,150.92120361328125,149.58004760742188,155.04043579101562,153.79652404785156,147.511962890625,140.65821838378906,133.3708953857422,128.13369750976562,122.87345123291016,115.4927978515625,108.09799194335938,138.4120635986328,138.84043884277344
1991304N08140,THELMA,1991,1991-11-05 12:00:00,10.8,122.9,35,45,0.7777777777777778,18.0,10,0,12,255,0,141.98854064941406,2391.764404296875,269.4630126953125,,,,141.98854064941406,137.85617065429688,134.17649841308594,22.55272102355957,137.85617065429688,143.75328063964844,143.36326599121094,152.0353546142578,160.50877380371094,167.2227783203125,172.2688446044922,172.8739013671875,170.7704315185547,172.7413787841797,172.6991729736328,164.2887725830078,142.74281311035156
1991304N08140,THELMA,1991,1991-11-05 15:00:00,10.6,122.3,35,45,0.7777777777777778,21.0,10,0,13,255,0,166.13963317871094,1569.524169921875,251.8656768798828,,,,166.13963317871094,161.5135040283203,155.5747528076172,133.91339111328125,161.5135040283203,162.8290557861328,166.46563720703125,164.93942260742188,162.28842163085938,162.4732208251953,165.4429931640625,175.09426879882812,185.95677185058594,204.347900390625,195.74951171875,173.57669067382812,154.58868408203125
1991304N08140,THELMA,1991,1991-11-05 18:00:00,10.5,121.7,35,45,0.7777777777777778,24.0,24,24,14,260,0,90.93617248535156,1001.6450805664062,128.1707305908203,,,,90.93617248535156,83.86192321777344,77.95355987548828,3.4797022342681885,83.86192321777344,117.03556823730469,160.662109375,170.0244598388672,175.98619079589844,180.68714904785156,182.9871368408203,188.08843994140625,193.51284790039062,187.5385284423828,171.05368041992188,143.8625946044922,156.89273071289062
1991304N08140,THELMA,1991,1991-11-05 21:00:00,10.3,120.9,35,45,0.7777777777777778,27.0,110,69,14,260,0,0.8680365085601807,124.92188262939453,7.339320659637451,,,,0.8680365085601807,0.7390486598014832,0.6183884143829346,,0.7390486598014832,1.4700324535369873,4.489538192749023,3.4734842777252197,2.6848437786102295,2.587394952774048,2.2911293506622314,2.218897819519043,2.2246110439300537,2.5263516902923584,8.781445503234863,39.962894439697266,111.26458740234375
1991317N09141,WILDA,1991,1991-11-16 09:00:00,13.5,123.7,45,45,1.0,0.0,10,0,12,285,0,140.89199829101562,2427.883544921875,217.92727661132812,,,,140.89199829101562,137.23760986328125,132.70855712890625,169.0261993408203,137.23760986328125,124.5082778930664,111.7978515625,107.3209457397461,103.53485870361328,100.51134490966797,99.0976333618164,96.60958862304688,93.94237518310547,92.34794616699219,91.11077880859375,83.96977996826172,76.29936218261719
1991317N09141,WILDA,1991,1991-11-16 12:00:00,13.7,123.1,45,45,1.0,3.0,0,0,12,280,0,111.26175689697266,1954.0574951171875,184.27537536621094,,,,111.26175689697266,108.49452209472656,104.83197021484375,74.42630004882812,108.49452209472656,105.10527038574219,106.72090911865234,103.96122741699219,102.60779571533203,100.75276184082031,97.1402816772461,93.21388244628906,89.60918426513672,84.10768127441406,86.13971710205078,81.70587921142578,84.60102844238281
1991317N09141,WILDA,1991,1991-11-16 15:00:00,13.8,122.5,45,45,1.0,6.0,0,0,11,280,0,92.78511047363281,1485.2626953125,126.79054260253906,,,,92.78511047363281,90.81964874267578,88.14067077636719,64.80583190917969,90.81964874267578,84.53154754638672,76.51026916503906,75.83769226074219,75.22396087646484,74.2486801147461,71.29998779296875,71.10140991210938,73.62789916992188,79.01347351074219,90.062255859375,95.9498291015625,150.66078186035156
1991317N09141,WILDA,1991,1991-11-16 18:00:00,13.9,122.0,45,45,1.0,9.0,0,0,9,280,0,53.346195220947266,642.419189453125,80.03221130371094,,,,53.346195220947266,50.5347900390625,47.53971481323242,39.40936279296875,50.5347900390625,85.90399169921875,98.92799377441406,100.95440673828125,101.49017333984375,105.45024871826172,109.55758666992188,110.9407730102539,107.55622100830078,104.15328979492188,108.49845123291016,152.21441650390625,157.55592346191406
1991317N09141,WILDA,1991,1991-11-16 21:00:00,13.9,121.6,45,45,1.0,12.0,0,0,8,280,0,154.09629821777344,2129.593994140625,204.29832458496094,,,,154.09629821777344,149.91893005371094,144.4145965576172,174.18106079101562,149.91893005371094,133.28057861328125,119.87738037109375,116.31558227539062,115.47430419921875,115.0691909790039,116.94918823242188,123.12895202636719,133.12489318847656,153.65602111816406,170.66600036621094,173.3729705810547,161.43267822265625
1991317N09141,WILDA,1991,1991-11-17 00:00:00,14.0,121.2,45,45,1.0,15.0,0,0,8,285,0,154.96397399902344,2129.52294921875,194.88128662109375,,,,154.96397399902344,153.26925659179688,151.52581787109375,153.5460968017578,153.26925659179688,138.1405487060547,132.37965393066406,132.63375854492188,138.84359741210938,150.7852325439453,162.23507690429688,173.28993225097656,180.21514892578125,178.1963348388672,176.9880828857422,176.3000946044922,173.93763732910156
1991317N09141,WILDA,1991,1991-11-17 03:00:00,14.1,120.8,45,45,1.0,18.0,0,0,8,290,0,112.913330078125,1065.3184814453125,143.0717315673828,,,,112.913330078125,109.43291473388672,106.05300903320312,171.95884704589844,109.43291473388672,105.91830444335938,99.82988739013672,108.32670593261719,125.64300537109375,138.2435760498047,147.1930389404297,158.9948272705078,167.8355255126953,175.8239288330078,183.89041137695312,189.8128662109375,187.9736328125
1991317N09141,WILDA,1991,1991-11-17 06:00:00,14.3,120.4,45,45,1.0,21.0,15,15,8,305,0,128.60488891601562,1373.3082275390625,191.44239807128906,,,,128.60488891601562,121.49972534179688,111.51912689208984,74.29808807373047,121.49972534179688,118.84822082519531,107.10401153564453,101.27147674560547,95.76187896728516,94.52940368652344,99.61782836914062,108.99488830566406,117.01947021484375,133.2979278564453,170.72286987304688,197.09291076660156,198.17198181152344
1991317N09141,WILDA,1991,1991-11-17 09:00:00,14.6,120.0,45,45,1.0,24.0,24,21,8,315,0,148.19525146484375,1247.8404541015625,201.7558135986328,,,,148.19525146484375,141.23048400878906,133.6535186767578,17.466068267822266,141.23048400878906,171.0651092529297,178.3998260498047,182.7563934326172,175.54043579101562,172.70989990234375,172.5746612548828,170.5346221923828,170.33238220214844,167.28250122070312,159.5176544189453,160.9750518798828,200.33885192871094
1991317N09141,WILDA,1991,1991-11-17 12:00:00,14.9,119.8,45,45,1.0,27.0,32,32,8,320,0,130.57595825195312,1289.17236328125,195.95172119140625,,,,130.57595825195312,123.94905090332031,115.8592300415039,0.586966872215271,123.94905090332031,151.48678588867188,245.17503356933594,273.77117919921875,279.428466796875,277.3606262207031,273.2851257324219,264.5826110839844,251.78997802734375,221.33377075195312,173.11737060546875,135.42869567871094,221.4920196533203
1992188N07156,ELI,1992,1992-07-11 00:00:00,15.7,122.3,75,75,1.0,0.0,46,0,20,280,0,12.569918632507324,533.8739624023438,47.81460189819336,,,,12.569918632507324,8.646288871765137,5.215856075286865,,8.646288871765137,23.018993377685547,64.79718017578125,143.54156494140625,215.2735595703125,261.57244873046875,303.0570983886719,323.97589111328125,342.6045227050781,364.8617858886719,373.6249694824219,350.04254150390625,325.732666015625
1992188N07156,ELI,1992,1992-07-11 03:00:00,15.9,121.4,70,75,0.9333333333333332,3.0,0,0,19,285,0,549.3016967773438,1909.7857666015625,396.0829162597656,,,,549.3016967773438,544.01611328125,537.729736328125,570.9268188476562,544.01611328125,515.2283325195312,474.3083801269531,455.58770751953125,444.5310363769531,435.16778564453125,427.630859375,424.041015625,420.9034729003906,419.26348876953125,416.8716735839844,410.442138671875,368.6176452636719
1992188N07156,ELI,1992,1992-07-11 06:00:00,16.2,120.5,65,75,0.8666666666666667,6.0,0,0,19,290,0,407.68408203125,2216.24072265625,502.35089111328125,,,,407.68408203125,401.5667724609375,395.2326965332031,333.8168029785156,401.5667724609375,427.72930908203125,444.2282409667969,446.3622741699219,451.9447021484375,458.3988342285156,464.1953430175781,467.1141052246094,471.6295166015625,472.5528259277344,472.8470153808594,443.11773681640625,400.6748046875
1992188N07156,ELI,1992,1992-07-11 09:00:00,16.5,119.5,65,75,0.8666666666666667,9.0,39,39,18,290,0,52.26967239379883,155.44200134277344,53.237632751464844,,,,52.26967239379883,49.645992279052734,45.10326385498047,,49.645992279052734,32.79362487792969,28.747180938720703,29.3645076751709,33.53479766845703,39.24660873413086,44.64852523803711,48.17863845825195,56.07211685180664,103.41374206542969,226.40931701660156,388.05902099609375,475.6168212890625
1992289N08135,COLLEEN,1992,1992-10-25 21:00:00,14.9,121.7,58,58,1.0,0.0,15,0,13,260,0,256.08831787109375,1504.2044677734375,282.0038146972656,,,,256.08831787109375,246.24253845214844,232.1415557861328,147.6175994873047,246.24253845214844,251.13148498535156,236.4373016357422,226.3391876220703,216.87191772460938,207.671142578125,202.5065460205078,195.5860137939453,188.1327667236328,171.66567993164062,165.91915893554688,188.02691650390625,232.9404296875
1992289N08135,COLLEEN,1992,1992-10-26 00:00:00,14.8,121.0,55,58,0.9482758620689656,3.0,0,0,14,260,0,161.82997131347656,1507.2529296875,242.83285522460938,,,,161.82997131347656,160.09580993652344,157.97256469726562,73.85970306396484,160.09580993652344,164.27247619628906,166.85342407226562,169.57608032226562,172.87062072753906,172.75656127929688,174.25367736816406,178.78712463378906,183.39002990722656,183.32398986816406,182.83026123046875,195.7667236328125,247.43719482421875
1992289N08135,COLLEEN,1992,1992-10-26 03:00:00,14.6,120.3,53,58,0.913793103448276,6.0,10,10,15,260,0,142.20492553710938,1372.1480712890625,207.75827026367188,,,,142.20492553710938,137.1338653564453,130.96969604492188,201.8734588623047,137.1338653564453,141.14488220214844,142.3546600341797,137.27471923828125,134.0889892578125,135.8760986328125,138.34246826171875,139.4310760498047,141.9009552001953,150.26461791992188,169.90774536132812,179.75152587890625,217.1641082763672
1992289N08135,COLLEEN,1992,1992-10-26 06:00:00,14.4,119.5,50,58,0.8620689655172413,9.0,72,72,15,260,0,,,,,,,,,,,,,,0.0006587447132915258,13.757977485656738,77.34347534179688,77.0362319946289,59.05579376220703,69.73843383789062,139.4375762939453,151.8223876953125,186.2170867919922,159.86993408203125
1993164N04160,KORYN,1993,1993-06-25 18:00:00,16.9,122.6,110,110,1.0,0.0,10,0,15,290,0,348.56298828125,1559.3330078125,316.0085144042969,,,,348.56298828125,339.88568115234375,326.78515625,64.71209716796875,339.88568115234375,331.7193298339844,338.4319152832031,345.1283874511719,340.41546630859375,335.2355041503906,329.3063049316406,323.8135986328125,317.4101257324219,306.66473388671875,286.5975341796875,313.39971923828125,489.8516845703125
1993164N04160,KORYN,1993,1993-06-25 21:00:00,17.1,121.8,108,110,0.9818181818181818,3.0,0,0,14,285,0,216.5019073486328,1803.4219970703125,256.8119812011719,,,,216.5019073486328,215.08920288085938,213.39517211914062,63.9339485168457,215.08920288085938,272.1933288574219,313.3690185546875,332.3568115234375,351.9175109863281,375.1831359863281,402.2236328125,429.9610290527344,454.91748046875,487.0218811035156,509.35955810546875,510.2898864746094,439.6413269042969
1993164N04160,KORYN,1993,1993-06-26 00:00:00,17.3,121.2,105,110,0.9545454545454546,6.0,0,0,13,295,0,826.6378173828125,2657.519287109375,579.3956909179688,,,,826.6378173828125,829.3406372070312,832.597412109375,1005.51171875,829.3406372070312,711.9921264648438,633.4791259765625,603.0843505859375,582.3491821289062,569.74609375,556.3377075195312,543.8029174804688,533.9534912109375,513.670166015625,500.63165283203125,481.2220153808594,417.6920166015625
1993164N04160,KORYN,1993,1993-06-26 03:00:00,17.6,120.6,98,110,0.8909090909090909,9.0,0,0,14,305,0,434.4308166503906,2429.77685546875,430.6940002441406,,,,434.4308166503906,428.3367919921875,420.3316955566406,216.93336486816406,428.3367919921875,545.0344848632812,588.8517456054688,597.73095703125,610.1626586914062,620.53271484375,626.2609252929688,626.9686889648438,621.4909057617188,598.9019165039062,544.1267700195312,491.6150817871094,439.1858825683594
1993164N04160,KORYN,1993,1993-06-26 06:00:00,18.0,120.0,90,110,0.8181818181818182,12.0,52,52,15,305,0,1.9871057271957397,63.57711410522461,7.217075824737549,,,,1.9871057271957397,1.5309581756591797,1.1979444026947021,,1.5309581756591797,24.805055618286133,107.6502685546875,127.17019653320312,136.62489318847656,152.54396057128906,175.9813690185547,208.81785583496094,256.98443603515625,340.8022766113281,432.64208984375,517.0025634765625,495.47039794921875
1993271N14134,FLO,1993,1993-10-04 03:00:00,16.6,122.4,68,68,1.0,0.0,10,0,8,260,0,400.1862487792969,1583.6295166015625,329.33514404296875,,,,400.1862487792969,392.9484558105469,382.6965637207031,394.57611083984375,392.9484558105469,361.6739196777344,335.0245056152344,323.6417541503906,310.1443786621094,299.5428771972656,295.2962951660156,292.4096984863281,292.1522216796875,302.9196472167969,331.3062438964844,402.34539794921875,492.0289611816406
1993271N14134,FLO,1993,1993-10-04 06:00:00,16.5,122.0,65,68,0.9558823529411764,3.0,0,0,8,255,0,336.4651184082031,1800.603271484375,329.0703125,,,,336.4651184082031,333.7276611328125,330.977294921875,537.0111694335938,333.7276611328125,313.6611328125,322.2364196777344,326.6544189453125,332.3241882324219,340.37017822265625,348.3528747558594,356.5056457519531,371.28253173828125,405.1679992675781,480.791748046875,537.7933959960938,423.9754638671875
1993271N14134,FLO,1993,1993-10-04 09:00:00,16.4,121.5,65,68,0.9558823529411764,6.0,0,0,8,255,0,484.99395751953125,1800.8216552734375,351.38262939453125,,,,484.99395751953125,484.1936340332031,483.8818664550781,474.04290771484375,484.1936340332031,506.8909606933594,526.4761352539062,535.6428833007812,546.0272827148438,558.5855712890625,568.0874633789062,571.0404663085938,570.7159423828125,560.91796875,526.1297607421875,467.6152648925781,396.922607421875
1993271N14134,FLO,1993,1993-10-04 12:00:00,16.3,121.1,65,68,0.9558823529411764,9.0,0,0,8,270,0,793.7928466796875,2894.8154296875,445.1357727050781,,,,793.7928466796875,794.3295288085938,794.9414672851562,792.2557373046875,794.3295288085938,753.2177734375,682.1554565429688,646.8938598632812,620.084716796875,598.787109375,578.1060791015625,559.36328125,541.476318359375,511.7720642089844,475.4253234863281,440.0112609863281,390.9622802734375
1993271N14134,FLO,1993,1993-10-04 15:00:00,16.3,120.7,63,68,0.9264705882352942,12.0,0,0,8,275,0,684.4318237304688,2895.878173828125,594.0354614257812,,,,684.4318237304688,681.5457153320312,677.49365234375,892.1810913085938,681.5457153320312,649.6304321289062,606.8511352539062,585.8655395507812,568.403076171875,555.4508056640625,543.5029296875,533.1521606445312,523.0785522460938,501.8992919921875,480.6397399902344,443.8023986816406,401.70526123046875
1993271N14134,FLO,1993,1993-10-04 18:00:00,16.4,120.3,60,68,0.8823529411764706,15.0,10,0,8,270,0,351.16473388671875,2219.3173828125,467.29815673828125,,,,351.16473388671875,342.6224060058594,331.62841796875,136.61669921875,342.6224060058594,388.846923828125,446.32147216796875,466.02874755859375,478.6534118652344,487.7049255371094,489.8230285644531,491.33929443359375,493.7268371582031,506.5558166503906,512.4296264648438,480.4637451171875,408.4442443847656
1993271N14134,FLO,1993,1993-10-04 21:00:00,16.3,119.9,58,68,0.8529411764705882,18.0,0,0,6,255,0,53.15207290649414,745.7359008789062,90.16596221923828,,,,53.15207290649414,50.954715728759766,47.97038269042969,27.0263671875,50.954715728759766,57.717529296875,101.59963989257812,141.5338134765625,182.79708862304688,216.41482543945312,241.5714111328125,271.84442138671875,303.3829650878906,372.6344909667969,423.4406433105469,453.4949645996094,434.1685791015625
1993271N14134,FLO,1993,1993-10-05 00:00:00,16.2,119.7,55,68,0.8088235294117647,21.0,10,10,3,215,0,47.152591705322266,719.4706420898438,74.18680572509766,,,,47.152591705322266,44.94719696044922,42.27070236206055,46.420467376708984,44.94719696044922,60.25196838378906,83.82225799560547,90.71661376953125,96.47185516357422,112.92376708984375,135.2220916748047,165.27923583984375,197.8438720703125,242.1067352294922,301.9373474121094,398.6417541503906,440.04132080078125
1993271N14134,FLO,1993,1993-10-05 03:00:00,16.1,119.7,53,68,0.7794117647058824,24.0,10,0,3,120,0,57.56361389160156,742.0224609375,93.27055358886719,,,,57.56361389160156,54.839073181152344,52.04877853393555,39.87217330932617,54.839073181152344,83.07853698730469,106.2994613647461,118.4866943359375,133.51133728027344,145.15806579589844,155.91329956054688,171.3711395263672,193.80258178710938,225.9333038330078,275.5614929199219,372.558349609375,429.9202575683594
1993271N14134,FLO,1993,1993-10-05 06:00:00,16.1,120.0,50,68,0.7352941176470589,27.0,0,0,4,80,0,88.54918670654297,1109.455078125,159.65403747558594,,,,88.54918670654297,85.16584777832031,81.61629486083984,71.8479232788086,85.16584777832031,114.23819732666016,166.35299682617188,194.65347290039062,216.63011169433594,235.39024353027344,254.1058807373047,275.1497497558594,299.0086364746094,345.73089599609375,388.75555419921875,416.3616027832031,418.1802062988281
1993271N14134,FLO,1993,1993-10-05 09:00:00,16.1,120.1,50,68,0.7352941176470589,30.0,0,0,4,45,0,94.9847640991211,1340.1785888671875,168.6410369873047,,,,94.9847640991211,91.56515502929688,87.93914794921875,74.03300476074219,91.56515502929688,148.64236450195312,203.4596405029297,225.4494171142578,250.1353302001953,276.3109436035156,300.74798583984375,321.3073425292969,342.4617614746094,376.341796875,408.762451171875,430.2142333984375,415.94390869140625
1993271N14134,FLO,1993,1993-10-05 12:00:00,16.4,120.3,50,68,0.7352941176470589,33.0,10,0,6,35,0,351.16473388671875,2219.3173828125,467.29815673828125,,,,351.16473388671875,342.6224060058594,331.62841796875,136.61669921875,342.6224060058594,388.846923828125,446.32147216796875,466.02874755859375,478.6534118652344,487.7049255371094,489.8230285644531,491.33929443359375,493.7268371582031,506.5558166503906,512.4296264648438,480.4637451171875,408.4442443847656
1993271N14134,FLO,1993,1993-10-05 15:00:00,16.6,120.5,50,68,0.7352941176470589,36.0,0,0,7,35,0,823.7052001953125,2894.481201171875,667.8892211914062,,,,823.7052001953125,811.105224609375,803.3318481445312,593.7427368164062,811.105224609375,797.7691650390625,719.3378295898438,686.7376708984375,659.6698608398438,642.96826171875,627.735107421875,616.3299560546875,604.113037109375,574.600341796875,530.4381713867188,477.86199951171875,414.118896484375
1993271N14134,FLO,1993,1993-10-05 18:00:00,16.9,120.7,50,68,0.7352941176470589,39.0,0,0,9,30,0,966.8048706054688,2896.990234375,649.9677734375,,,,966.8048706054688,961.2579956054688,958.32275390625,1067.620849609375,961.2579956054688,921.0902709960938,867.7350463867188,831.3778076171875,796.8462524414062,761.347412109375,733.1339111328125,705.4558715820312,679.5018920898438,622.4066772460938,543.7210693359375,468.32696533203125,404.4848937988281
1993271N14134,FLO,1993,1993-10-05 21:00:00,17.4,120.9,48,68,0.7058823529411765,42.0,0,0,11,30,0,821.7559814453125,2655.8701171875,556.1470947265625,,,,821.7559814453125,823.1930541992188,824.4766845703125,1030.9285888671875,823.1930541992188,760.8224487304688,699.45654296875,673.5349731445312,652.6588745117188,630.4674682617188,611.3779296875,591.1817626953125,572.3348388671875,537.9659423828125,509.88641357421875,478.3544006347656,416.5588684082031
1993271N14134,FLO,1993,1993-10-06 00:00:00,17.9,121.3,45,68,0.6617647058823529,45.0,0,0,13,35,0,442.1637268066406,2329.47119140625,439.2038879394531,,,,442.1637268066406,442.20440673828125,442.4194030761719,363.2069091796875,442.20440673828125,431.0977783203125,409.9386291503906,405.75286865234375,407.64404296875,411.6653747558594,411.4436950683594,409.9971008300781,409.9765625,411.1103820800781,406.56414794921875,416.9567565917969,453.86102294921875
1993271N14134,FLO,1993,1993-10-06 03:00:00,18.4,121.8,43,68,0.6323529411764706,48.0,11,11,15,40,0,118.55145263671875,1119.415771484375,191.7716522216797,,,,118.55145263671875,115.72456359863281,111.43601989746094,6.841638088226318,115.72456359863281,117.86180114746094,140.599609375,162.11532592773438,177.0408172607422,190.3383331298828,206.02980041503906,227.8129119873047,252.72207641601562,284.2643737792969,310.9696350097656,334.4864196777344,377.98333740234375
1993271N14134,FLO,1993,1993-10-06 06:00:00,19.0,122.3,40,68,0.5882352941176471,51.0,67,67,15,50,0,78.00524139404297,788.9702758789062,140.62594604492188,,,,78.00524139404297,67.8901138305664,56.678985595703125,0.6408085227012634,67.8901138305664,52.587852478027344,57.86520004272461,65.63363647460938,83.05516815185547,97.759521484375,107.83907318115234,112.96247863769531,113.05435180664062,114.74343872070312,102.2883529663086,156.01913452148438,279.926025390625
1993298N11154,IRA,1993,1993-11-01 06:00:00,16.1,122.2,105,105,1.0,0.0,10,0,12,275,0,401.3277893066406,1800.9072265625,411.77117919921875,,,,401.3277893066406,386.2012939453125,369.3726501464844,36.88960647583008,386.2012939453125,409.76043701171875,397.314208984375,396.5467224121094,392.455078125,385.90924072265625,381.21728515625,383.1607360839844,389.90289306640625,405.9949645996094,378.9755554199219,395.8179931640625,428.1479187011719
1993298N11154,IRA,1993,1993-11-01 09:00:00,16.1,121.6,95,105,0.9047619047619048,3.0,0,0,12,275,0,551.370361328125,1908.3983154296875,394.2181396484375,,,,551.370361328125,545.6110229492188,538.6383666992188,579.3504028320312,545.6110229492188,510.2733154296875,481.0327453613281,472.79364013671875,469.0171203613281,466.33453369140625,465.63421630859375,465.0716857910156,461.72509765625,471.7502746582031,474.6968688964844,438.3576965332031,384.201416015625
1993298N11154,IRA,1993,1993-11-01 12:00:00,16.2,121.0,85,105,0.8095238095238095,6.0,0,0,11,275,0,729.2992553710938,2894.818603515625,470.89581298828125,,,,729.2992553710938,729.6116943359375,729.8566284179688,793.5680541992188,729.6116943359375,684.3889770507812,620.9764404296875,591.5748291015625,567.1898193359375,547.7681274414062,531.4089965820312,517.80322265625,506.95404052734375,490.4916687011719,467.1969909667969,430.2620849609375,386.9028625488281
1993298N11154,IRA,1993,1993-11-01 15:00:00,16.2,120.4,75,105,0.7142857142857143,9.0,0,0,10,275,0,302.63922119140625,2218.003173828125,437.10003662109375,,,,302.63922119140625,296.6416015625,290.83465576171875,191.48318481445312,296.6416015625,344.4163513183594,390.4651184082031,404.10430908203125,413.9856262207031,427.7280578613281,442.91461181640625,453.6272888183594,458.6591796875,460.2565002441406,472.45263671875,446.7779235839844,405.0837707519531
1993298N11154,IRA,1993,1993-11-01 18:00:00,16.3,120.0,65,105,0.6190476190476191,12.0,10,0,9,285,0,55.8825569152832,745.7778930664062,90.62619018554688,,,,55.8825569152832,53.056121826171875,50.173561096191406,26.931013107299805,53.056121826171875,95.55970764160156,176.28692626953125,208.65020751953125,237.0030059814453,265.4041748046875,298.88299560546875,337.1122131347656,374.74176025390625,423.5444641113281,441.7418212890625,466.19000244140625,428.1542053222656
1993298N11154,IRA,1993,1993-11-01 21:00:00,16.5,119.6,63,105,0.6,15.0,30,30,9,295,0,34.63861846923828,155.2440948486328,46.91371536254883,,,,34.63861846923828,32.75672149658203,30.772289276123047,0.0,32.75672149658203,28.931015014648438,31.203548431396484,34.99473571777344,40.94135665893555,46.60203170776367,51.897281646728516,71.44072723388672,99.55992889404297,181.5311279296875,307.0428771972656,439.9908142089844,477.7457275390625
1993298N11154,IRA,1993,1993-11-02 00:00:00,16.7,119.2,60,105,0.5714285714285714,18.0,78,78,9,295,0,,,,,,,,,,,,,0.0,0.01465474534779787,26.158288955688477,46.327056884765625,42.94692611694336,35.117713928222656,30.647829055786133,27.512697219848633,37.70963668823242,155.44322204589844,467.5146789550781
1993322N09137,KYLE,1993,1993-11-20 06:00:00,10.8,125.3,35,35,1.0,0.0,24,0,10,280,0,116.79795837402344,1117.41015625,181.3180694580078,,,,116.79795837402344,109.50469970703125,102.22135925292969,1.428566336631775,109.50469970703125,130.5928955078125,132.48866271972656,130.21543884277344,129.19561767578125,129.0181121826172,126.29032897949219,123.63047790527344,120.6649169921875,114.01090240478516,105.8524169921875,99.8004379272461,114.2977294921875
1993322N09137,KYLE,1993,1993-11-20 09:00:00,10.9,124.8,35,35,1.0,3.0,0,0,11,280,0,152.68338012695312,1292.555908203125,217.432373046875,,,,152.68338012695312,148.10162353515625,142.96429443359375,237.3594512939453,148.10162353515625,138.0289764404297,130.19949340820312,130.62222290039062,131.54452514648438,128.5408477783203,122.69175720214844,118.37734985351562,114.23458862304688,107.87065887451172,104.15036010742188,104.89981842041016,111.07305145263672
1993322N09137,KYLE,1993,1993-11-20 12:00:00,11.1,124.3,35,35,1.0,6.0,10,0,11,285,0,93.95203399658203,1255.9208984375,169.54100036621094,,,,93.95203399658203,87.21480560302734,81.3992691040039,58.07033920288086,87.21480560302734,103.10759735107422,110.17574310302734,107.03922271728516,102.94795989990234,99.14859771728516,96.30821990966797,92.61248016357422,90.19275665283203,93.2292251586914,105.00415802001953,117.10750579833984,106.36808776855469
1993322N09137,KYLE,1993,1993-11-20 15:00:00,11.2,123.7,38,35,1.0857142857142856,9.0,21,0,12,290,0,18.007539749145508,275.9027404785156,38.74489212036133,,,,18.007539749145508,15.844311714172363,13.5018892288208,2.477994203567505,15.844311714172363,28.320194244384766,53.290496826171875,66.35334014892578,78.52619934082031,91.54927062988281,96.41455078125,98.26214599609375,100.79631805419922,105.94571685791016,102.60579681396484,100.17823791503906,131.07518005371094
1993322N09137,KYLE,1993,1993-11-20 18:00:00,11.4,123.1,40,35,1.1428571428571428,12.0,0,0,13,285,0,47.91191482543945,795.8764038085938,79.38294219970703,,,,47.91191482543945,45.49327087402344,42.58211898803711,45.00291061401367,45.49327087402344,43.500205993652344,49.60020446777344,56.37564468383789,63.57761764526367,74.87120819091797,87.3329849243164,97.94722747802734,114.76132202148438,136.1578826904297,134.55068969726562,129.57960510253906,121.88520812988281
1993322N09137,KYLE,1993,1993-11-20 21:00:00,11.6,122.4,40,35,1.1428571428571428,15.0,0,0,14,280,0,202.19248962402344,2077.115478515625,302.4034729003906,,,,202.19248962402344,197.38131713867188,192.6851043701172,92.22323608398438,197.38131713867188,201.65310668945312,192.65771484375,188.87521362304688,182.00701904296875,173.90367126464844,168.60096740722656,165.3756561279297,156.16932678222656,140.9254150390625,127.60704040527344,124.33684539794922,132.72877502441406
1993322N09137,KYLE,1993,1993-11-21 00:00:00,11.7,121.7,40,35,1.1428571428571428,18.0,15,15,13,280,0,70.19731903076172,1045.633056640625,148.6140594482422,,,,70.19731903076172,62.03471374511719,53.06981658935547,11.80408000946045,62.03471374511719,104.01798248291016,132.16127014160156,145.85951232910156,151.23948669433594,158.14974975585938,162.3231964111328,167.43936157226562,167.58546447753906,168.9456787109375,162.9929656982422,169.82232666015625,149.42051696777344
1993322N09137,KYLE,1993,1993-11-21 03:00:00,11.7,121.1,40,35,1.1428571428571428,21.0,55,55,11,275,0,5.621069431304932,257.3863220214844,18.793895721435547,,,,5.621069431304932,4.54511022567749,3.4425766468048096,0.0,4.54511022567749,5.564530372619629,9.864458084106445,13.951688766479492,17.961557388305664,25.341691970825195,34.56126022338867,43.427337646484375,57.12147521972656,72.22084045410156,123.90223693847656,168.13888549804688,158.65060424804688
1993331N05172,LOLA,1993,1993-12-05 12:00:00,14.2,123.1,80,80,1.0,0.0,15,0,8,255,0,91.69882202148438,1489.99462890625,159.9801788330078,,,,91.69882202148438,87.12540435791016,81.35967254638672,5.7113165855407715,87.12540435791016,84.3555679321289,97.42110443115234,98.3995132446289,94.13909149169922,91.48771667480469,89.0531005859375,88.6641616821289,87.15473175048828,87.60589599609375,84.98286437988281,81.78863525390625,100.02767944335938
1993331N05172,LOLA,1993,1993-12-05 15:00:00,14.1,122.7,78,80,0.975,3.0,0,0,9,255,0,90.91390991210938,1482.98583984375,139.3779296875,,,,90.91390991210938,88.41132354736328,85.43933868408203,161.6062469482422,88.41132354736328,80.5418472290039,74.79204559326172,69.78596496582031,67.14456939697266,66.88568878173828,70.2220230102539,72.16265106201172,71.27904510498047,72.27752685546875,83.06647491455078,97.28756713867188,113.47003173828125
1993331N05172,LOLA,1993,1993-12-05 18:00:00,14.0,122.2,75,80,0.9375,6.0,10,0,10,260,0,57.624717712402344,702.6879272460938,79.16434478759766,,,,57.624717712402344,55.28836441040039,52.50326156616211,30.789846420288086,55.28836441040039,59.53692626953125,80.03121185302734,89.41972351074219,97.08650970458984,99.86865997314453,99.82722473144531,96.97541046142578,94.76996612548828,97.80107116699219,102.22754669189453,113.76168060302734,160.7053680419922
1993331N05172,LOLA,1993,1993-12-05 21:00:00,13.8,121.6,73,80,0.9125,9.0,10,0,12,260,0,152.65127563476562,2130.509521484375,210.655517578125,,,,152.65127563476562,148.2732391357422,142.13865661621094,47.199851989746094,148.2732391357422,136.81219482421875,115.9923324584961,109.3216552734375,106.6988296508789,110.49124145507812,123.39581298828125,136.64727783203125,149.23681640625,164.7039794921875,182.13307189941406,174.13986206054688,156.37713623046875
1993331N05172,LOLA,1993,1993-12-06 00:00:00,13.7,121.0,70,80,0.875,12.0,0,0,11,255,0,199.23895263671875,2540.01220703125,317.54730224609375,,,,199.23895263671875,191.03138732910156,180.7582550048828,80.53889465332031,191.03138732910156,222.00717163085938,220.70755004882812,210.6968231201172,204.56460571289062,201.32470703125,200.95445251464844,201.01295471191406,202.1036376953125,207.45460510253906,201.9885711669922,188.0012969970703,162.94686889648438
1993331N05172,LOLA,1993,1993-12-06 03:00:00,13.6,120.5,68,80,0.85,15.0,22,11,10,255,0,193.67514038085938,1744.1273193359375,319.2633972167969,,,,193.67514038085938,179.3260040283203,164.92210388183594,216.9403533935547,179.3260040283203,185.824462890625,210.75059509277344,217.26805114746094,216.53135681152344,214.1598663330078,212.83311462402344,210.9195098876953,209.79844665527344,215.1266326904297,222.12391662597656,199.69522094726562,176.06515502929688
1993331N05172,LOLA,1993,1993-12-06 06:00:00,13.5,120.1,65,80,0.8125,18.0,24,24,9,250,0,102.88960266113281,1485.418701171875,204.66490173339844,,,,102.88960266113281,92.53936004638672,81.49942779541016,7.822340488433838,92.53936004638672,132.1360321044922,126.8188247680664,132.5198211669922,147.0296173095703,167.0419921875,185.19175720214844,196.66485595703125,209.5615234375,212.7661590576172,218.8723602294922,213.1691436767578,181.41845703125
1993331N05172,LOLA,1993,1993-12-06 09:00:00,13.3,119.6,63,80,0.7875,21.0,76,76,9,250,0,,,,,,,,,,,,,0.0,0.0,13.251522064208984,49.074913024902344,69.7715072631836,75.66670227050781,77.88298034667969,110.38053131103516,107.85704040527344,161.60675048828125,193.63961791992188
1993336N05164,MANNY,1993,1993-12-09 21:00:00,12.7,124.5,110,110,1.0,0.0,22,0,11,255,0,71.62366485595703,1532.138427734375,119.29180145263672,,,,71.62366485595703,67.56492614746094,62.51120376586914,7.347006320953369,67.56492614746094,75.02819061279297,69.76944732666016,70.73654174804688,74.27313232421875,74.98824310302734,74.03396606445312,73.6743392944336,72.75973510742188,78.78529357910156,84.7867202758789,86.82611846923828,87.07453918457031
1993336N05164,MANNY,1993,1993-12-10 00:00:00,12.5,124.0,105,110,0.9545454545454546,3.0,0,0,11,260,0,59.93624496459961,1531.8258056640625,109.15264129638672,,,,59.93624496459961,56.3414421081543,52.101566314697266,42.07296371459961,56.3414421081543,61.934959411621094,63.266387939453125,59.323890686035156,57.325775146484375,57.003684997558594,58.7956657409668,61.399627685546875,61.810577392578125,65.2529525756836,71.68408203125,80.07473754882812,83.58258056640625
1993336N05164,MANNY,1993,1993-12-10 03:00:00,12.5,123.5,95,110,0.8636363636363636,6.0,10,0,10,265,0,45.369022369384766,683.6410522460938,76.34921264648438,,,,45.369022369384766,42.83233642578125,40.255210876464844,70.0772476196289,42.83233642578125,42.55756759643555,49.16020584106445,53.50829315185547,56.18710708618164,56.788692474365234,58.264930725097656,59.17733383178711,62.46354293823242,68.42708587646484,66.55123138427734,71.40811920166016,91.34060668945312
1993336N05164,MANNY,1993,1993-12-10 06:00:00,12.5,123.0,85,110,0.7727272727272727,9.0,32,32,9,265,0,89.56288146972656,2023.593017578125,207.19020080566406,,,,89.56288146972656,83.18205261230469,78.43180084228516,0.015046846121549606,83.18205261230469,78.48834228515625,62.62856674194336,58.85821533203125,58.50278854370117,58.11648178100586,55.10686111450195,54.53291702270508,55.85944747924805,58.70100784301758,66.39297485351562,75.57489013671875,103.04306030273438
1993353N05159,NELL,1993,1993-12-26 03:00:00,9.4,126.2,68,68,1.0,0.0,22,0,13,290,0,158.38189697265625,1274.6153564453125,227.2681884765625,,,,158.38189697265625,149.8398895263672,139.88377380371094,28.200693130493164,149.8398895263672,199.58917236328125,239.5587921142578,233.3834228515625,226.98060607910156,217.3334197998047,206.25607299804688,196.12667846679688,186.0880126953125,170.93287658691406,162.21820068359375,177.87928771972656,255.12107849121094
1993353N05159,NELL,1993,1993-12-26 06:00:00,9.7,125.6,65,68,0.9558823529411764,3.0,0,0,13,295,0,143.07818603515625,1739.6517333984375,245.2046356201172,,,,143.07818603515625,137.16964721679688,130.09207153320312,79.40861511230469,137.16964721679688,149.66702270507812,152.91419982910156,159.52149963378906,163.56224060058594,160.9710235595703,160.1101531982422,162.0718994140625,165.7200164794922,169.53466796875,182.2965545654297,203.7532196044922,222.448974609375
1993353N05159,NELL,1993,1993-12-26 09:00:00,10.0,124.9,65,68,0.9558823529411764,6.0,10,10,14,300,0,100.5621337890625,972.4425048828125,152.16091918945312,,,,100.5621337890625,94.27953338623047,87.07949829101562,94.19828796386719,94.27953338623047,110.87924194335938,112.63389587402344,113.86597442626953,114.69496154785156,114.13604736328125,112.20438385009766,112.94667053222656,112.32784271240234,110.94252014160156,127.28263092041016,150.36618041992188,191.783935546875
1993353N05159,NELL,1993,1993-12-26 12:00:00,10.3,124.3,65,68,0.9558823529411764,9.0,22,0,14,300,0,47.96135711669922,722.1588134765625,88.82949829101562,,,,47.96135711669922,44.75849533081055,41.621856689453125,5.114747524261475,44.75849533081055,87.30484008789062,117.27820587158203,117.54802703857422,116.84809875488281,119.58394622802734,121.78530883789062,123.24955749511719,124.05159759521484,124.0267562866211,133.81704711914062,142.2246856689453,143.4715576171875
1993353N05159,NELL,1993,1993-12-26 15:00:00,10.6,123.7,65,68,0.9558823529411764,12.0,10,0,14,300,0,159.67613220214844,1767.1483154296875,200.79649353027344,,,,159.67613220214844,153.42730712890625,146.13323974609375,158.68971252441406,153.42730712890625,177.09274291992188,179.12777709960938,168.30833435058594,157.43019104003906,148.608642578125,142.53358459472656,140.39894104003906,138.51332092285156,133.26437377929688,135.65818786621094,133.2650604248047,140.9727325439453
1993353N05159,NELL,1993,1993-12-26 18:00:00,11.0,123.1,65,68,0.9558823529411764,15.0,10,0,13,300,0,130.70980834960938,1849.4140625,229.98252868652344,,,,130.70980834960938,126.77173614501953,121.73062133789062,49.455623626708984,126.77173614501953,119.91879272460938,120.7956314086914,116.89689636230469,114.77421569824219,116.56839752197266,124.59798431396484,134.309814453125,145.65390014648438,162.91030883789062,159.05764770507812,144.36631774902344,139.59588623046875
1993353N05159,NELL,1993,1993-12-26 21:00:00,11.2,122.6,65,68,0.9558823529411764,18.0,0,0,12,295,0,188.1204071044922,2031.244384765625,286.3527526855469,,,,188.1204071044922,186.40025329589844,184.12249755859375,102.30169677734375,186.40025329589844,187.22621154785156,167.44219970703125,159.61639404296875,153.47341918945312,152.1535186767578,152.07958984375,153.68824768066406,156.93960571289062,161.9325714111328,151.4730987548828,145.43826293945312,130.8106689453125
1993353N05159,NELL,1993,1993-12-27 00:00:00,11.5,122.0,65,68,0.9558823529411764,21.0,10,10,12,295,0,265.1863708496094,2067.27978515625,346.13092041015625,,,,265.1863708496094,255.1385498046875,241.67880249023438,292.35546875,255.1385498046875,245.19427490234375,233.5076446533203,225.30892944335938,218.39671325683594,207.81378173828125,197.42198181152344,187.23641967773438,177.13426208496094,157.03115844726562,138.5423583984375,117.48773193359375,151.57244873046875
1993353N05159,NELL,1993,1993-12-27 03:00:00,11.7,121.5,63,68,0.9264705882352942,24.0,34,33,11,290,0,18.012296676635742,569.1830444335938,51.93190383911133,,,,18.012296676635742,14.769038200378418,11.65871810913086,5.086321830749512,14.769038200378418,43.28358840942383,43.35243225097656,62.45367431640625,84.18281555175781,101.48751068115234,114.25538635253906,123.16512298583984,132.94515991210938,150.12693786621094,176.89675903320312,179.20339965820312,150.39617919921875
1994088N09148,OWEN,1994,1994-04-04 03:00:00,10.2,125.2,73,73,1.0,0.0,10,0,13,275,0,136.2257080078125,971.2410278320312,182.3065185546875,,,,136.2257080078125,129.54415893554688,121.79662322998047,95.7180404663086,129.54415893554688,122.79789733886719,114.0151138305664,111.74174499511719,108.04702758789062,104.79145812988281,100.06538391113281,97.13080596923828,97.81665802001953,102.94585418701172,120.57803344726562,131.67315673828125,162.88302612304688
1994088N09148,OWEN,1994,1994-04-04 06:00:00,10.3,124.5,70,73,0.958904109589041,3.0,24,0,13,275,0,72.77932739257812,1111.208984375,132.45999145507812,,,,72.77932739257812,68.86251831054688,64.38343811035156,0.645321786403656,68.86251831054688,80.4183120727539,111.72090911865234,124.47018432617188,131.12774658203125,132.28277587890625,132.66122436523438,130.07472229003906,128.52520751953125,122.92862701416016,110.95539093017578,126.91303253173828,153.91073608398438
1994088N09148,OWEN,1994,1994-04-04 09:00:00,10.4,123.9,65,73,0.8904109589041096,6.0,0,0,12,280,0,111.51671600341797,975.9632568359375,163.6927490234375,,,,111.51671600341797,106.24465942382812,101.21708679199219,186.39053344726562,106.24465942382812,97.67948913574219,108.9510498046875,118.46246337890625,129.88046264648438,146.52142333984375,155.49192810058594,154.0730438232422,150.36331176757812,147.39076232910156,155.0258026123047,143.52769470214844,135.3209991455078
1994088N09148,OWEN,1994,1994-04-04 12:00:00,10.5,123.3,60,73,0.821917808219178,9.0,0,0,11,275,0,239.17079162597656,2412.910888671875,310.9110412597656,,,,239.17079162597656,235.55099487304688,231.21597290039062,467.5179748535156,235.55099487304688,208.18994140625,196.18136596679688,187.54771423339844,180.051025390625,170.7535858154297,162.96258544921875,156.50730895996094,151.63014221191406,146.9092254638672,147.98931884765625,159.25868225097656,147.51943969726562
1994088N09148,OWEN,1994,1994-04-04 15:00:00,10.5,122.7,58,73,0.7945205479452054,12.0,10,10,11,275,0,75.28006744384766,2414.37255859375,204.19366455078125,,,,75.28006744384766,71.2259521484375,66.64927673339844,28.579833984375,71.2259521484375,127.5526123046875,198.3208465576172,207.2957305908203,205.90931701660156,201.3186798095703,197.56190490722656,195.097412109375,192.56422424316406,190.78448486328125,187.63467407226562,179.65853881835938,149.66441345214844
1994088N09148,OWEN,1994,1994-04-04 18:00:00,10.5,122.2,55,73,0.7534246575342466,15.0,10,0,10,275,0,156.88351440429688,1379.1326904296875,230.95489501953125,,,,156.88351440429688,150.9963836669922,143.404541015625,115.86068725585938,150.9963836669922,160.86070251464844,160.44143676757812,160.7162322998047,160.5292510986328,161.2417449951172,160.32192993164062,162.29002380371094,170.7691650390625,197.25636291503906,210.49710083007812,175.6134796142578,160.364013671875
1994088N09148,OWEN,1994,1994-04-04 21:00:00,10.6,121.7,53,73,0.726027397260274,18.0,31,31,10,275,0,105.0566635131836,1009.6052856445312,143.3243865966797,,,,105.0566635131836,98.0074691772461,93.29366302490234,0.0,98.0074691772461,143.48570251464844,172.73516845703125,183.71249389648438,192.8325653076172,203.38258361816406,213.42066955566406,216.1263885498047,213.94723510742188,199.6931915283203,170.90736389160156,134.38746643066406,152.2456512451172
1994197N14115,YUNYA,1994,1994-07-18 21:00:00,17.7,120.2,45,45,1.0,0.0,15,0,10,40,0,140.703857421875,1219.2840576171875,215.7418670654297,,,,140.703857421875,136.002197265625,131.90750122070312,2.007269859313965,136.002197265625,160.85472106933594,198.00999450683594,231.41917419433594,273.51458740234375,324.6644592285156,386.4645080566406,447.7934875488281,501.2406921386719,559.1312866210938,619.98779296875,583.4930419921875,452.4811706542969
1994197N14115,YUNYA,1994,1994-07-19 00:00:00,18.1,120.6,45,45,1.0,3.0,0,0,10,40,0,410.22637939453125,2329.212646484375,414.8514709472656,,,,410.22637939453125,405.6959533691406,400.8267822265625,88.7943344116211,405.6959533691406,414.27349853515625,413.4362487792969,416.3619079589844,416.3418273925781,420.89105224609375,424.8089599609375,431.4415588378906,432.4896545410156,435.93463134765625,430.4528503417969,446.0460510253906,446.994873046875
1994197N14115,YUNYA,1994,1994-07-19 03:00:00,18.5,120.9,40,45,0.8888888888888888,6.0,0,0,10,35,0,360.9312744140625,1823.47607421875,364.4771423339844,,,,360.9312744140625,354.9059753417969,343.9510803222656,382.4033508300781,354.9059753417969,339.4832458496094,325.8664855957031,320.0199890136719,324.036376953125,325.9305725097656,327.9566650390625,327.6485595703125,327.2861022949219,321.682861328125,319.9365234375,354.3256530761719,416.64251708984375
1994197N14115,YUNYA,1994,1994-07-19 06:00:00,18.9,121.2,35,45,0.7777777777777778,9.0,44,44,9,45,0,64.1729507446289,842.0654907226562,122.47579193115234,,,,64.1729507446289,56.360782623291016,47.95236587524414,22.321182250976562,56.360782623291016,134.64222717285156,181.88238525390625,197.18338012695312,213.87265014648438,227.79974365234375,233.54107666015625,232.32325744628906,231.64068603515625,233.8700714111328,249.77667236328125,282.6385803222656,352.80047607421875
1994287N14156,TERESA,1994,1994-10-21 00:00:00,14.8,122.1,75,75,1.0,0.0,44,0,9,245,0,18.30069923400879,313.4511413574219,37.746543884277344,,,,18.30069923400879,16.6815242767334,15.034680366516113,19.00371742248535,16.6815242767334,36.55812072753906,88.95189666748047,117.33734130859375,135.55123901367188,146.51715087890625,156.55690002441406,159.51992797851562,159.41432189941406,167.20091247558594,165.2649383544922,153.68182373046875,192.6656036376953
1994287N14156,TERESA,1994,1994-10-21 03:00:00,14.6,121.6,70,75,0.9333333333333332,3.0,0,0,10,245,0,243.782470703125,1499.87109375,253.12342834472656,,,,243.782470703125,238.88442993164062,231.27586364746094,260.5653381347656,238.88442993164062,210.2656707763672,193.84169006347656,184.18927001953125,175.15835571289062,168.6051483154297,162.70611572265625,157.55125427246094,154.7159423828125,151.57032775878906,145.39859008789062,146.1939697265625,212.4365234375
1994287N14156,TERESA,1994,1994-10-21 06:00:00,14.4,121.1,65,75,0.8666666666666667,6.0,0,0,11,250,0,150.10336303710938,1454.8079833984375,184.6004638671875,,,,150.10336303710938,147.41163635253906,144.6792449951172,37.838863372802734,147.41163635253906,184.9512176513672,180.19223022460938,174.72645568847656,168.86817932128906,165.3919677734375,161.3948211669922,156.7686767578125,152.89454650878906,149.68528747558594,157.95843505859375,170.49258422851562,208.19717407226562
1994287N14156,TERESA,1994,1994-10-21 09:00:00,14.2,120.6,60,75,0.8,9.0,0,0,11,250,0,128.7460479736328,1376.0032958984375,172.5065155029297,,,,128.7460479736328,123.68328857421875,117.81796264648438,75.76969146728516,123.68328857421875,109.37407684326172,100.46753692626953,93.49714660644531,89.7479248046875,98.02989196777344,107.14507293701172,120.01890563964844,135.4399871826172,164.7570343017578,186.5498809814453,192.17166137695312,193.07481384277344
1994287N14156,TERESA,1994,1994-10-21 12:00:00,14.0,120.0,55,75,0.7333333333333333,12.0,64,64,12,250,0,33.84159851074219,728.1909790039062,84.26884460449219,,,,33.84159851074219,30.329959869384766,26.760509490966797,3.558443307876587,30.329959869384766,25.995704650878906,26.354291915893555,54.2433967590332,75.22381591796875,87.70021057128906,106.76714324951172,129.39805603027344,131.82672119140625,130.4068145751953,145.79568481445312,164.7312774658203,212.46095275878906
1994345N06165,AXEL,1994,1994-12-21 12:00:00,10.9,125.3,85,85,1.0,0.0,22,0,8,285,0,95.01549530029297,1115.0445556640625,142.77206420898438,,,,95.01549530029297,89.38628387451172,83.9443359375,4.141862392425537,89.38628387451172,122.57901000976562,135.40618896484375,137.33181762695312,134.17262268066406,130.958984375,128.69482421875,127.11227416992188,123.82981872558594,117.38005065917969,111.15568542480469,101.31664276123047,108.4789810180664
1994345N06165,AXEL,1994,1994-12-21 15:00:00,11.0,124.9,80,85,0.9411764705882352,3.0,0,0,9,290,0,141.40179443359375,1294.3975830078125,207.7931671142578,,,,141.40179443359375,137.90841674804688,133.56150817871094,199.91432189941406,137.90841674804688,136.3994598388672,138.35107421875,135.6442108154297,132.39682006835938,131.00877380371094,127.59810638427734,122.4526596069336,116.99163055419922,110.54130554199219,106.3517074584961,101.78692626953125,104.02391815185547
1994345N06165,AXEL,1994,1994-12-21 18:00:00,11.2,124.4,75,85,0.8823529411764706,6.0,0,0,10,290,0,128.36264038085938,1292.04345703125,211.37344360351562,,,,128.36264038085938,121.84638214111328,113.92414855957031,76.65562438964844,121.84638214111328,110.16117858886719,99.4686279296875,93.50102996826172,88.64005279541016,85.85773468017578,88.3497314453125,93.04090881347656,96.2097396850586,104.306396484375,109.24344635009766,104.98220825195312,103.70665740966797
1994345N06165,AXEL,1994,1994-12-21 21:00:00,11.4,123.9,73,85,0.8588235294117647,9.0,22,22,11,290,0,10.497891426086426,277.5991516113281,24.16313362121582,,,,10.497891426086426,9.026102066040039,7.621828556060791,2.9301416873931885,9.026102066040039,17.989459991455078,40.97764587402344,45.86881637573242,46.95660400390625,49.66715621948242,54.397945404052734,61.60575866699219,66.84235382080078,79.93831634521484,91.72515869140625,100.15372467041016,122.8570327758789
1994345N06165,AXEL,1994,1994-12-22 00:00:00,11.6,123.4,70,85,0.8235294117647058,12.0,34,15,12,290,0,19.73305892944336,784.4813232421875,62.16140365600586,,,,19.73305892944336,17.234506607055664,14.607719421386719,7.627169132232666,17.234506607055664,19.660297393798828,22.434682846069336,26.4511775970459,31.403533935546875,35.08707046508789,38.882877349853516,43.64397048950195,47.35154724121094,58.594974517822266,79.28684997558594,119.29509735107422,118.06952667236328
1995244N08139,NINA,1995,1995-09-03 21:00:00,16.7,122.5,35,35,1.0,0.0,15,0,15,290,0,379.3340759277344,1576.9429931640625,326.57659912109375,,,,379.3340759277344,370.65020751953125,362.9273376464844,246.8670654296875,370.65020751953125,357.3687438964844,338.94610595703125,329.25103759765625,323.3206481933594,320.443359375,312.45709228515625,304.24603271484375,296.72479248046875,290.0479736328125,308.2742919921875,357.3810729980469,501.0166015625
1995244N08139,NINA,1995,1995-09-04 00:00:00,16.8,121.8,35,35,1.0,3.0,0,0,16,280,0,231.97247314453125,1579.3638916015625,249.74197387695312,,,,231.97247314453125,230.0572967529297,227.5989227294922,89.94969177246094,230.0572967529297,299.935302734375,334.6055908203125,355.2449645996094,373.22259521484375,392.2149353027344,411.3720397949219,439.0396728515625,470.2395935058594,528.3359985351562,560.7051391601562,525.8079223632812,423.222412109375
1995244N08139,NINA,1995,1995-09-04 03:00:00,17.0,120.9,35,35,1.0,6.0,0,0,17,275,0,1062.511962890625,2895.997802734375,588.2153930664062,,,,1062.511962890625,1066.24755859375,1070.561279296875,1352.65380859375,1066.24755859375,919.8078002929688,816.1124267578125,775.5231323242188,741.4037475585938,710.4352416992188,682.0758666992188,656.5526123046875,631.7127685546875,589.1689453125,532.9575805664062,481.36962890625,407.8357238769531
1995244N08139,NINA,1995,1995-09-04 06:00:00,17.0,120.0,35,35,1.0,9.0,48,48,16,270,0,12.623421669006348,299.1927795410156,33.009490966796875,,,,12.623421669006348,10.98449420928955,10.0448637008667,,10.98449420928955,84.3404312133789,217.15087890625,283.4422912597656,321.056396484375,363.52691650390625,414.0449523925781,473.8591003417969,516.4583129882812,580.8646240234375,616.7250366210938,578.4697875976562,457.2670593261719
1995264N06174,SIBYL,1995,1995-09-29 09:00:00,11.6,125.6,60,60,1.0,0.0,15,0,11,295,0,145.73240661621094,701.7512817382812,144.35203552246094,,,,145.73240661621094,142.0174102783203,138.13792419433594,29.226390838623047,142.0174102783203,135.3982696533203,117.5275650024414,113.5929183959961,112.48731231689453,111.76378631591797,109.48739624023438,106.61019897460938,102.05818939208984,101.28852844238281,116.61006164550781,113.32874298095703,93.4983901977539
1995264N06174,SIBYL,1995,1995-09-29 12:00:00,11.9,125.1,65,60,1.0833333333333333,3.0,0,0,11,300,0,133.43508911132812,823.770751953125,144.04103088378906,,,,133.43508911132812,133.47482299804688,133.5723419189453,218.04905700683594,133.47482299804688,116.62286376953125,111.37139129638672,111.56427764892578,111.05493927001953,108.44796752929688,105.48725128173828,105.45911407470703,105.67570495605469,105.53807830810547,100.54344940185547,94.59990692138672,90.58332824707031
1995264N06174,SIBYL,1995,1995-09-29 15:00:00,12.2,124.6,70,60,1.1666666666666667,6.0,0,0,12,300,0,89.90042114257812,816.3607177734375,112.85660552978516,,,,89.90042114257812,87.14708709716797,84.27381134033203,118.09322357177734,87.14708709716797,88.5064468383789,92.10599517822266,91.10595703125,90.74092102050781,88.94387817382812,88.73474884033203,87.52995300292969,86.70054626464844,84.17546844482422,86.81651306152344,85.27178192138672,88.64955139160156
1995264N06174,SIBYL,1995,1995-09-29 18:00:00,12.5,124.1,75,60,1.25,9.0,0,0,11,295,0,64.17505645751953,1532.981201171875,117.940185546875,,,,64.17505645751953,60.267189025878906,56.1051139831543,41.40182876586914,60.267189025878906,62.230770111083984,65.13983154296875,62.86441421508789,60.62514877319336,58.619651794433594,58.327510833740234,59.156402587890625,62.161033630371094,66.92007446289062,76.28594207763672,80.16163635253906,84.93978881835938
1995264N06174,SIBYL,1995,1995-09-29 21:00:00,12.7,123.6,83,60,1.3833333333333333,12.0,15,15,10,295,0,65.11988067626953,1519.3319091796875,101.20008087158203,,,,65.11988067626953,61.15483474731445,56.94475173950195,25.679349899291992,61.15483474731445,73.69367980957031,71.8162612915039,69.02445983886719,68.50215148925781,68.0258560180664,66.92973327636719,66.80836486816406,65.96588897705078,69.17313385009766,76.906982421875,76.26614379882812,79.72174835205078
1995264N06174,SIBYL,1995,1995-09-30 00:00:00,12.9,123.1,90,60,1.5,15.0,24,22,10,290,0,45.650081634521484,499.5694274902344,71.13899230957031,,,,45.650081634521484,41.77924346923828,37.61213302612305,26.96420669555664,41.77924346923828,45.42359161376953,53.01642990112305,67.22527313232422,82.82642364501953,90.0893325805664,90.04161834716797,88.6305923461914,86.694580078125,83.48664855957031,83.5163345336914,78.13983154296875,83.38630676269531
1995264N06174,SIBYL,1995,1995-09-30 03:00:00,13.0,122.6,90,60,1.5,18.0,22,15,10,290,0,58.26153564453125,434.1427917480469,86.11903381347656,,,,58.26153564453125,54.16798782348633,49.2713508605957,33.854698181152344,54.16798782348633,46.4107666015625,66.2381362915039,70.2880630493164,73.38188934326172,78.14287567138672,76.8232650756836,72.77972412109375,70.23127746582031,75.17158508300781,90.06556701660156,91.0973129272461,128.60670471191406
1995264N06174,SIBYL,1995,1995-09-30 06:00:00,13.2,122.1,90,60,1.5,21.0,46,39,8,300,0,76.83042907714844,1147.394775390625,142.35406494140625,,,,76.83042907714844,71.19300842285156,64.9737319946289,139.67408752441406,71.19300842285156,73.17228698730469,71.54267120361328,68.34748077392578,66.30569458007812,63.60219192504883,61.13652420043945,63.80289077758789,76.27472686767578,113.4168472290039,163.31126403808594,157.0615692138672,138.5359649658203
1995293N05177,ANGELA,1995,1995-11-02 18:00:00,14.1,123.2,140,140,1.0,0.0,11,0,11,275,0,93.8585205078125,1494.0638427734375,162.70570373535156,,,,93.8585205078125,89.18741607666016,84.0320053100586,18.782543182373047,89.18741607666016,108.18345642089844,98.08301544189453,95.48107147216797,96.4460678100586,95.68500518798828,95.8801498413086,94.37989807128906,93.11272430419922,93.60443878173828,90.32221221923828,82.66053009033203,92.85820770263672
1995293N05177,ANGELA,1995,1995-11-02 21:00:00,14.2,122.6,140,140,1.0,3.0,0,0,13,275,0,85.5546875,1488.296875,137.13424682617188,,,,85.5546875,83.25070190429688,80.39439392089844,105.77164459228516,83.25070190429688,80.50349426269531,73.98151397705078,70.41471099853516,67.38931274414062,63.77577590942383,61.60105514526367,60.77787780761719,61.61539840698242,74.17876434326172,91.25678253173828,106.60971069335938,123.98497009277344
1995293N05177,ANGELA,1995,1995-11-03 00:00:00,14.3,121.9,140,140,1.0,6.0,21,0,15,275,0,122.27101135253906,1854.46826171875,171.50088500976562,,,,122.27101135253906,116.35289001464844,108.79754638671875,32.074562072753906,116.35289001464844,121.0245132446289,119.85153198242188,119.02220916748047,121.0747299194336,123.28585815429688,126.15150451660156,128.85464477539062,132.53514099121094,136.2937469482422,131.658447265625,127.22932434082031,171.49998474121094
1995293N05177,ANGELA,1995,1995-11-03 03:00:00,14.3,121.0,130,140,0.9285714285714286,9.0,0,0,16,275,0,109.25988006591797,1068.1864013671875,142.4427032470703,,,,109.25988006591797,107.74430847167969,106.11451721191406,109.67375946044922,107.74430847167969,131.58944702148438,157.93756103515625,160.66917419433594,160.3200225830078,159.74746704101562,157.1392364501953,154.19073486328125,152.46298217773438,161.3860626220703,170.87738037109375,172.5035400390625,199.2254180908203
1995293N05177,ANGELA,1995,1995-11-03 06:00:00,14.5,120.2,120,140,0.8571428571428571,12.0,21,21,15,280,0,153.11985778808594,1376.0804443359375,211.7333984375,,,,153.11985778808594,146.19515991210938,138.39419555664062,36.0639762878418,146.19515991210938,129.97679138183594,131.6980743408203,134.664306640625,136.7787628173828,136.6268310546875,133.87669372558594,132.915283203125,133.9324188232422,136.70254516601562,155.02828979492188,186.72645568847656,200.05899047851562
1995293N05177,ANGELA,1995,1995-11-03 09:00:00,14.6,119.5,123,140,0.8785714285714286,15.0,68,68,12,280,0,,,,,,,,,,,,,28.290679931640625,120.42839050292969,98.94226837158203,70.99150848388672,77.81836700439453,116.05559539794922,144.47525024414062,195.5645294189453,225.57223510742188,192.33074951171875,147.1880340576172
1995294N05163,ZACK,1995,1995-10-28 00:00:00,10.5,125.7,70,70,1.0,0.0,49,0,14,280,0,64.35198211669922,912.9603271484375,125.00840759277344,,,,64.35198211669922,58.181095123291016,51.221561431884766,71.55520629882812,58.181095123291016,52.93606948852539,65.58729553222656,76.01118469238281,73.36227416992188,71.38929748535156,77.26387786865234,86.45732116699219,93.41371154785156,94.94734954833984,108.54377746582031,126.06367492675781,138.3612060546875
1995294N05163,ZACK,1995,1995-10-28 03:00:00,10.6,124.9,75,70,1.0714285714285714,3.0,0,0,15,280,0,175.62066650390625,1296.4188232421875,218.08792114257812,,,,175.62066650390625,169.70208740234375,164.05848693847656,234.39877319335938,169.70208740234375,153.62928771972656,136.3759307861328,127.86381530761719,120.43854522705078,114.85307312011719,111.2017822265625,106.08836364746094,102.63706970214844,103.40239715576172,108.94049072265625,104.84260559082031,134.5133514404297
1995294N05163,ZACK,1995,1995-10-28 06:00:00,10.8,124.2,80,70,1.1428571428571428,6.0,21,0,14,275,0,87.22248077392578,780.4287109375,126.88412475585938,,,,87.22248077392578,81.43083190917969,75.43096160888672,31.408740997314453,81.43083190917969,84.46492767333984,106.58345794677734,109.87943267822266,106.76631927490234,100.87030029296875,98.28016662597656,99.73323059082031,105.67668914794922,119.0235595703125,128.07997131347656,123.91511535644531,114.9069595336914
1995294N05163,ZACK,1995,1995-10-28 09:00:00,10.8,123.6,85,70,1.2142857142857142,9.0,0,0,13,270,0,186.72683715820312,1848.9959716796875,263.0396728515625,,,,186.72683715820312,178.92384338378906,170.18104553222656,35.05398178100586,178.92384338378906,173.5167999267578,168.51646423339844,159.57904052734375,150.45401000976562,143.3737335205078,136.55812072753906,130.87091064453125,125.78436279296875,119.18023681640625,117.84014892578125,132.48236083984375,138.769287109375
1995294N05163,ZACK,1995,1995-10-28 12:00:00,10.8,123.0,90,70,1.2857142857142858,12.0,0,0,12,275,0,174.37342834472656,2406.79443359375,297.2207336425781,,,,174.37342834472656,170.47164916992188,166.26824951171875,122.08820343017578,170.47164916992188,143.365478515625,131.26361083984375,133.0537567138672,138.8114471435547,145.2453155517578,153.1138458251953,159.8860321044922,166.19927978515625,173.67152404785156,168.75152587890625,160.01914978027344,143.29844665527344
1995294N05163,ZACK,1995,1995-10-28 15:00:00,10.9,122.3,83,70,1.1857142857142855,15.0,0,0,12,280,0,241.3396453857422,2031.1138916015625,314.5577697753906,,,,241.3396453857422,238.72406005859375,234.27369689941406,384.815673828125,238.72406005859375,218.58848571777344,196.65919494628906,185.63832092285156,175.57920837402344,165.5857391357422,158.47332763671875,153.4809112548828,152.68997192382812,163.76144409179688,170.24575805664062,164.78274536132812,146.0238800048828
1995294N05163,ZACK,1995,1995-10-28 18:00:00,11.0,121.7,75,70,1.0714285714285714,18.0,31,31,12,280,0,95.58328247070312,826.1238403320312,132.06869506835938,,,,95.58328247070312,88.30306243896484,81.00885009765625,,88.30306243896484,224.29931640625,304.7054138183594,296.552490234375,285.8331298828125,267.34442138671875,242.54766845703125,224.45016479492188,206.22837829589844,170.65176391601562,145.4005126953125,120.54351043701172,148.26620483398438
1996090N04150,ANN,1996,1996-04-07 00:00:00,10.9,125.8,40,40,1.0,0.0,11,0,8,300,0,17.507625579833984,366.7803955078125,44.54861831665039,,,,17.507625579833984,15.305712699890137,13.60689640045166,14.096753120422363,15.305712699890137,37.15106964111328,60.464080810546875,67.65154266357422,71.99191284179688,76.95638275146484,78.64136505126953,88.70547485351562,97.78768920898438,114.00151062011719,119.1990737915039,107.1230697631836,115.65520477294922
1996090N04150,ANN,1996,1996-04-07 03:00:00,11.1,125.4,40,40,1.0,3.0,0,0,9,305,0,84.961669921875,701.627197265625,116.1827392578125,,,,84.961669921875,81.36640167236328,77.56480407714844,104.13675689697266,81.36640167236328,82.71155548095703,107.17506408691406,123.30481719970703,128.7239227294922,131.83920288085938,134.2305450439453,132.8639373779297,128.23377990722656,123.71660614013672,120.8181381225586,103.81836700439453,99.87506866455078
1996090N04150,ANN,1996,1996-04-07 06:00:00,11.4,125.0,40,40,1.0,6.0,0,0,10,300,0,143.0932159423828,1297.5521240234375,180.94461059570312,,,,143.0932159423828,140.09059143066406,136.80323791503906,71.48894500732422,140.09059143066406,141.79766845703125,133.89547729492188,131.39474487304688,127.73094177246094,124.37651062011719,122.13967895507812,120.32909393310547,118.44039916992188,116.06759643554688,108.22126007080078,98.36299133300781,89.74639892578125
1996090N04150,ANN,1996,1996-04-07 09:00:00,11.6,124.6,40,40,1.0,9.0,24,10,10,300,0,75.04492950439453,1335.9056396484375,153.4763641357422,,,,75.04492950439453,71.75563049316406,68.39857482910156,141.01576232910156,71.75563049316406,88.95450592041016,105.49169158935547,114.30257415771484,120.44837951660156,123.08707427978516,121.68864440917969,117.46732330322266,111.41532897949219,100.73655700683594,93.04393005371094,93.14401245117188,93.57954406738281
1996090N04150,ANN,1996,1996-04-07 12:00:00,11.8,124.1,40,40,1.0,12.0,10,0,8,295,0,50.04171371459961,1329.0233154296875,124.24507141113281,,,,50.04171371459961,46.02056884765625,41.0561408996582,16.18414306640625,46.02056884765625,49.93991470336914,53.135643005371094,53.15338134765625,53.204132080078125,52.74408721923828,54.50081253051758,58.90205001831055,63.578125,70.35711669921875,78.00946044921875,85.95372772216797,99.10388946533203
1996090N04150,ANN,1996,1996-04-07 15:00:00,11.9,123.8,38,40,0.95,15.0,0,0,6,285,0,32.648109436035156,575.5811767578125,62.26187515258789,,,,32.648109436035156,30.893552780151367,28.589557647705078,26.21817398071289,30.893552780151367,31.495851516723633,32.86189651489258,32.956199645996094,38.39009094238281,43.54583740234375,46.25000762939453,47.503780364990234,48.46636199951172,49.667884826660156,52.489097595214844,80.68770599365234,112.07696533203125
1996090N04150,ANN,1996,1996-04-07 18:00:00,12.0,123.6,35,40,0.875,18.0,11,11,4,285,0,44.130828857421875,680.4795532226562,73.3188247680664,,,,44.130828857421875,42.47552490234375,40.54686737060547,21.052038192749023,42.47552490234375,38.110130310058594,35.30099105834961,33.39067459106445,31.991100311279297,30.869722366333008,30.523815155029297,34.39031982421875,40.543190002441406,45.75634002685547,54.72119903564453,68.77760314941406,115.0215835571289
1996090N04150,ANN,1996,1996-04-07 21:00:00,12.0,123.4,35,40,0.875,21.0,15,0,3,290,0,44.90419387817383,676.4154052734375,76.35902404785156,,,,44.90419387817383,42.97542953491211,40.61418914794922,15.73971939086914,42.97542953491211,38.69632339477539,35.95481491088867,35.034549713134766,34.195804595947266,33.41032028198242,32.70001220703125,35.0634651184082,38.51569747924805,41.57533645629883,50.846065521240234,78.24275970458984,113.17784881591797
1996090N04150,ANN,1996,1996-04-08 00:00:00,12.1,123.2,35,40,0.875,24.0,10,10,2,280,0,43.6448860168457,678.4464721679688,73.239013671875,,,,43.6448860168457,41.09791946411133,38.24187469482422,22.63445281982422,41.09791946411133,40.71015930175781,39.20115661621094,43.478458404541016,48.312255859375,49.18752670288086,49.65510177612305,47.76354217529297,44.87113571166992,44.59674072265625,53.331573486328125,86.049072265625,107.79924774169922
1996090N04150,ANN,1996,1996-04-08 03:00:00,12.1,123.1,33,40,0.825,27.0,15,15,2,270,0,34.872413635253906,514.4964599609375,59.32295608520508,,,,34.872413635253906,31.845495223999023,28.850637435913086,16.791828155517578,31.845495223999023,44.29816818237305,54.52980041503906,52.46097946166992,52.197410583496094,51.38581848144531,49.917118072509766,48.6463623046875,47.40272521972656,48.061622619628906,64.51595306396484,90.0638198852539,106.25845336914062
1996090N04150,ANN,1996,1996-04-08 06:00:00,12.1,123.11,30,40,0.75,30.0,15,15,1,285,0,36.474403381347656,571.6296997070312,63.360897064208984,,,,36.474403381347656,33.63206100463867,30.50989532470703,16.948137283325195,33.63206100463867,43.19464874267578,53.52415084838867,51.71981430053711,51.8359260559082,51.37778854370117,50.03594207763672,48.66481018066406,47.28865432739258,47.435447692871094,63.31690979003906,89.68274688720703,106.49882507324219
1996090N04150,ANN,1996,1996-04-08 09:00:00,12.1,123.0,30,40,0.75,33.0,24,24,1,305,0,40.32880783081055,1210.3409423828125,99.53528594970703,,,,40.32880783081055,36.46623611450195,32.3229866027832,5.809623718261719,36.46623611450195,65.9122314453125,58.679176330566406,56.47209930419922,53.92815017700195,50.66324996948242,50.406185150146484,50.2338981628418,50.60219192504883,60.74174118041992,75.66937255859375,92.85287475585938,108.165283203125
1996090N04150,ANN,1996,1996-04-08 12:00:00,12.1,123.01,30,40,0.75,36.0,24,24,1,270,0,37.537662506103516,1209.14208984375,87.02294158935547,,,,37.537662506103516,33.52299499511719,29.625442504882812,8.09237289428711,33.52299499511719,63.908424377441406,57.862735748291016,56.65745162963867,53.93113327026367,50.34560012817383,50.211692810058594,49.82720947265625,50.33341979980469,58.88454818725586,74.61297607421875,92.48531341552734,107.90181732177734
1996090N04150,ANN,1996,1996-04-08 15:00:00,12.1,122.9,30,40,0.75,39.0,34,34,1,235,0,75.8830337524414,1940.40966796875,203.66957092285156,,,,75.8830337524414,68.0106201171875,60.97662353515625,0.03714168071746826,68.0106201171875,76.7942123413086,60.74551010131836,54.578487396240234,50.79243087768555,52.55827713012695,53.52941131591797,55.5426025390625,62.16970443725586,74.51251220703125,86.62507629394531,93.1965103149414,111.64766693115234
1996227N08156,NIKI,1996,1996-08-19 15:00:00,17.6,122.4,58,58,1.0,0.0,30,0,16,275,0,495.9876708984375,1806.6865234375,432.3930358886719,,,,495.9876708984375,481.4737243652344,463.5046691894531,4.073999404907227,481.4737243652344,421.83099365234375,348.8840026855469,323.0496826171875,300.68572998046875,281.2154541015625,263.5113525390625,248.6154327392578,237.87387084960938,225.67691040039062,238.98178100585938,327.9045715332031,448.07763671875
1996227N08156,NIKI,1996,1996-08-19 18:00:00,17.6,121.6,60,58,1.0344827586206895,3.0,0,0,16,270,0,285.68267822265625,2183.713623046875,347.5482177734375,,,,285.68267822265625,283.2826843261719,280.5811462402344,83.56832885742188,283.2826843261719,352.5103454589844,386.15899658203125,400.4804382324219,411.4374694824219,421.97662353515625,428.56744384765625,433.0343017578125,434.0050048828125,432.56683349609375,427.9458923339844,441.71343994140625,454.4932861328125
1996227N08156,NIKI,1996,1996-08-19 21:00:00,17.6,120.7,58,58,1.0,6.0,0,0,15,270,0,566.2206420898438,2542.83935546875,531.0003662109375,,,,566.2206420898438,559.1497192382812,552.8375244140625,335.9074401855469,559.1497192382812,603.073974609375,604.1928100585938,609.5394287109375,616.809814453125,616.0652465820312,614.295166015625,605.7457275390625,594.7356567382812,564.1607055664062,511.199462890625,488.3727722167969,442.1449279785156
1996227N08156,NIKI,1996,1996-08-20 00:00:00,17.6,119.9,55,58,0.9482758620689656,9.0,42,42,15,265,0,0.415962815284729,23.072738647460938,1.101279854774475,,,,0.415962815284729,0.3021408021450043,0.1892949938774109,,0.3021408021450043,9.741962432861328,64.17063903808594,98.56652069091797,121.0675048828125,147.85055541992188,162.5759735107422,182.8582305908203,214.22119140625,295.28948974609375,483.98712158203125,644.1080932617188,481.0638122558594
1996282N11162,ABEL:BETH,1996,1996-10-17 15:00:00,17.7,122.3,90,90,1.0,0.0,21,0,6,270,0,430.6784362792969,1802.8037109375,398.65985107421875,,,,430.6784362792969,418.4166259765625,403.5454406738281,240.0909881591797,418.4166259765625,369.2347412109375,312.5458068847656,285.2726745605469,261.8401794433594,244.99066162109375,230.89321899414062,222.11599731445312,216.7301025390625,221.96981811523438,257.0383605957031,360.1029968261719,433.27545166015625
1996282N11162,ABEL:BETH,1996,1996-10-17 18:00:00,17.7,122.0,90,90,1.0,3.0,0,0,7,280,0,290.3069152832031,1800.3148193359375,354.08514404296875,,,,290.3069152832031,287.369140625,283.7731018066406,449.0195617675781,287.369140625,257.15606689453125,235.619140625,231.99974060058594,233.0529022216797,235.6651153564453,244.08880615234375,257.3123779296875,274.6771240234375,315.3423156738281,379.2191162109375,411.6876220703125,448.3928527832031
1996282N11162,ABEL:BETH,1996,1996-10-17 21:00:00,17.8,121.6,83,90,0.9222222222222224,6.0,0,0,8,285,0,229.10903930664062,1883.6688232421875,285.1437683105469,,,,229.10903930664062,227.14312744140625,225.21441650390625,75.68074798583984,227.14312744140625,294.2330017089844,329.9039306640625,355.27886962890625,379.4648742675781,395.6033020019531,406.5193176269531,411.35321044921875,414.73577880859375,413.57061767578125,397.8918762207031,408.9898986816406,453.60223388671875
1996282N11162,ABEL:BETH,1996,1996-10-18 00:00:00,17.9,121.2,75,90,0.8333333333333334,9.0,0,0,7,290,0,522.4968872070312,2330.84033203125,437.3197937011719,,,,522.4968872070312,523.275146484375,523.9656982421875,518.4138793945312,523.275146484375,475.4808044433594,432.96514892578125,416.7843933105469,406.40325927734375,399.00762939453125,402.3432922363281,407.5056457519531,414.5088195800781,417.6092834472656,419.1888732910156,423.5816650390625,454.6832580566406
1996282N11162,ABEL:BETH,1996,1996-10-18 03:00:00,18.0,120.9,75,90,0.8333333333333334,12.0,0,0,7,295,0,516.0169067382812,2329.450927734375,398.7083740234375,,,,516.0169067382812,515.2315673828125,513.423095703125,667.5810546875,515.2315673828125,483.2296447753906,439.67669677734375,425.4184875488281,415.89453125,412.600341796875,413.4791564941406,413.43243408203125,413.45166015625,412.7161560058594,427.7415771484375,440.79266357421875,442.517822265625
1996282N11162,ABEL:BETH,1996,1996-10-18 06:00:00,18.2,120.6,75,90,0.8333333333333334,15.0,0,0,6,295,0,409.5531921386719,2329.832763671875,420.99456787109375,,,,409.5531921386719,403.1470031738281,395.5464172363281,103.03289794921875,403.1470031738281,414.8164367675781,405.2897033691406,398.95751953125,393.4616394042969,391.7538757324219,394.2997131347656,399.1595764160156,402.8918151855469,406.4579162597656,407.0963439941406,425.32421875,444.8617248535156
1996282N11162,ABEL:BETH,1996,1996-10-18 09:00:00,18.3,120.3,78,90,0.8666666666666667,18.0,30,30,6,290,0,87.80958557128906,750.5391235351562,116.81995391845703,,,,87.80958557128906,83.8440170288086,78.55280303955078,0.0,83.8440170288086,134.3520050048828,274.8871154785156,327.2340393066406,358.27398681640625,369.80450439453125,371.92388916015625,372.5721130371094,374.452392578125,379.9225769042969,398.72406005859375,423.62347412109375,456.8854675292969
1996282N11162,ABEL:BETH,1996,1996-10-18 12:00:00,18.4,120.0,80,90,0.8888888888888888,21.0,62,62,6,295,0,,,,,,,,,,,,0.01123719196766615,38.7526741027832,60.69452667236328,74.74630737304688,89.56970977783203,119.34890747070312,175.78811645507812,236.4571075439453,323.2317199707031,356.447998046875,383.0998229980469,455.0319519042969
1996356N08110,GREG,1996,1996-12-25 21:00:00,6.6,116.5,40,40,1.0,0.0,11,0,13,85,0,,,,,,,,,,,,,,,,,,,,,,2.2601563930511475,10.952102661132812
1996356N08110,GREG,1996,1996-12-26 00:00:00,6.6,117.3,35,40,0.875,3.0,0,0,17,100,0,,,,,,,,,,,,,,,,,,,0.0050310129299759865,0.01483162585645914,0.07245328277349472,11.982454299926758,7.7470855712890625
1996356N08110,GREG,1996,1996-12-26 03:00:00,6.3,118.2,33,40,0.825,6.0,40,35,21,115,0,0.011807135306298733,11.491981506347656,0.2778637111186981,,,,0.011807135306298733,0.008707955479621887,0.006933094002306461,,0.008707955479621887,0.008889283053576946,0.19037386775016785,0.16114144027233124,0.11588694900274277,6.753557205200195,10.340904235839844,8.167962074279785,7.397662162780762,6.949606418609619,6.949893474578857,7.145598411560059,2.805777072906494
1997283N07177,IVAN,1997,1997-10-19 18:00:00,18.0,122.3,120,120,1.0,0.0,15,0,5,325,0,296.2480163574219,1776.3419189453125,317.0656433105469,,,,296.2480163574219,288.98443603515625,280.4197082519531,185.4021453857422,288.98443603515625,271.8695068359375,251.98828125,247.35983276367188,239.4276885986328,232.6188507080078,227.91783142089844,221.882568359375,217.7271728515625,210.6562957763672,228.1280059814453,321.1980895996094,389.7427673339844
1997283N07177,IVAN,1997,1997-10-19 21:00:00,18.2,122.2,115,120,0.9583333333333334,3.0,0,0,4,325,0,200.91482543945312,1546.8111572265625,233.6899871826172,,,,200.91482543945312,194.29054260253906,186.7862548828125,268.79779052734375,194.29054260253906,202.64393615722656,199.22254943847656,198.79849243164062,196.46023559570312,191.1448211669922,192.5746307373047,193.75596618652344,196.5595245361328,209.27706909179688,241.7961883544922,319.9283447265625,376.0281066894531
1997283N07177,IVAN,1997,1997-10-20 00:00:00,18.3,122.1,110,120,0.9166666666666666,6.0,0,0,3,330,0,172.43887329101562,1115.2760009765625,210.80128479003906,,,,172.43887329101562,167.6543426513672,161.087646484375,226.33877563476562,167.6543426513672,161.59320068359375,164.98281860351562,164.23365783691406,166.5198974609375,170.85595703125,176.33447265625,182.71372985839844,192.53378295898438,214.41212463378906,268.1035461425781,319.1795959472656,372.4500427246094
1997283N07177,IVAN,1997,1997-10-20 03:00:00,18.5,122.0,105,120,0.875,9.0,15,15,3,335,0,155.68106079101562,1122.047119140625,217.31369018554688,,,,155.68106079101562,148.21751403808594,139.783447265625,34.73965072631836,148.21751403808594,136.3307342529297,119.4151382446289,116.13189697265625,120.12056732177734,130.98655700683594,146.8933563232422,163.00962829589844,180.08016967773438,201.57615661621094,256.3343811035156,310.71466064453125,361.44915771484375
1997283N07177,IVAN,1997,1997-10-20 06:00:00,18.6,122.0,100,120,0.8333333333333334,12.0,24,24,3,350,0,128.2338104248047,1121.6685791015625,201.32713317871094,,,,128.2338104248047,120.45018005371094,110.52798461914062,12.405241966247559,120.45018005371094,131.7810516357422,122.78556823730469,115.16545867919922,110.25596618652344,110.6050033569336,117.40328216552734,133.6394805908203,155.12356567382812,183.6229248046875,233.01083374023438,299.5345458984375,348.92431640625
1997283N07177,IVAN,1997,1997-10-20 09:00:00,18.7,122.0,95,120,0.7916666666666666,15.0,35,35,3,0,0,77.64226531982422,974.755615234375,145.158203125,,,,77.64226531982422,70.0641860961914,61.62181854248047,48.322540283203125,70.0641860961914,104.62689971923828,118.31576538085938,115.25114440917969,110.83863830566406,106.27054595947266,105.06230926513672,110.76688385009766,119.66213989257812,164.9674072265625,213.0275115966797,281.112060546875,335.691650390625
1998217N10130,PENNY,1998,1998-08-07 21:00:00,16.9,122.6,35,35,1.0,0.0,10,0,10,290,0,348.56298828125,1559.3330078125,316.0085144042969,,,,348.56298828125,339.88568115234375,326.78515625,64.71209716796875,339.88568115234375,331.7193298339844,338.4319152832031,345.1283874511719,340.41546630859375,335.2355041503906,329.3063049316406,323.8135986328125,317.4101257324219,306.66473388671875,286.5975341796875,313.39971923828125,489.8516845703125
1998217N10130,PENNY,1998,1998-08-08 00:00:00,17.1,122.1,35,35,1.0,3.0,0,0,10,290,0,281.1629638671875,1803.3680419921875,313.560791015625,,,,281.1629638671875,278.62060546875,275.7473449707031,371.412353515625,278.62060546875,276.1860046386719,276.3469543457031,275.80938720703125,277.48480224609375,279.2895812988281,284.65582275390625,294.6149597167969,306.1382751464844,339.505126953125,411.75128173828125,483.5018005371094,467.7571105957031
1998217N10130,PENNY,1998,1998-08-08 03:00:00,17.3,121.6,33,35,0.9428571428571428,6.0,0,0,11,290,0,285.07684326171875,2100.5556640625,348.8268737792969,,,,285.07684326171875,282.6407775878906,280.1694030761719,129.8123779296875,282.6407775878906,383.3941955566406,435.70269775390625,448.632080078125,458.2274475097656,464.1441345214844,465.7262268066406,467.3128967285156,469.02374267578125,485.8270263671875,494.4183044433594,481.53118896484375,438.917236328125
1998217N10130,PENNY,1998,1998-08-08 06:00:00,17.5,121.1,30,35,0.8571428571428571,9.0,0,0,12,295,0,751.0006103515625,2544.125,536.1068115234375,,,,751.0006103515625,752.6455078125,754.299560546875,1103.4383544921875,752.6455078125,694.0950317382812,623.4677124023438,586.6837768554688,556.5360107421875,532.3184814453125,518.0574951171875,509.11285400390625,503.8614196777344,495.2681884765625,469.2995300292969,472.3962097167969,429.1144104003906
1998217N10130,PENNY,1998,1998-08-08 09:00:00,17.8,120.5,30,35,0.8571428571428571,12.0,0,0,12,300,0,278.2886657714844,2079.913330078125,331.84014892578125,,,,278.2886657714844,273.16058349609375,268.6813049316406,217.7980499267578,273.16058349609375,354.9754638671875,442.4476013183594,483.55059814453125,511.5849609375,538.936767578125,550.7813720703125,551.8050537109375,547.380859375,543.101806640625,529.943603515625,496.2071533203125,440.10699462890625
1998217N10130,PENNY,1998,1998-08-08 12:00:00,18.1,120.0,30,35,0.8571428571428571,15.0,52,52,12,300,0,0.12841880321502686,31.46489143371582,1.429352045059204,,,,0.12841880321502686,0.08892931044101715,0.07806713134050369,,0.08892931044101715,12.541086196899414,59.11965560913086,98.20880889892578,133.72726440429688,155.219482421875,178.2076416015625,213.31304931640625,263.5508117675781,335.13409423828125,398.08740234375,496.23114013671875,496.47991943359375
1998259N17118,VICKI,1998,1998-09-18 12:00:00,16.1,119.5,70,70,1.0,0.0,24,0,5,95,0,33.75926971435547,212.19371032714844,41.93366622924805,,,,33.75926971435547,32.757808685302734,30.949758529663086,0.0,32.757808685302734,37.23973083496094,60.02655029296875,77.80795288085938,93.72531127929688,107.86869812011719,122.4639663696289,142.80062866210938,155.8658905029297,169.0525360107422,210.9956512451172,301.6747741699219,402.3204345703125
1998259N17118,VICKI,1998,1998-09-18 15:00:00,16.0,119.7,78,70,1.1142857142857143,3.0,0,0,4,90,0,79.37669372558594,836.3568725585938,124.87982177734375,,,,79.37669372558594,76.33415985107422,73.70911407470703,26.095632553100586,76.33415985107422,105.79011535644531,141.1053009033203,159.16708374023438,168.7826690673828,171.9706268310547,172.79876708984375,172.67724609375,180.72874450683594,208.1016082763672,253.3661651611328,340.7506103515625,418.006591796875
1998259N17118,VICKI,1998,1998-09-18 18:00:00,16.1,120.0,85,70,1.2142857142857142,6.0,0,0,5,85,0,88.54918670654297,1109.455078125,159.65403747558594,,,,88.54918670654297,85.16584777832031,81.61629486083984,71.8479232788086,85.16584777832031,114.23819732666016,166.35299682617188,194.65347290039062,216.63011169433594,235.39024353027344,254.1058807373047,275.1497497558594,299.0086364746094,345.73089599609375,388.75555419921875,416.3616027832031,418.1802062988281
1998259N17118,VICKI,1998,1998-09-18 21:00:00,16.1,120.2,83,70,1.1857142857142855,9.0,10,0,6,75,0,136.99559020996094,2221.8974609375,255.3217315673828,,,,136.99559020996094,133.07522583007812,128.67709350585938,56.030887603759766,133.07522583007812,186.5239715576172,236.303466796875,270.5101318359375,297.856201171875,322.9634094238281,342.9439697265625,358.7066345214844,372.7906188964844,399.83807373046875,423.0548400878906,438.5386047363281,412.6477355957031
1998259N17118,VICKI,1998,1998-09-19 00:00:00,16.2,120.5,80,70,1.1428571428571428,12.0,0,0,7,65,0,407.68408203125,2216.24072265625,502.35089111328125,,,,407.68408203125,401.5667724609375,395.2326965332031,333.8168029785156,401.5667724609375,427.72930908203125,444.2282409667969,446.3622741699219,451.9447021484375,458.3988342285156,464.1953430175781,467.1141052246094,471.6295166015625,472.5528259277344,472.8470153808594,443.11773681640625,400.6748046875
1998259N17118,VICKI,1998,1998-09-19 03:00:00,16.4,120.9,65,70,0.9285714285714286,15.0,0,0,9,65,0,903.8910522460938,2897.380615234375,532.1468505859375,,,,903.8910522460938,905.7691040039062,908.1660766601562,1055.0921630859375,905.7691040039062,799.7020874023438,715.7391357421875,684.608154296875,659.0769653320312,635.47705078125,607.1627807617188,579.3359375,556.2890014648438,525.2799072265625,485.8088684082031,440.2488708496094,397.66534423828125
1998259N17118,VICKI,1998,1998-09-19 06:00:00,16.6,121.4,50,70,0.7142857142857143,18.0,0,0,11,60,0,470.88189697265625,2298.034423828125,393.88885498046875,,,,470.88189697265625,468.7539367675781,466.08447265625,294.18035888671875,468.7539367675781,575.19189453125,649.5631713867188,659.1818237304688,656.3512573242188,652.1898193359375,642.4080810546875,627.2643432617188,614.2839965820312,579.0077514648438,527.6897583007812,468.9486999511719,402.0059814453125
1998259N17118,VICKI,1998,1998-09-19 09:00:00,16.9,121.9,48,70,0.6857142857142857,21.0,0,0,13,60,0,258.8110656738281,1615.299560546875,275.31927490234375,,,,258.8110656738281,258.1480712890625,257.0885314941406,92.44821166992188,258.1480712890625,278.82025146484375,292.0777893066406,305.4709167480469,324.19158935546875,342.22930908203125,361.89154052734375,382.3987121582031,407.1045227050781,463.8533630371094,525.9456787109375,531.4409790039062,439.7923278808594
1998259N17118,VICKI,1998,1998-09-19 12:00:00,17.2,122.5,45,70,0.6428571428571429,24.0,10,10,12,60,0,347.9239807128906,1790.5804443359375,324.18292236328125,,,,347.9239807128906,340.2367858886719,327.2658996582031,125.5393295288086,340.2367858886719,360.4280700683594,354.6445007324219,348.3785095214844,340.1822204589844,329.0237731933594,318.107421875,305.2369384765625,292.7102355957031,273.8056640625,266.10400390625,317.021240234375,491.2248840332031
1998259N17118,VICKI,1998,1998-09-19 15:00:00,17.5,123.0,43,70,0.6142857142857143,27.0,67,67,13,60,0,,,,,,,,,,,,0.0,14.44747257232666,44.684722900390625,65.57152557373047,99.7658920288086,161.7495880126953,230.41580200195312,308.1459655761719,395.1462707519531,361.38226318359375,266.8670959472656,286.25946044921875
1998281N11151,ZEB,1998,1998-10-14 00:00:00,17.0,122.7,155,155,1.0,0.0,21,0,11,300,0,259.28399658203125,1323.4051513671875,292.2872314453125,,,,259.28399658203125,245.39682006835938,235.32180786132812,30.43385124206543,245.39682006835938,310.2785339355469,331.97637939453125,343.81976318359375,346.3351135253906,348.4815979003906,347.49493408203125,343.6737365722656,337.32012939453125,325.2454833984375,295.50927734375,280.41229248046875,457.5764465332031
1998281N11151,ZEB,1998,1998-10-14 03:00:00,17.2,122.2,138,155,0.8903225806451613,3.0,0,0,10,295,0,317.49310302734375,1803.002197265625,338.6554870605469,,,,317.49310302734375,314.385009765625,309.90191650390625,432.3621826171875,314.385009765625,299.26629638671875,287.68603515625,281.63885498046875,276.095458984375,268.82568359375,264.7325744628906,265.3945007324219,271.9919738769531,296.4316101074219,351.58587646484375,442.61334228515625,482.622802734375
1998281N11151,ZEB,1998,1998-10-14 06:00:00,17.4,121.8,120,155,0.7741935483870968,6.0,0,0,7,300,0,256.6883544921875,1802.9287109375,318.9114990234375,,,,256.6883544921875,256.43658447265625,256.22540283203125,180.8678741455078,256.43658447265625,257.54583740234375,286.3695373535156,308.6519470214844,335.3273620605469,358.4185485839844,376.6047668457031,391.3905334472656,402.0697326660156,421.54425048828125,449.13885498046875,471.1726379394531,451.5664978027344
1998281N11151,ZEB,1998,1998-10-14 09:00:00,17.6,121.5,110,155,0.7096774193548387,9.0,0,0,6,315,0,343.1878662109375,2333.396240234375,410.13507080078125,,,,343.1878662109375,341.8205261230469,340.3471984863281,162.27798461914062,341.8205261230469,405.1198425292969,443.81890869140625,454.3384094238281,459.30072021484375,459.89483642578125,454.81939697265625,451.9416809082031,448.27783203125,440.5872497558594,426.6597900390625,445.49713134765625,451.71337890625
1998281N11151,ZEB,1998,1998-10-14 12:00:00,17.8,121.4,100,155,0.6451612903225806,12.0,0,0,6,335,0,364.4613342285156,2184.911865234375,408.46099853515625,,,,364.4613342285156,363.91143798828125,363.25762939453125,271.2856750488281,363.91143798828125,395.659912109375,419.58062744140625,429.8499755859375,435.4827880859375,436.2077941894531,436.7456970214844,437.66986083984375,432.4210205078125,417.3121337890625,405.9172058105469,420.06365966796875,455.392578125
1998281N11151,ZEB,1998,1998-10-14 15:00:00,18.2,121.3,95,155,0.6129032258064516,15.0,0,0,8,340,0,342.03216552734375,2329.304443359375,373.4686584472656,,,,342.03216552734375,339.3587341308594,336.4822692871094,270.4595031738281,339.3587341308594,345.9888000488281,341.2214660644531,334.9728698730469,330.3299560546875,331.7380676269531,336.70233154296875,341.1069030761719,342.70721435546875,349.4727783203125,366.2229919433594,388.3670349121094,423.4351806640625
1998281N11151,ZEB,1998,1998-10-14 18:00:00,18.6,121.2,90,155,0.5806451612903226,18.0,11,11,8,345,0,278.60113525390625,1828.662353515625,340.8803405761719,,,,278.60113525390625,267.1708068847656,251.79672241210938,150.5280303955078,267.1708068847656,282.5766906738281,273.86871337890625,271.54364013671875,270.135009765625,270.5726623535156,268.5033874511719,267.0449523925781,268.634033203125,285.05206298828125,295.2955017089844,330.4076232910156,392.9207458496094
1998281N11151,ZEB,1998,1998-10-14 21:00:00,18.9,121.0,88,155,0.567741935483871,21.0,35,35,7,345,0,115.44796752929688,1281.8536376953125,200.18478393554688,,,,115.44796752929688,102.46072387695312,89.4639892578125,0.040682353079319,102.46072387695312,182.48483276367188,225.43771362304688,236.70994567871094,249.91537475585938,254.93048095703125,251.52352905273438,248.9588623046875,250.1497344970703,256.21917724609375,266.93267822265625,288.0086364746094,354.68768310546875
1998285N12149,BABS,1998,1998-10-21 09:00:00,13.6,124.6,130,130,1.0,0.0,24,0,7,290,0,151.03512573242188,805.4140625,172.6766815185547,,,,151.03512573242188,144.4862518310547,138.7562713623047,9.306838035583496,144.4862518310547,144.1791534423828,122.14067077636719,109.04570770263672,100.69778442382812,92.9109878540039,87.7580795288086,86.10481262207031,86.55567932128906,102.56952667236328,101.04000854492188,94.42229461669922,85.94083404541016
1998285N12149,BABS,1998,1998-10-21 12:00:00,13.7,124.3,130,130,1.0,3.0,0,0,7,290,0,121.41279602050781,806.7943725585938,160.29342651367188,,,,121.41279602050781,113.62327575683594,104.44102478027344,172.89292907714844,113.62327575683594,100.46878051757812,90.07125091552734,87.47782897949219,92.54454803466797,112.8572998046875,121.04158020019531,119.40478515625,120.59222412109375,117.5029296875,103.20735931396484,87.8765640258789,83.46897888183594
1998285N12149,BABS,1998,1998-10-21 15:00:00,13.8,123.9,125,130,0.9615384615384616,6.0,10,0,7,290,0,121.7816390991211,998.3245239257812,167.598876953125,,,,121.7816390991211,114.91034698486328,106.93143463134766,58.9436149597168,114.91034698486328,124.07815551757812,128.775390625,120.28421020507812,113.79975128173828,113.71185302734375,112.82526397705078,108.66136932373047,106.32821655273438,100.36859130859375,99.81874084472656,88.93562316894531,77.70468139648438
1998285N12149,BABS,1998,1998-10-21 18:00:00,13.9,123.6,120,130,0.9230769230769232,9.0,0,0,6,295,0,112.78739166259766,1954.9794921875,197.79925537109375,,,,112.78739166259766,106.80939483642578,100.37609100341797,106.04778289794922,106.80939483642578,101.9624252319336,110.32240295410156,113.30225372314453,113.3050537109375,112.14578247070312,111.58208465576172,109.67987060546875,108.5613021850586,104.31632995605469,93.6242446899414,88.89581298828125,77.84664916992188
1998285N12149,BABS,1998,1998-10-21 21:00:00,14.0,123.4,113,130,0.8692307692307693,12.0,10,0,5,300,0,103.79743194580078,1948.0673828125,194.6165771484375,,,,103.79743194580078,100.45429992675781,95.66615295410156,43.188819885253906,100.45429992675781,93.59850311279297,106.91227722167969,106.17147064208984,102.01148223876953,101.35720825195312,106.67186737060547,107.98302459716797,106.16921997070312,102.4823989868164,95.27369689941406,83.97651672363281,80.2901840209961
1998285N12149,BABS,1998,1998-10-22 00:00:00,14.2,123.2,105,130,0.8076923076923077,15.0,22,10,6,305,0,66.48939514160156,1484.9425048828125,135.2484893798828,,,,66.48939514160156,62.07900619506836,57.06987380981445,4.086910724639893,62.07900619506836,92.04273986816406,103.5230712890625,99.334228515625,95.7808837890625,95.62744140625,93.98828125,92.44136047363281,91.88311004638672,88.52682495117188,91.87447357177734,81.62051391601562,95.14535522460938
1998285N12149,BABS,1998,1998-10-22 03:00:00,14.4,122.9,98,130,0.7538461538461538,18.0,22,22,7,305,0,85.68304443359375,1483.238037109375,151.0034942626953,,,,85.68304443359375,80.21852111816406,72.88262176513672,14.619791030883789,80.21852111816406,103.3375015258789,85.83821868896484,77.68930053710938,73.37576293945312,69.48684692382812,68.4298324584961,71.55603790283203,76.26893615722656,74.94120025634766,72.83197784423828,84.79755401611328,119.6300277709961
1998285N12149,BABS,1998,1998-10-22 06:00:00,14.6,122.6,90,130,0.6923076923076923,21.0,44,44,7,305,0,33.15740203857422,753.3740844726562,61.92447280883789,,,,33.15740203857422,30.06561851501465,26.61366081237793,0.5920189023017883,30.06561851501465,42.46564483642578,56.942665100097656,59.964359283447266,61.861629486083984,63.01673889160156,62.409095764160156,61.61381912231445,59.39049530029297,63.72737121582031,87.1283950805664,121.8744888305664,144.99684143066406
1998342N06141,FAITH,1998,1998-12-10 09:00:00,11.5,126.1,63,63,1.0,0.0,55,0,16,285,0,,,,,,,,,0.0,,,8.245047569274902,20.146242141723633,29.069116592407227,40.119876861572266,57.26015090942383,73.79705810546875,86.35186004638672,97.3869857788086,103.41366577148438,103.20426177978516,100.619384765625,105.37757873535156
1998342N06141,FAITH,1998,1998-12-10 12:00:00,11.8,125.3,65,63,1.031746031746032,3.0,0,0,16,285,0,148.80032348632812,821.9531860351562,146.86558532714844,,,,148.80032348632812,147.50827026367188,145.91563415527344,175.5750732421875,147.50827026367188,134.3282012939453,120.17623138427734,115.08547973632812,109.72734069824219,105.2775650024414,103.21075439453125,103.36314392089844,106.27401733398438,108.71239471435547,106.74662017822266,101.31109619140625,92.0192642211914
1998342N06141,FAITH,1998,1998-12-10 15:00:00,11.9,124.5,65,63,1.031746031746032,6.0,24,0,17,280,0,89.0082778930664,1324.028564453125,150.27801513671875,,,,89.0082778930664,84.86579132080078,79.23760223388672,16.80511474609375,84.86579132080078,90.46688079833984,89.7083511352539,90.81593322753906,92.6788558959961,93.90156555175781,94.61518096923828,95.54806518554688,95.51512145996094,93.07247161865234,89.58002471923828,84.37348175048828,93.51176452636719
1998342N06141,FAITH,1998,1998-12-10 18:00:00,12.0,123.6,65,63,1.031746031746032,9.0,11,11,18,275,0,44.130828857421875,680.4795532226562,73.3188247680664,,,,44.130828857421875,42.47552490234375,40.54686737060547,21.052038192749023,42.47552490234375,38.110130310058594,35.30099105834961,33.39067459106445,31.991100311279297,30.869722366333008,30.523815155029297,34.39031982421875,40.543190002441406,45.75634002685547,54.72119903564453,68.77760314941406,115.0215835571289
1998342N06141,FAITH,1998,1998-12-10 21:00:00,12.0,122.7,70,63,1.1111111111111112,12.0,46,22,18,270,0,111.46862030029297,2023.4169921875,273.3011169433594,,,,111.46862030029297,96.17070770263672,85.19549560546875,0.012369987554848194,96.17070770263672,70.6926040649414,61.32157516479492,67.25780487060547,78.3033218383789,87.08392333984375,95.0679931640625,102.5350341796875,108.25251007080078,114.49832916259766,110.60552978515625,99.02842712402344,121.60445404052734
1998342N06141,FAITH,1998,1998-12-11 00:00:00,12.0,121.8,75,63,1.1904761904761905,15.0,22,22,16,260,0,53.428070068359375,865.7141723632812,119.89189147949219,,,,53.428070068359375,48.81560134887695,43.726741790771484,38.730228424072266,48.81560134887695,58.55963134765625,77.04798126220703,88.69770050048828,98.54844665527344,111.76191711425781,122.01354217529297,136.74867248535156,152.16677856445312,171.91156005859375,200.21070861816406,192.32057189941406,143.21961975097656
1998342N06141,FAITH,1998,1998-12-11 03:00:00,11.8,121.0,78,63,1.238095238095238,18.0,46,46,15,255,0,9.479737281799316,254.00291442871094,28.70861053466797,,,,9.479737281799316,7.771878242492676,6.227787017822266,,7.771878242492676,11.435290336608887,17.922897338867188,25.471446990966797,32.71430969238281,44.8065185546875,54.5676155090332,63.16443634033203,73.99781799316406,100.03445434570312,123.77792358398438,158.2049560546875,162.8365478515625
1999230N12129,SAM,1999,1999-08-20 00:00:00,18.1,122.2,50,50,1.0,0.0,0,0,13,295,0,237.2130126953125,1777.8282470703125,286.6246032714844,,,,237.2130126953125,231.14202880859375,224.00054931640625,327.226318359375,231.14202880859375,222.36080932617188,216.68927001953125,211.14501953125,210.388916015625,208.9893798828125,205.9676513671875,203.88150024414062,208.02767944335938,217.28494262695312,251.64413452148438,337.3275451660156,385.32342529296875
1999230N12129,SAM,1999,1999-08-20 03:00:00,18.3,121.5,53,50,1.06,3.0,0,0,13,285,0,182.12364196777344,1358.8291015625,240.22291564941406,,,,182.12364196777344,179.50015258789062,176.4113311767578,34.98479461669922,179.50015258789062,220.0285186767578,264.98199462890625,281.4489440917969,291.60345458984375,298.1294860839844,305.26031494140625,309.7398986816406,315.4681701660156,325.1991271972656,339.26885986328125,367.868896484375,406.7587890625
1999230N12129,SAM,1999,1999-08-20 06:00:00,18.4,120.9,55,50,1.1,6.0,0,0,10,280,0,378.33673095703125,2328.896240234375,386.35595703125,,,,378.33673095703125,372.6090393066406,362.934814453125,515.33642578125,372.6090393066406,360.1571960449219,350.3078918457031,349.7138366699219,344.7871398925781,339.88262939453125,338.55462646484375,337.6861572265625,337.3678894042969,335.61053466796875,338.2242431640625,372.4444274902344,423.9523620605469
1999230N12129,SAM,1999,1999-08-20 09:00:00,18.5,120.5,55,50,1.1,9.0,15,15,7,275,0,233.2845916748047,1725.5831298828125,289.9368591308594,,,,233.2845916748047,225.3741912841797,212.3352813720703,109.6361083984375,225.3741912841797,277.881591796875,328.8667907714844,358.36138916015625,376.80364990234375,378.7101135253906,373.9117736816406,362.25726318359375,352.0332946777344,338.9249267578125,350.2874450683594,368.6752014160156,423.51361083984375
1999230N12129,SAM,1999,1999-08-20 12:00:00,18.5,120.2,55,50,1.1,12.0,43,43,7,280,0,67.22364044189453,562.4893798828125,116.7290267944336,,,,67.22364044189453,60.89166259765625,51.78982162475586,,60.89166259765625,85.82868194580078,122.30721282958984,161.51690673828125,188.99771118164062,231.5201873779297,287.12451171875,334.9692077636719,364.7190246582031,366.8917236328125,350.1792297363281,376.0183410644531,427.8075866699219
1999275N16135,DAN,1999,1999-10-05 00:00:00,18.2,122.5,110,110,1.0,0.0,23,0,10,275,0,234.17037963867188,1121.1639404296875,248.16917419433594,,,,234.17037963867188,225.0487518310547,212.2578582763672,52.53585433959961,225.0487518310547,216.2823944091797,227.46688842773438,232.90386962890625,239.13722229003906,239.19110107421875,237.37127685546875,234.1170654296875,225.24610900878906,217.80923461914062,206.8297119140625,225.4414825439453,358.6160888671875
1999275N16135,DAN,1999,1999-10-05 03:00:00,18.3,121.9,105,110,0.9545454545454546,3.0,0,0,11,280,0,132.70648193359375,1127.3240966796875,190.96826171875,,,,132.70648193359375,129.65538024902344,125.71337890625,125.5057601928711,129.65538024902344,132.3426971435547,153.364990234375,166.43099975585938,178.6289825439453,190.2165985107422,199.95433044433594,214.32562255859375,235.70870971679688,285.86273193359375,319.1750183105469,336.3599548339844,383.58575439453125
1999275N16135,DAN,1999,1999-10-05 06:00:00,18.4,121.3,100,110,0.9090909090909092,6.0,0,0,12,280,0,304.8023986816406,1824.9254150390625,354.45526123046875,,,,304.8023986816406,299.9991455078125,292.3964538574219,185.1952667236328,299.9991455078125,299.3150939941406,294.48211669921875,289.8584289550781,286.6883850097656,290.8312683105469,294.4205017089844,299.50634765625,301.9471740722656,311.9587097167969,327.465087890625,363.9623107910156,403.8163146972656
1999275N16135,DAN,1999,1999-10-05 09:00:00,18.4,120.7,95,110,0.8636363636363636,9.0,0,0,12,275,0,367.226318359375,2331.103515625,385.5862121582031,,,,367.226318359375,359.5476989746094,351.3197021484375,265.94879150390625,359.5476989746094,385.6481018066406,382.827392578125,375.9207458496094,369.2527770996094,362.51519775390625,356.8104248046875,348.3651123046875,346.8109130859375,348.9789733886719,358.8441467285156,372.426025390625,432.6294250488281
1999275N16135,DAN,1999,1999-10-05 12:00:00,18.5,120.1,90,110,0.8181818181818182,12.0,53,53,8,270,0,0.11330508440732956,4.627729415893555,0.5408432483673096,,,,0.11330508440732956,0.05967942625284195,0.016254225745797157,,0.05967942625284195,51.43952941894531,80.295654296875,90.11024475097656,115.65365600585938,152.97010803222656,185.46774291992188,239.00363159179688,298.3001708984375,359.2774658203125,357.3399353027344,365.52667236328125,428.3069763183594
2000248N18126,BOPHA,2000,2000-09-11 00:00:00,18.6,121.9,45,45,1.0,0.0,30,0,7,170,0,88.75189208984375,1127.1724853515625,164.59852600097656,,,,88.75189208984375,82.40399169921875,74.97616577148438,10.551994323730469,82.40399169921875,117.31475830078125,107.57087707519531,108.01168823242188,110.23233032226562,118.96466064453125,138.45770263671875,162.16162109375,176.56097412109375,206.72499084472656,255.31591796875,305.7818603515625,355.2440185546875
2000248N18126,BOPHA,2000,2000-09-11 03:00:00,18.3,122.0,43,45,0.9555555555555556,3.0,0,0,7,170,0,151.87646484375,1121.511962890625,201.36351013183594,,,,151.87646484375,147.69415283203125,142.78236389160156,235.6017608642578,147.69415283203125,144.71775817871094,153.21499633789062,158.4225616455078,167.06430053710938,177.87110900878906,186.23486328125,193.63226318359375,205.87149047851562,243.5382080078125,305.6897277832031,328.815185546875,376.92645263671875
2000248N18126,BOPHA,2000,2000-09-11 06:00:00,18.0,122.0,40,45,0.8888888888888888,6.0,0,0,7,175,0,224.1351318359375,1774.1026611328125,294.0249938964844,,,,224.1351318359375,221.25587463378906,216.3330078125,265.40106201171875,221.25587463378906,203.88111877441406,200.51051330566406,202.77316284179688,208.16604614257812,215.4471893310547,225.0947265625,237.7235107421875,251.34750366210938,289.1830139160156,338.1405029296875,372.978759765625,417.77447509765625
2000248N18126,BOPHA,2000,2000-09-11 09:00:00,17.6,122.0,35,45,0.7777777777777778,9.0,0,0,8,170,0,290.92767333984375,1806.9891357421875,352.9995422363281,,,,290.92767333984375,288.2917785644531,285.1099853515625,516.18359375,288.2917785644531,256.5518493652344,240.16526794433594,235.71978759765625,238.07534790039062,242.91879272460938,253.35174560546875,269.66741943359375,289.5711364746094,329.2799987792969,385.8210754394531,429.6413879394531,459.0722961425781
2000248N18126,BOPHA,2000,2000-09-11 12:00:00,17.2,122.2,30,45,0.6666666666666666,12.0,0,0,9,145,0,317.49310302734375,1803.002197265625,338.6554870605469,,,,317.49310302734375,314.385009765625,309.90191650390625,432.3621826171875,314.385009765625,299.26629638671875,287.68603515625,281.63885498046875,276.095458984375,268.82568359375,264.7325744628906,265.3945007324219,271.9919738769531,296.4316101074219,351.58587646484375,442.61334228515625,482.622802734375
2000248N18126,BOPHA,2000,2000-09-11 15:00:00,16.9,122.6,30,45,0.6666666666666666,15.0,10,10,11,120,0,348.56298828125,1559.3330078125,316.0085144042969,,,,348.56298828125,339.88568115234375,326.78515625,64.71209716796875,339.88568115234375,331.7193298339844,338.4319152832031,345.1283874511719,340.41546630859375,335.2355041503906,329.3063049316406,323.8135986328125,317.4101257324219,306.66473388671875,286.5975341796875,313.39971923828125,489.8516845703125
2000248N18126,BOPHA,2000,2000-09-11 18:00:00,16.7,123.2,30,45,0.6666666666666666,18.0,77,77,12,105,0,,,,,,,,,,,,,,,0.0,25.68205451965332,75.24687957763672,125.43827056884766,198.0614013671875,317.3520812988281,330.68450927734375,339.13299560546875,302.9950256347656
2000299N08139,XANGSANE,2000,2000-10-27 15:00:00,13.5,124.3,73,73,1.0,0.0,10,0,13,285,0,121.02743530273438,803.2750854492188,163.60305786132812,,,,121.02743530273438,113.89071655273438,106.6242904663086,132.1508026123047,113.89071655273438,93.86172485351562,93.311767578125,104.29156494140625,112.61167907714844,114.74744415283203,115.9714126586914,114.5196762084961,113.3989028930664,108.91596221923828,92.95276641845703,85.28378295898438,81.89698028564453
2000299N08139,XANGSANE,2000,2000-10-27 18:00:00,13.6,123.6,75,73,1.0273972602739727,3.0,10,0,13,280,0,130.1606903076172,2427.311767578125,215.1490020751953,,,,130.1606903076172,127.33049774169922,123.41478729248047,222.4777069091797,127.33049774169922,109.96208953857422,108.57390594482422,112.43470001220703,110.16686248779297,104.83475494384766,99.80879974365234,96.81510925292969,96.21475219726562,96.49581909179688,91.2445297241211,84.35050964355469,75.87486267089844
2000299N08139,XANGSANE,2000,2000-10-27 21:00:00,13.7,123.0,70,73,0.958904109589041,6.0,0,0,12,280,0,112.01953125,1954.0465087890625,187.8577880859375,,,,112.01953125,108.70454406738281,104.95624542236328,72.62858581542969,108.70454406738281,99.90579986572266,96.98008728027344,99.35012817382812,98.8607177734375,96.05538177490234,94.09561157226562,91.45384979248047,88.44326782226562,83.14972686767578,84.70039367675781,81.13861846923828,87.58397674560547
2000299N08139,XANGSANE,2000,2000-10-28 00:00:00,13.8,122.4,65,73,0.8904109589041096,9.0,0,0,11,285,0,78.96613311767578,1485.390869140625,121.7345199584961,,,,78.96613311767578,76.5886001586914,73.56340026855469,66.87958526611328,76.5886001586914,79.72895812988281,83.37832641601562,82.4592056274414,79.17066955566406,75.34107208251953,73.30027770996094,73.719482421875,76.08262634277344,86.97618103027344,88.49944305419922,97.95111083984375,153.1487274169922
2000299N08139,XANGSANE,2000,2000-10-28 03:00:00,14.0,121.8,65,73,0.8904109589041096,12.0,0,0,11,290,0,126.4332046508789,2131.1767578125,205.34828186035156,,,,126.4332046508789,121.12841033935547,114.9662094116211,71.54882049560547,121.12841033935547,107.03564453125,112.7479476928711,116.93766021728516,117.52549743652344,115.79838562011719,116.25249481201172,116.05835723876953,117.0206298828125,120.40115356445312,133.42665100097656,162.9880828857422,160.50941467285156
2000299N08139,XANGSANE,2000,2000-10-28 06:00:00,14.2,121.4,65,73,0.8904109589041096,15.0,0,0,10,295,0,165.77151489257812,2130.5302734375,199.31903076171875,,,,165.77151489257812,163.98245239257812,161.67849731445312,221.73062133789062,163.98245239257812,163.7551727294922,164.1031951904297,162.69082641601562,161.2134246826172,156.80960083007812,149.9326629638672,143.5758056640625,139.3644256591797,139.91305541992188,152.00112915039062,162.80796813964844,181.9066619873047
2000299N08139,XANGSANE,2000,2000-10-28 09:00:00,14.4,120.9,65,73,0.8904109589041096,18.0,0,0,9,300,0,100.71493530273438,1369.3958740234375,151.44479370117188,,,,100.71493530273438,98.16294860839844,95.3521957397461,59.27717590332031,98.16294860839844,111.17420196533203,140.4473419189453,152.0342254638672,158.7063751220703,163.05482482910156,164.48536682128906,164.12611389160156,161.50640869140625,159.83103942871094,167.7349853515625,180.9376678466797,207.71974182128906
2000299N08139,XANGSANE,2000,2000-10-28 12:00:00,14.6,120.6,65,73,0.8904109589041096,21.0,0,0,9,310,0,81.23245239257812,1372.0755615234375,160.0577850341797,,,,81.23245239257812,78.30400085449219,75.3818130493164,162.7103729248047,78.30400085449219,95.20681762695312,120.8912353515625,127.31094360351562,134.86322021484375,142.74188232421875,149.25611877441406,156.62249755859375,163.60018920898438,175.52386474609375,178.5608367919922,186.99998474121094,224.4159393310547
2000299N08139,XANGSANE,2000,2000-10-28 15:00:00,14.9,120.2,60,73,0.821917808219178,24.0,0,0,9,315,0,211.59410095214844,1560.808837890625,246.0161895751953,,,,211.59410095214844,207.70179748535156,202.0141143798828,175.98280334472656,207.70179748535156,212.9219207763672,211.07162475585938,205.33978271484375,198.77659606933594,191.9436798095703,182.42359924316406,172.76950073242188,164.3549346923828,156.8130340576172,163.57359313964844,175.45433044433594,257.4604797363281
2000299N08139,XANGSANE,2000,2000-10-28 18:00:00,15.3,119.9,55,73,0.7534246575342466,27.0,10,10,10,310,0,362.9436340332031,2014.9058837890625,380.75897216796875,,,,362.9436340332031,354.5644226074219,344.7298583984375,111.50692749023438,354.5644226074219,353.8808898925781,301.7630310058594,272.0930480957031,246.7244873046875,226.89263916015625,208.7604522705078,192.08033752441406,176.93447875976562,158.97003173828125,139.449951171875,188.56634521484375,314.8833312988281
2000299N08139,XANGSANE,2000,2000-10-28 21:00:00,15.6,119.5,55,73,0.7534246575342466,30.0,44,44,10,305,0,2.99889874458313,83.39960479736328,8.167935371398926,,,,2.99889874458313,2.552795648574829,2.1301705837249756,,2.552795648574829,69.16850280761719,170.10641479492188,229.5547637939453,260.79730224609375,259.908203125,246.95492553710938,228.70339965820312,218.92376708984375,211.4956512451172,187.9400634765625,180.60015869140625,321.0462646484375
2000305N06136,BEBINCA,2000,2000-11-02 00:00:00,13.6,124.9,60,60,1.0,0.0,55,0,14,300,0,0.0,0.0,0.0,,,,0.0,0.0,0.0,,0.0,34.644683837890625,117.1841049194336,125.92828369140625,139.1735382080078,153.9322509765625,140.45675659179688,128.31703186035156,116.0780029296875,92.5606918334961,70.78123474121094,92.8933334350586,88.57502746582031
2000305N06136,BEBINCA,2000,2000-11-02 03:00:00,13.9,124.2,68,60,1.1333333333333333,3.0,0,0,14,295,0,112.6400375366211,802.7449951171875,155.02467346191406,,,,112.6400375366211,105.21834564208984,96.78302764892578,141.31532287597656,105.21834564208984,103.7245101928711,107.23448181152344,99.22637176513672,96.24929809570312,101.50137329101562,111.45214080810547,124.2887191772461,125.74561309814453,117.16751861572266,104.68620300292969,95.49652862548828,84.28498840332031
2000305N06136,BEBINCA,2000,2000-11-02 06:00:00,14.2,123.6,75,60,1.25,6.0,33,15,12,290,0,76.8923110961914,999.957763671875,147.80093383789062,,,,76.8923110961914,72.17581939697266,67.03961944580078,0.26981642842292786,72.17581939697266,74.2502212524414,88.53361511230469,89.6942367553711,91.805419921875,95.65167999267578,102.41625213623047,111.35884857177734,112.52794647216797,108.91117095947266,104.60313415527344,92.4873275756836,77.97986602783203
2000305N06136,BEBINCA,2000,2000-11-02 09:00:00,14.3,123.0,80,60,1.3333333333333333,9.0,15,15,11,290,0,102.30680847167969,1489.459228515625,168.70152282714844,,,,102.30680847167969,96.79334259033203,90.35285186767578,12.186186790466309,96.79334259033203,91.94956970214844,81.18387603759766,78.16633605957031,81.91112518310547,86.21451568603516,85.49327850341797,83.64130401611328,82.39568328857422,80.7082748413086,77.11647033691406,83.34870147705078,110.04412078857422
2000305N06136,BEBINCA,2000,2000-11-02 12:00:00,14.5,122.5,85,60,1.4166666666666667,12.0,33,33,10,280,0,49.9514274597168,749.1420288085938,83.85222625732422,,,,49.9514274597168,46.709774017333984,42.75041961669922,8.587282180786133,46.709774017333984,50.14641571044922,59.21040344238281,59.72507858276367,59.563968658447266,60.32161331176758,62.43840789794922,64.09356689453125,67.30305480957031,82.28490447998047,102.23626708984375,123.7519760131836,133.83404541015625
2000332N08133,RUMBIA,2000,2000-11-29 21:00:00,10.9,125.9,53,53,1.0,0.0,15,0,11,295,0,12.724928855895996,366.5648498535156,37.8473014831543,,,,12.724928855895996,11.259113311767578,10.018239974975586,8.010124206542969,11.259113311767578,20.586475372314453,43.455238342285156,51.15048599243164,63.12922668457031,70.88399505615234,72.89830017089844,76.84642791748047,81.07112121582031,95.5724105834961,113.31844329833984,107.5322265625,118.85118865966797
2000332N08133,RUMBIA,2000,2000-11-30 00:00:00,11.1,125.4,55,53,1.0377358490566038,3.0,0,0,12,295,0,84.961669921875,701.627197265625,116.1827392578125,,,,84.961669921875,81.36640167236328,77.56480407714844,104.13675689697266,81.36640167236328,82.71155548095703,107.17506408691406,123.30481719970703,128.7239227294922,131.83920288085938,134.2305450439453,132.8639373779297,128.23377990722656,123.71660614013672,120.8181381225586,103.81836700439453,99.87506866455078
2000332N08133,RUMBIA,2000,2000-11-30 03:00:00,11.3,124.8,55,53,1.0377358490566038,6.0,0,0,12,290,0,125.7355728149414,1297.8956298828125,192.51040649414062,,,,125.7355728149414,122.80998229980469,119.31498718261719,122.3041763305664,122.80998229980469,129.0023193359375,128.7728729248047,128.16831970214844,124.50404357910156,121.46127319335938,120.0740966796875,119.27471160888672,118.95590209960938,115.3751220703125,109.25146484375,95.56289672851562,99.5536117553711
2000332N08133,RUMBIA,2000,2000-11-30 06:00:00,11.5,124.3,55,53,1.0377358490566038,9.0,10,10,10,290,0,82.50528717041016,1331.654296875,164.32289123535156,,,,82.50528717041016,76.1702651977539,69.2731704711914,103.1937255859375,76.1702651977539,70.8574447631836,68.56827545166016,68.21163940429688,70.82442474365234,72.52477264404297,75.26969146728516,81.26345825195312,87.48877716064453,97.16256713867188,97.68122863769531,97.16740417480469,99.19258117675781
2000332N08133,RUMBIA,2000,2000-11-30 09:00:00,11.7,123.9,55,53,1.0377358490566038,12.0,15,15,9,290,0,20.61841583251953,876.0001220703125,48.823890686035156,,,,20.61841583251953,18.87468910217285,16.592342376708984,9.549053192138672,18.87468910217285,25.808704376220703,39.893733978271484,40.337646484375,40.58001708984375,42.49185562133789,44.29276657104492,46.017730712890625,49.30332946777344,54.94546127319336,68.88727569580078,93.59169006347656,113.55945587158203
2000332N08133,RUMBIA,2000,2000-11-30 12:00:00,11.8,123.5,55,53,1.0377358490566038,15.0,24,0,8,285,0,20.40638542175293,575.801513671875,45.26808547973633,,,,20.40638542175293,18.75474739074707,16.71713638305664,0.39461150765419006,18.75474739074707,31.94924545288086,33.34149932861328,33.28974914550781,32.24755859375,31.59405517578125,31.56493377685547,31.561386108398438,31.782621383666992,37.75250244140625,60.31495666503906,89.07425689697266,115.89769744873047
2000332N08133,RUMBIA,2000,2000-11-30 15:00:00,11.9,123.0,55,53,1.0377358490566038,18.0,39,39,8,280,0,10.319222450256348,387.3443603515625,26.12986183166504,,,,10.319222450256348,9.078259468078613,7.823742389678955,4.409221649169922,9.078259468078613,23.388734817504883,39.28264236450195,47.83454513549805,54.0798454284668,58.15240478515625,60.7342529296875,63.110877990722656,70.14451599121094,83.8272476196289,95.7380142211914,103.26995086669922,110.18611907958984
2002008N07141,TAPAH,2002,2002-01-13 12:00:00,16.4,122.5,40,40,1.0,0.0,30,0,11,340,30,374.61871337890625,1576.0501708984375,369.522216796875,402.84393310546875,313.6087341308594,55.56,374.61871337890625,357.4381103515625,340.72113037109375,0.0,357.4381103515625,407.03582763671875,394.26617431640625,380.4341125488281,361.3681945800781,343.09698486328125,329.8337097167969,317.2813720703125,311.5153503417969,307.8191833496094,323.73858642578125,370.50933837890625,473.6136474609375
2002008N07141,TAPAH,2002,2002-01-13 15:00:00,17.0,122.3,35,40,0.875,3.0,0,0,12,345,30,325.85015869140625,1791.353271484375,310.6634826660156,321.3951110839844,290.5023498535156,55.56,325.85015869140625,320.95599365234375,316.4130859375,342.494384765625,320.95599365234375,315.7102966308594,306.541748046875,301.1609802246094,295.06475830078125,291.0678405761719,288.5849914550781,285.89208984375,284.1083984375,286.0715637207031,322.3693542480469,435.340087890625,498.1138000488281
2002008N07141,TAPAH,2002,2002-01-13 18:00:00,17.6,122.2,30,40,0.75,6.0,10,0,14,350,30,388.2081298828125,1807.42041015625,377.5313720703125,346.3719787597656,256.133056640625,55.56,388.2081298828125,383.8221740722656,374.8450622558594,525.0414428710938,383.8221740722656,314.48052978515625,276.4755859375,260.947509765625,244.7316436767578,233.50341796875,225.99444580078125,224.8514862060547,228.75167846679688,248.82220458984375,310.65618896484375,399.5029602050781,448.3155822753906
2002008N07141,TAPAH,2002,2002-01-13 21:00:00,18.3,122.1,25,40,0.625,9.0,0,0,14,355,25,172.43887329101562,1115.2760009765625,210.80128479003906,180.1467742919922,184.42715454101562,46.300000000000004,172.43887329101562,167.6543426513672,161.087646484375,226.33877563476562,167.6543426513672,161.59320068359375,164.98281860351562,164.23365783691406,166.5198974609375,170.85595703125,176.33447265625,182.71372985839844,192.53378295898438,214.41212463378906,268.1035461425781,319.1795959472656,372.4500427246094
2002008N07141,TAPAH,2002,2002-01-14 00:00:00,19.0,122.1,20,40,0.5,12.0,67,0,15,360,20,68.13800048828125,785.70458984375,130.61843872070312,74.45967102050781,64.89862823486328,37.04,68.13800048828125,59.97606658935547,49.66252517700195,82.45486450195312,59.97606658935547,54.31251525878906,51.81997299194336,59.54378890991211,72.36536407470703,79.99211120605469,84.86593627929688,87.84447479248047,92.66539001464844,97.30616760253906,110.72929382324219,201.4156951904297,295.6491394042969
2003144N16119,LINFA,2003,2003-05-26 21:00:00,16.1,119.6,55,55,1.0,0.0,15,0,5,90,0,40.08753967285156,448.5815124511719,57.04098892211914,,,,40.08753967285156,38.34503936767578,36.92760467529297,33.96097183227539,38.34503936767578,57.685054779052734,91.47782897949219,102.3338623046875,114.36075592041016,130.88417053222656,146.2165069580078,155.9020538330078,163.35848999023438,193.83045959472656,238.97483825683594,348.5673522949219,419.6030578613281
2003144N16119,LINFA,2003,2003-05-27 00:00:00,16.1,119.9,55,55,1.0,3.0,0,0,8,90,0,90.00446319580078,1094.81005859375,152.9165496826172,,,,90.00446319580078,86.62937927246094,82.42884826660156,54.359371185302734,86.62937927246094,101.72344207763672,130.46621704101562,153.1884002685547,181.05902099609375,204.61412048339844,223.7018585205078,238.9341278076172,252.25657653808594,300.7179260253906,366.88543701171875,402.08453369140625,421.5513000488281
2003144N16119,LINFA,2003,2003-05-27 03:00:00,16.1,120.4,50,55,0.9090909090909092,6.0,0,0,10,85,0,240.2109832763672,2220.30859375,375.78857421875,,,,240.2109832763672,235.59107971191406,230.34457397460938,68.22511291503906,235.59107971191406,298.7890930175781,331.8628234863281,349.54254150390625,371.5384826660156,388.6314697265625,401.1105651855469,411.9530029296875,422.6025695800781,436.5747985839844,445.8096618652344,432.9894714355469,401.3102111816406
2003144N16119,LINFA,2003,2003-05-27 06:00:00,16.2,121.0,45,55,0.8181818181818182,9.0,0,0,10,75,15,729.2992553710938,2894.818603515625,470.89581298828125,797.0908203125,707.0901489257812,27.78,729.2992553710938,729.6116943359375,729.8566284179688,793.5680541992188,729.6116943359375,684.3889770507812,620.9764404296875,591.5748291015625,567.1898193359375,547.7681274414062,531.4089965820312,517.80322265625,506.95404052734375,490.4916687011719,467.1969909667969,430.2620849609375,386.9028625488281
2003144N16119,LINFA,2003,2003-05-27 09:00:00,16.3,121.4,40,55,0.7272727272727273,12.0,0,0,10,65,0,569.1670532226562,1912.546875,362.3251647949219,,,,569.1670532226562,568.700927734375,568.7770385742188,723.02001953125,568.700927734375,568.2509765625,569.1752319335938,563.2111206054688,567.6226196289062,574.4696655273438,573.91455078125,568.6400146484375,558.9344482421875,532.6331787109375,494.4756774902344,454.6626892089844,390.52239990234375
2003144N16119,LINFA,2003,2003-05-27 12:00:00,16.6,121.9,35,55,0.6363636363636364,15.0,0,0,10,60,0,312.1325378417969,1800.3109130859375,315.5491027832031,,,,312.1325378417969,311.3768310546875,311.1124267578125,341.4013671875,311.3768310546875,305.55670166015625,317.5496826171875,328.8609924316406,341.5545654296875,354.3213195800781,371.1846618652344,391.6142883300781,414.6093444824219,466.7349853515625,530.2564086914062,544.7485961914062,422.52117919921875
2003144N16119,LINFA,2003,2003-05-27 15:00:00,16.8,122.3,35,55,0.6363636363636364,18.0,0,0,10,55,0,343.128173828125,1582.647216796875,302.1378479003906,,,,343.128173828125,338.744873046875,334.131591796875,416.1037902832031,338.744873046875,319.1958312988281,306.4897155761719,300.7331848144531,295.6659240722656,287.59930419921875,283.42022705078125,283.2774353027344,286.6083068847656,308.4755554199219,345.979248046875,446.08050537109375,487.59027099609375
2003144N16119,LINFA,2003,2003-05-27 18:00:00,17.2,122.7,35,55,0.6363636363636364,21.0,30,30,13,45,0,196.0079803466797,1230.321533203125,259.12677001953125,,,,196.0079803466797,185.881103515625,173.85743713378906,19.40705108642578,185.881103515625,271.1784973144531,342.69708251953125,361.4476318359375,366.2464904785156,368.18994140625,365.38397216796875,357.9808654785156,347.692626953125,318.4156494140625,281.81976318359375,259.2402648925781,439.4155578613281
2003144N16119,LINFA,2003,2003-05-27 21:00:00,17.7,123.3,33,55,0.6,24.0,105,105,15,40,0,,,,,,,,,,,,,,,,,,,0.0,24.334156036376953,114.77198028564453,367.06939697265625,231.0708770751953
2003196N05150,IMBUDO,2003,2003-07-22 00:00:00,16.4,123.0,115,115,1.0,0.0,77,0,16,290,5,,,,,,25.0,,,,,,,0.0,0.8564304113388062,123.00244903564453,171.7708740234375,243.3467254638672,290.8584899902344,320.66156005859375,353.1591796875,352.35662841796875,312.2825927734375,349.7296142578125
2003196N05150,IMBUDO,2003,2003-07-22 03:00:00,16.7,122.2,103,115,0.8956521739130435,3.0,0,0,17,290,8,340.9189758300781,1577.5526123046875,314.2463073730469,478.5660705566406,340.9189758300781,25.0,340.9189758300781,337.999755859375,335.01983642578125,475.20538330078125,337.999755859375,310.4551086425781,292.36737060546875,285.08740234375,281.4139709472656,283.6334533691406,288.78515625,299.6839904785156,311.0627746582031,336.5174865722656,389.6360778808594,498.92962646484375,459.707763671875
2003196N05150,IMBUDO,2003,2003-07-22 06:00:00,17.0,121.4,90,115,0.782608695652174,6.0,0,0,18,290,10,496.49468994140625,2656.9296875,528.0158081054688,444.2365417480469,496.49468994140625,25.0,496.49468994140625,495.7981262207031,495.29541015625,443.446533203125,495.7981262207031,544.3993530273438,569.1568603515625,577.692626953125,591.9947509765625,601.58447265625,606.3216552734375,606.9447631835938,603.3103637695312,574.78369140625,537.38916015625,479.4306640625,409.1894836425781
2003196N05150,IMBUDO,2003,2003-07-22 09:00:00,17.3,120.5,85,115,0.7391304347826086,9.0,0,0,18,295,10,457.8037414550781,2435.510009765625,499.5589904785156,215.3336944580078,457.8037414550781,25.0,457.8037414550781,450.4881896972656,442.3773498535156,209.5352783203125,450.4881896972656,568.335205078125,675.1787719726562,717.6170043945312,743.0267333984375,753.7451782226562,752.7318725585938,742.4156494140625,727.3648071289062,684.7459716796875,614.871337890625,501.72576904296875,431.85919189453125
2003196N05150,IMBUDO,2003,2003-07-22 12:00:00,17.7,119.7,80,115,0.6956521739130435,12.0,64,64,15,290,10,,,,,,25.0,,,,,,,0.06069428473711014,1.2140207290649414,3.5703623294830322,32.1895637512207,66.20720672607422,94.13251495361328,117.2519760131836,150.01724243164062,225.68679809570312,508.5784912109375,554.1011962890625
2003196N11137,KONI,2003,2003-07-16 21:00:00,10.9,126.3,43,43,1.0,0.0,55,0,11,280,30,1.2663851976394653,85.27521514892578,7.896728038787842,1.3627246618270874,52.962867736816406,55.56,1.2663851976394653,0.9701082706451416,0.7752411365509033,,0.9701082706451416,5.0970587730407715,13.923128128051758,12.18493938446045,12.312149047851562,11.313058853149414,13.105334281921387,26.0159912109375,34.909584045410156,46.6590576171875,65.63177490234375,84.84213256835938,127.19038391113281
2003196N11137,KONI,2003,2003-07-17 00:00:00,11.0,125.7,45,43,1.0465116279069768,3.0,10,0,11,280,30,50.0015869140625,637.4832763671875,84.40191650390625,66.80473327636719,133.169677734375,55.56,50.0015869140625,45.84794998168945,41.19538116455078,9.39990520477295,45.84794998168945,69.03144073486328,76.35209655761719,75.2509765625,79.48950958251953,84.400390625,92.72698974609375,106.41700744628906,120.1741714477539,128.7492218017578,121.23806762695312,109.65325927734375,106.73029327392578
2003196N11137,KONI,2003,2003-07-17 03:00:00,11.1,125.1,43,43,1.0,6.0,10,0,12,280,30,152.03854370117188,1293.6533203125,201.45164489746094,148.7484893798828,124.25254821777344,55.56,152.03854370117188,149.16775512695312,146.47027587890625,41.31303405761719,149.16775512695312,140.20761108398438,134.40509033203125,136.1417999267578,132.45750427246094,128.45823669433594,125.955078125,124.16735076904297,122.92993927001953,119.79872131347656,112.01473236083984,100.8644027709961,95.22550201416016
2003196N11137,KONI,2003,2003-07-17 06:00:00,11.2,124.5,40,43,0.9302325581395348,9.0,0,0,14,285,30,137.5962371826172,1304.03369140625,212.503173828125,127.74665832519531,117.38842010498047,55.56,137.5962371826172,132.995361328125,126.6636962890625,135.24085998535156,132.995361328125,111.30313873291016,96.46537017822266,91.09980773925781,90.22876739501953,94.98653411865234,98.9644546508789,104.4654541015625,108.47433471679688,111.8200454711914,110.2660140991211,99.79133605957031,103.77945709228516
2003196N11137,KONI,2003,2003-07-17 09:00:00,11.4,123.7,40,43,0.9302325581395348,12.0,31,11,15,285,33,4.972343921661377,323.82073974609375,15.903192520141602,8.346850395202637,97.85740661621094,61.116,4.972343921661377,4.213866710662842,3.547459602355957,3.591784954071045,4.213866710662842,6.6075439453125,13.73668384552002,20.478052139282227,29.11305046081543,41.07953643798828,54.75824737548828,65.5285415649414,73.57263946533203,85.61774444580078,94.02603912353516,93.89983367919922,127.2987060546875
2003196N11137,KONI,2003,2003-07-17 12:00:00,11.7,123.0,40,43,0.9302325581395348,15.0,24,11,14,285,35,36.343143463134766,792.2891235351562,72.49861145019531,42.70396041870117,122.70794677734375,64.82000000000001,36.343143463134766,33.765541076660156,31.294485092163086,1.3443900346755981,33.765541076660156,36.47396469116211,42.873329162597656,44.06406021118164,46.504337310791016,54.340728759765625,65.21598815917969,81.25360107421875,97.40399932861328,111.22034454345703,116.45796966552734,116.44388580322266,112.37171173095703
2003196N11137,KONI,2003,2003-07-17 15:00:00,11.8,122.4,40,43,0.9302325581395348,18.0,11,11,12,285,35,134.19024658203125,1708.1529541015625,203.10806274414062,155.9207000732422,129.4254608154297,64.82000000000001,134.19024658203125,129.3477783203125,123.55209350585938,34.74812698364258,129.3477783203125,145.55661010742188,159.5931854248047,170.65963745117188,171.91014099121094,167.18414306640625,163.82569885253906,159.1487274169922,152.79119873046875,143.07730102539062,127.99919891357422,117.82870483398438,130.36322021484375
2003196N11137,KONI,2003,2003-07-17 18:00:00,12.0,121.9,40,43,0.9302325581395348,21.0,24,11,13,280,35,72.5824966430664,924.7199096679688,136.3455352783203,85.49755096435547,203.57054138183594,64.82000000000001,72.5824966430664,66.86729431152344,61.11748123168945,77.30213928222656,66.86729431152344,75.74864196777344,82.7445068359375,88.63209533691406,100.7065200805664,112.87653350830078,130.90765380859375,144.08824157714844,151.4910888671875,161.17489624023438,185.29249572753906,185.0210723876953,144.07669067382812
2003196N11137,KONI,2003,2003-07-17 21:00:00,12.1,121.1,43,43,1.0,24.0,11,11,14,275,35,75.45369720458984,881.5359497070312,135.3340606689453,130.98284912109375,188.95359802246094,64.82000000000001,75.45369720458984,70.03837585449219,63.73136520385742,23.08646583557129,70.03837585449219,99.97492980957031,148.8345184326172,175.20040893554688,197.2538299560547,211.28652954101562,214.29592895507812,210.36502075195312,207.8282928466797,192.93435668945312,178.7397003173828,175.54713439941406,168.21084594726562
2003196N11137,KONI,2003,2003-07-18 00:00:00,12.1,120.4,45,43,1.0465116279069768,27.0,73,73,13,275,35,42.0104866027832,612.2257080078125,77.416748046875,35.359375,162.27711486816406,64.82000000000001,42.0104866027832,39.185630798339844,36.325904846191406,47.77356719970703,39.185630798339844,36.519447326660156,30.19936752319336,28.609647750854492,27.052520751953125,25.649272918701172,27.764873504638672,38.45966339111328,52.83976364135742,83.6313247680664,141.97329711914062,181.66488647460938,136.18775939941406
2003226N07156,KROVANH,2003,2003-08-22 12:00:00,17.5,122.2,80,80,1.0,0.0,10,0,14,260,20,382.41253662109375,1803.9739990234375,373.70098876953125,514.3762817382812,259.8693542480469,37.04,382.41253662109375,378.9061279296875,371.40850830078125,529.5948486328125,378.9061279296875,309.62939453125,267.20196533203125,255.60154724121094,248.71841430664062,243.9625701904297,237.77239990234375,236.43760681152344,239.51316833496094,262.7425537109375,320.9402770996094,407.87872314453125,459.7596740722656
2003226N07156,KROVANH,2003,2003-08-22 15:00:00,17.4,121.3,75,80,0.9375,3.0,0,0,16,260,23,671.04345703125,2647.816650390625,590.5186157226562,699.82470703125,536.8259887695312,42.596000000000004,671.04345703125,672.17529296875,673.5494384765625,645.5267944335938,672.17529296875,616.603271484375,561.6386108398438,547.3218383789062,540.8447875976562,537.1758422851562,531.4157104492188,518.2469482421875,501.86065673828125,482.4151916503906,474.4927673339844,478.3254699707031,428.4939270019531
2003226N07156,KROVANH,2003,2003-08-22 18:00:00,17.3,120.5,70,80,0.875,6.0,0,0,13,270,25,457.8037414550781,2435.510009765625,499.5589904785156,409.44342041015625,754.0878295898438,46.300000000000004,457.8037414550781,450.4881896972656,442.3773498535156,209.5352783203125,450.4881896972656,568.335205078125,675.1787719726562,717.6170043945312,743.0267333984375,753.7451782226562,752.7318725585938,742.4156494140625,727.3648071289062,684.7459716796875,614.871337890625,501.72576904296875,431.85919189453125
2003226N07156,KROVANH,2003,2003-08-22 21:00:00,17.3,119.9,70,80,0.875,9.0,54,47,11,280,25,0.0,0.0,0.0,,241.9764862060547,46.300000000000004,0.0,0.0,0.0,,0.0,5.947661876678467,39.20087432861328,83.11785125732422,126.80476379394531,177.4132537841797,211.0184783935547,257.8784484863281,309.0928039550781,414.19097900390625,574.2196655273438,650.052734375,475.7313232421875
2003302N11133,MELOR,2003,2003-10-31 21:00:00,16.6,122.7,70,70,1.0,0.0,39,0,7,325,20,263.3559265136719,1461.6041259765625,279.1226501464844,11.274554252624512,363.9030456542969,37.04,263.3559265136719,244.03732299804688,226.2675323486328,,244.03732299804688,336.5213928222656,360.6146545410156,353.32904052734375,355.479736328125,352.3141174316406,343.3725280761719,334.08758544921875,328.0835876464844,316.73101806640625,299.4619445800781,322.8564758300781,460.4764709472656
2003302N11133,MELOR,2003,2003-11-01 00:00:00,16.9,122.5,75,70,1.0714285714285714,3.0,0,0,8,320,20,341.08453369140625,1556.5780029296875,293.11749267578125,345.1936950683594,338.45465087890625,37.04,341.08453369140625,336.0848693847656,327.1990051269531,198.9758758544922,336.0848693847656,332.4007263183594,338.6468811035156,332.8996887207031,326.24053955078125,320.7533874511719,313.22705078125,308.6881103515625,302.6833190917969,290.79803466796875,287.55059814453125,345.9830322265625,504.33306884765625
2003302N11133,MELOR,2003,2003-11-01 03:00:00,17.2,122.2,73,70,1.042857142857143,6.0,0,0,9,315,20,317.49310302734375,1803.002197265625,338.6554870605469,350.1153869628906,285.8559265136719,37.04,317.49310302734375,314.385009765625,309.90191650390625,432.3621826171875,314.385009765625,299.26629638671875,287.68603515625,281.63885498046875,276.095458984375,268.82568359375,264.7325744628906,265.3945007324219,271.9919738769531,296.4316101074219,351.58587646484375,442.61334228515625,482.622802734375
2003302N11133,MELOR,2003,2003-11-01 06:00:00,17.5,121.8,70,70,1.0,9.0,0,0,11,320,20,255.51438903808594,1803.1558837890625,325.71142578125,277.42022705078125,303.145263671875,37.04,255.51438903808594,255.03829956054688,254.56527709960938,213.37042236328125,255.03829956054688,251.6667938232422,281.45880126953125,304.8937683105469,327.4659729003906,343.7768249511719,359.6048583984375,373.0594177246094,385.4224853515625,410.1078796386719,432.5942687988281,457.4136962890625,456.7640380859375
2003302N11133,MELOR,2003,2003-11-01 09:00:00,18.0,121.4,68,70,0.9714285714285714,12.0,0,0,12,325,18,296.71844482421875,2336.524658203125,361.757568359375,215.02999877929688,366.9217224121094,33.336,296.71844482421875,294.8383483886719,293.230224609375,215.1323699951172,294.8383483886719,345.5191650390625,373.132080078125,381.4038391113281,386.7013854980469,386.94989013671875,387.0495300292969,385.5521545410156,381.9705810546875,384.1133728027344,390.44281005859375,398.40765380859375,443.068359375
2003302N11133,MELOR,2003,2003-11-01 12:00:00,18.5,121.1,65,70,0.9285714285714286,15.0,0,0,11,335,15,344.5823669433594,1830.2147216796875,358.246337890625,353.7052917480469,324.35064697265625,27.78,344.5823669433594,337.6979675292969,327.3102722167969,328.30853271484375,337.6979675292969,304.9814758300781,302.40643310546875,301.5838928222656,300.2200927734375,299.8134460449219,302.5301208496094,304.4830627441406,303.9732971191406,301.98809814453125,315.2226257324219,351.24053955078125,406.390869140625
2003302N11133,MELOR,2003,2003-11-01 15:00:00,19.0,121.0,65,70,0.9285714285714286,18.0,45,45,10,345,15,35.22528076171875,722.4054565429688,83.2044448852539,33.94256591796875,62.99202346801758,27.78,35.22528076171875,30.305377960205078,24.799753189086914,20.071809768676758,30.305377960205078,88.35684204101562,163.4660186767578,191.02940368652344,209.38951110839844,223.9932403564453,236.85752868652344,243.13575744628906,242.7254180908203,242.49269104003906,253.5409698486328,276.1994934082031,334.87835693359375
2003316N11141,NEPARTAK,2003,2003-11-13 15:00:00,12.3,125.7,50,50,1.0,0.0,24,0,15,260,40,18.6597957611084,182.79879760742188,27.919246673583984,90.13776397705078,99.89894104003906,74.08,18.6597957611084,17.749114990234375,16.553016662597656,0.1417943239212036,17.749114990234375,40.365806579589844,76.78614044189453,89.75096893310547,100.73808288574219,108.7623291015625,117.02623748779297,122.1562271118164,120.96888732910156,117.97064208984375,109.21480560302734,96.77484893798828,97.21146392822266
2003316N11141,NEPARTAK,2003,2003-11-13 18:00:00,12.2,124.9,50,50,1.0,3.0,0,0,15,255,40,114.30139923095703,823.7056884765625,126.11032104492188,98.8927993774414,94.61150360107422,74.08,114.30139923095703,113.58097076416016,112.51976776123047,160.89004516601562,113.58097076416016,103.2979507446289,98.18760681152344,96.26272583007812,98.25975036621094,100.3505630493164,100.02468872070312,97.23833465576172,94.44229888916016,92.8890609741211,94.214111328125,90.7847900390625,91.65764617919922
2003316N11141,NEPARTAK,2003,2003-11-13 21:00:00,11.9,124.1,50,50,1.0,6.0,10,0,16,255,40,37.27070236206055,1319.820556640625,98.69456481933594,61.09267044067383,84.4254150390625,74.08,37.27070236206055,34.179569244384766,30.63661003112793,21.35248374938965,34.179569244384766,54.73950958251953,58.71821212768555,57.04558563232422,55.30268478393555,54.942626953125,56.32261276245117,59.44645690917969,63.81231689453125,67.62855529785156,75.57804870605469,80.99112701416016,98.93912506103516
2003316N11141,NEPARTAK,2003,2003-11-14 00:00:00,11.8,123.4,50,50,1.0,9.0,34,24,16,265,40,12.285517692565918,403.2964782714844,29.371536254882812,37.93232345581055,104.4859848022461,74.08,12.285517692565918,11.194830894470215,9.901776313781738,1.7574959993362427,11.194830894470215,28.563743591308594,38.35956573486328,35.5614128112793,34.298667907714844,34.30657196044922,34.40092468261719,33.83933639526367,33.53181076049805,38.97088623046875,59.4670295715332,101.36354064941406,115.0942153930664
2003316N11141,NEPARTAK,2003,2003-11-14 03:00:00,11.8,122.5,53,50,1.06,12.0,15,11,16,275,30,93.3636703491211,1072.53564453125,149.8675537109375,114.64612579345703,144.36305236816406,55.56,93.3636703491211,89.67911529541016,84.79664611816406,2.0147411823272705,89.67911529541016,127.20950317382812,153.3193817138672,160.14268493652344,160.29998779296875,158.43618774414062,155.12936401367188,149.98223876953125,145.2962646484375,138.55490112304688,126.04442596435547,113.22422790527344,126.776123046875
2003316N11141,NEPARTAK,2003,2003-11-14 06:00:00,12.0,121.7,55,50,1.1,15.0,24,22,15,280,20,45.62786102294922,867.9424438476562,116.4683609008789,39.55537796020508,92.40090942382812,37.04,45.62786102294922,40.864723205566406,35.699344635009766,4.729400157928467,40.864723205566406,46.86658477783203,74.62662506103516,87.32628631591797,100.77644348144531,113.63264465332031,124.02626037597656,131.6471405029297,147.501953125,185.01669311523438,207.19766235351562,194.7419891357422,145.95794677734375
2003316N11141,NEPARTAK,2003,2003-11-14 09:00:00,12.1,121.0,58,50,1.16,18.0,15,15,13,280,20,59.249122619628906,685.777587890625,106.48693084716797,29.360578536987305,164.03787231445312,37.04,59.249122619628906,55.04786682128906,50.85104751586914,19.149084091186523,55.04786682128906,87.9451675415039,136.98501586914062,157.04014587402344,174.96554565429688,189.4394989013672,200.72164916992188,204.285888671875,205.09820556640625,189.9316864013672,173.69593811035156,173.5411834716797,168.91221618652344
2003316N11141,NEPARTAK,2003,2003-11-14 12:00:00,12.2,120.4,60,50,1.2,21.0,68,68,13,275,20,46.34046173095703,613.3024291992188,81.04642486572266,44.73775863647461,30.816524505615234,37.04,46.34046173095703,42.81777572631836,39.30223846435547,33.18386459350586,42.81777572631836,34.37522888183594,30.083356857299805,28.34906005859375,28.374631881713867,35.12095260620117,45.471893310546875,62.52654266357422,79.41246032714844,128.6316375732422,176.65383911132812,192.15223693847656,134.99224853515625
2004134N07132,NIDA,2004,2004-05-16 21:00:00,13.8,124.5,135,135,1.0,0.0,10,0,8,315,15,143.531494140625,804.9392700195312,167.83494567871094,112.2366714477539,133.16917419433594,27.78,143.531494140625,137.13101196289062,129.1551055908203,110.44752502441406,137.13101196289062,119.64664459228516,111.97032928466797,104.75969696044922,100.33040618896484,93.52294158935547,90.30717468261719,88.35081481933594,86.99103546142578,114.08501434326172,120.4591293334961,94.72327423095703,87.84471130371094
2004134N07132,NIDA,2004,2004-05-17 00:00:00,14.0,124.2,130,135,0.9629629629629628,3.0,0,0,7,320,15,116.90117645263672,805.7293090820312,157.7374725341797,115.91911315917969,110.66915130615234,27.78,116.90117645263672,110.93321990966797,102.80863952636719,98.41314697265625,110.93321990966797,101.00981903076172,109.65935516357422,109.2458267211914,105.11463165283203,96.34180450439453,98.54451751708984,108.47871398925781,120.30127716064453,120.22730255126953,108.56735229492188,99.04812622070312,84.36975860595703
2004134N07132,NIDA,2004,2004-05-17 03:00:00,14.3,124.0,130,135,0.9629629629629628,6.0,35,35,7,330,15,48.386619567871094,454.7841491699219,82.09629821777344,0.0,57.74474334716797,27.78,48.386619567871094,42.18426513671875,35.77838897705078,0.0,42.18426513671875,55.845497131347656,93.36721801757812,108.34740447998047,112.08633422851562,104.99249267578125,99.22903442382812,98.58948516845703,107.2101821899414,110.34196472167969,104.08733367919922,107.32990264892578,85.2301254272461
2004319N10134,MUIFA,2004,2004-11-19 12:00:00,14.3,123.7,85,85,1.0,0.0,44,0,9,230,0,13.01750373840332,385.34442138671875,35.56435012817383,,,,13.01750373840332,11.250039100646973,9.416685104370117,,11.250039100646973,61.791770935058594,72.2973861694336,75.86395263671875,84.79534149169922,96.23409271240234,99.28182220458984,101.30809020996094,104.74301147460938,109.18909454345703,107.24345397949219,99.19528198242188,78.26824951171875
2004319N10134,MUIFA,2004,2004-11-19 15:00:00,14.0,123.2,83,85,0.976470588235294,3.0,0,0,12,235,0,118.53202056884766,1954.8704833984375,199.91578674316406,,,,118.53202056884766,114.65328979492188,110.02950286865234,52.98762512207031,114.65328979492188,105.40300750732422,99.00816345214844,97.2614517211914,97.59234619140625,97.77316284179688,96.81938934326172,95.49057006835938,96.01414489746094,94.25759887695312,88.3581314086914,82.69776916503906,90.5059814453125
2004319N10134,MUIFA,2004,2004-11-19 18:00:00,13.6,122.7,80,85,0.9411764705882352,6.0,15,0,13,235,0,99.1806640625,1493.970947265625,137.52442932128906,,,,99.1806640625,95.43212127685547,91.8198471069336,44.7680778503418,95.43212127685547,89.23005676269531,80.5919189453125,81.10624694824219,81.89344787597656,81.96221923828125,81.95918273925781,81.40208435058594,82.20216369628906,84.32247161865234,81.84249114990234,89.39891815185547,132.16908264160156
2004319N10134,MUIFA,2004,2004-11-19 21:00:00,13.2,122.1,78,85,0.9176470588235294,9.0,46,10,14,230,0,76.83042907714844,1147.394775390625,142.35406494140625,,,,76.83042907714844,71.19300842285156,64.9737319946289,139.67408752441406,71.19300842285156,73.17228698730469,71.54267120361328,68.34748077392578,66.30569458007812,63.60219192504883,61.13652420043945,63.80289077758789,76.27472686767578,113.4168472290039,163.31126403808594,157.0615692138672,138.5359649658203
2004319N10134,MUIFA,2004,2004-11-20 00:00:00,12.8,121.6,75,85,0.8823529411764706,12.0,10,0,14,240,0,312.1224670410156,2289.806640625,420.0420837402344,,,,312.1224670410156,297.43310546875,278.8543701171875,33.90495300292969,297.43310546875,299.7344665527344,281.9759216308594,267.7625732421875,252.52577209472656,244.68508911132812,239.1817626953125,232.50057983398438,228.2517852783203,223.0016632080078,199.26315307617188,179.8276824951172,145.85755920410156
2004319N10134,MUIFA,2004,2004-11-20 03:00:00,12.6,120.9,70,85,0.8235294117647058,15.0,0,0,13,255,0,385.6681823730469,2292.12890625,451.2215270996094,,,,385.6681823730469,378.4582214355469,365.1136779785156,177.8599853515625,378.4582214355469,360.1781921386719,332.5671081542969,321.3609619140625,316.1869201660156,305.63671875,297.4869689941406,282.3710021972656,272.30926513671875,250.00413513183594,216.01991271972656,174.98631286621094,149.47251892089844
2004319N10134,MUIFA,2004,2004-11-20 06:00:00,12.4,120.3,65,85,0.7647058823529411,18.0,63,63,11,260,0,44.46229553222656,613.6431884765625,75.52887725830078,,,,44.46229553222656,40.92119216918945,37.13855743408203,1.556220531463623,40.92119216918945,36.44337844848633,29.764476776123047,29.94482421875,34.853065490722656,42.635101318359375,55.0208740234375,72.49192810058594,96.89751434326172,172.68568420410156,243.14474487304688,193.27545166015625,141.73854064941406
2004333N06154,NANMADOL,2004,2004-12-02 12:00:00,15.9,122.0,115,115,1.0,0.0,11,0,21,305,0,331.3975830078125,1803.485107421875,392.5135192871094,,,,331.3975830078125,315.108154296875,295.90313720703125,25.576505661010742,315.108154296875,361.3387756347656,419.8443298339844,442.8352966308594,464.6983947753906,477.6814880371094,472.5626525878906,458.88983154296875,445.19793701171875,406.0483703613281,373.41900634765625,378.1063232421875,385.41015625
2004333N06154,NANMADOL,2004,2004-12-02 15:00:00,16.6,121.0,108,115,0.9391304347826088,3.0,0,0,23,305,0,998.5315551757812,2897.03759765625,542.7044067382812,,,,998.5315551757812,999.778564453125,1000.9275512695312,1142.4996337890625,999.778564453125,924.0538940429688,819.9851684570312,767.4654541015625,721.9061279296875,688.2158813476562,662.94873046875,636.4092407226562,609.7738647460938,561.0973510742188,499.8331298828125,455.0375061035156,401.1694030761719
2004333N06154,NANMADOL,2004,2004-12-02 18:00:00,17.3,120.1,100,115,0.8695652173913043,6.0,33,33,18,305,0,48.5970344543457,593.9647827148438,83.95661163330078,,,,48.5970344543457,45.35633850097656,41.30841827392578,,45.35633850097656,140.18629455566406,212.69314575195312,255.49884033203125,307.80572509765625,367.99908447265625,434.39599609375,499.0334167480469,558.7378540039062,646.79150390625,693.7548828125,603.6878662109375,440.0486145019531
2005071N06152,ROKE,2005,2005-03-16 15:00:00,11.3,125.7,78,78,1.0,0.0,15,0,20,255,0,86.05884552001953,702.76708984375,115.2508544921875,,,,86.05884552001953,81.70211029052734,76.26496887207031,34.83650588989258,81.70211029052734,102.97907257080078,108.41239929199219,107.60648345947266,105.98454284667969,101.51565551757812,95.23746490478516,90.2896957397461,91.07337188720703,110.6119613647461,126.95280456542969,117.11344909667969,93.0510025024414
2005071N06152,ROKE,2005,2005-03-16 18:00:00,11.0,124.8,75,78,0.9615384615384616,3.0,0,0,19,260,0,129.35670471191406,1293.2828369140625,204.42373657226562,,,,129.35670471191406,125.55648040771484,121.47804260253906,240.4007568359375,125.55648040771484,124.67538452148438,132.23863220214844,133.3336181640625,132.86489868164062,130.58816528320312,126.8565902709961,122.30245971679688,116.35770416259766,109.68724822998047,105.51756286621094,102.64727020263672,105.95446014404297
2005071N06152,ROKE,2005,2005-03-16 21:00:00,10.9,123.8,65,78,0.8333333333333334,6.0,10,0,19,270,0,80.93402862548828,972.470703125,131.3464813232422,,,,80.93402862548828,74.71550750732422,68.36644744873047,76.66954040527344,74.71550750732422,98.21442413330078,122.07671356201172,126.93318176269531,126.35195922851562,122.62572479248047,121.57132720947266,120.0904541015625,121.0170669555664,122.6432113647461,120.5556869506836,116.81733703613281,139.64328002929688
2005071N06152,ROKE,2005,2005-03-17 00:00:00,11.0,122.9,55,78,0.7051282051282052,9.0,0,0,18,280,0,87.50100708007812,1670.519775390625,156.39913940429688,,,,87.50100708007812,85.03694152832031,82.32884216308594,52.3225212097168,85.03694152832031,102.71576690673828,138.49880981445312,152.73870849609375,159.17506408691406,162.7050323486328,166.34066772460938,169.5692138671875,169.21836853027344,163.43312072753906,163.18226623535156,153.50611877441406,138.63446044921875
2005071N06152,ROKE,2005,2005-03-17 03:00:00,11.2,122.0,50,78,0.6410256410256411,12.0,10,10,18,285,0,396.7017822265625,2074.894775390625,371.4642333984375,,,,396.7017822265625,387.6496276855469,374.1397705078125,303.1520080566406,387.6496276855469,316.498779296875,254.15921020507812,228.81124877929688,212.7858123779297,200.38687133789062,187.4824981689453,176.69699096679688,166.66371154785156,152.00546264648438,129.37962341308594,126.69991302490234,147.8975830078125
2005071N06152,ROKE,2005,2005-03-17 06:00:00,11.5,121.2,45,78,0.5769230769230769,15.0,73,60,15,290,0,3.907719135284424,254.2606964111328,17.181961059570312,,,,3.907719135284424,3.1100900173187256,2.353619337081909,,3.1100900173187256,2.5300662517547607,3.0259382724761963,3.0517685413360596,3.5997395515441895,6.147036075592041,11.633511543273926,20.013824462890625,29.7359619140625,82.7813949584961,124.87977600097656,163.23997497558594,146.6765594482422
2005222N14131,SANVU,2005,2005-08-11 15:00:00,18.1,122.7,45,45,1.0,0.0,47,0,14,295,28,80.48595428466797,627.7852783203125,115.66751098632812,111.23358917236328,282.3902587890625,51.856,80.48595428466797,69.37129211425781,58.2754020690918,,69.37129211425781,188.92822265625,230.66873168945312,234.16749572753906,246.8588104248047,261.3428039550781,268.0093688964844,261.7590026855469,268.6509094238281,274.4149475097656,239.18197631835938,207.00033569335938,343.13543701171875
2005222N14131,SANVU,2005,2005-08-11 18:00:00,18.4,122.0,45,45,1.0,3.0,10,10,13,295,10,158.1692352294922,1123.2823486328125,212.6782989501953,123.06756591796875,158.1692352294922,25.0,158.1692352294922,152.87615966796875,145.7391357421875,116.40522766113281,152.87615966796875,132.57737731933594,130.0222930908203,137.37124633789062,145.5580596923828,155.06649780273438,167.61167907714844,183.9296112060547,194.92893981933594,221.2386932373047,282.1553039550781,319.7902526855469,368.857177734375
2005222N14131,SANVU,2005,2005-08-11 21:00:00,18.7,121.5,48,45,1.0666666666666669,6.0,24,22,12,300,13,57.39255142211914,1104.405517578125,114.70191192626953,24.252782821655273,57.39255142211914,25.0,57.39255142211914,52.85516357421875,47.391544342041016,19.957103729248047,52.85516357421875,100.02688598632812,145.69430541992188,166.73773193359375,184.87997436523438,204.20599365234375,221.566650390625,232.27532958984375,234.79847717285156,239.32090759277344,270.927734375,312.4488525390625,368.0436706542969
2005222N14131,SANVU,2005,2005-08-12 00:00:00,19.0,121.0,50,45,1.1111111111111112,9.0,45,44,12,300,15,35.22528076171875,722.4054565429688,83.2044448852539,33.94256591796875,62.99202346801758,27.78,35.22528076171875,30.305377960205078,24.799753189086914,20.071809768676758,30.305377960205078,88.35684204101562,163.4660186767578,191.02940368652344,209.38951110839844,223.9932403564453,236.85752868652344,243.13575744628906,242.7254180908203,242.49269104003906,253.5409698486328,276.1994934082031,334.87835693359375
2005311N08140,TEMBIN,2005,2005-11-10 12:00:00,15.8,121.8,45,45,1.0,0.0,21,0,13,295,30,392.98931884765625,1750.599609375,384.6874694824219,450.7275695800781,389.1167297363281,55.56,392.98931884765625,377.0274353027344,360.13720703125,29.243566513061523,377.0274353027344,480.0364074707031,487.4241943359375,479.8529052734375,471.55023193359375,458.14068603515625,442.2055969238281,427.521240234375,412.27166748046875,386.11474609375,369.2123107910156,373.58642578125,369.51715087890625
2005311N08140,TEMBIN,2005,2005-11-10 15:00:00,16.0,121.2,40,45,0.8888888888888888,3.0,0,0,11,300,25,567.0075073242188,1910.760986328125,396.7135314941406,584.9122314453125,465.6138916015625,46.300000000000004,567.0075073242188,567.1817016601562,568.256591796875,730.1483764648438,567.1817016601562,528.6704711914062,497.7984619140625,489.0378112792969,482.8457946777344,476.8480529785156,467.3818359375,460.325927734375,453.815673828125,448.2171325683594,445.5614013671875,415.5732421875,371.7197570800781
2005311N08140,TEMBIN,2005,2005-11-10 18:00:00,16.3,120.8,35,45,0.7777777777777778,6.0,0,0,9,300,20,744.9243774414062,2894.4853515625,568.9215087890625,853.2730712890625,627.7440795898438,37.04,744.9243774414062,745.0452270507812,745.7219848632812,963.9276123046875,745.0452270507812,692.2218017578125,644.348876953125,620.0596313476562,594.8968505859375,576.1260375976562,558.1785888671875,539.8972778320312,525.9449462890625,503.0691223144531,477.98089599609375,438.5580749511719,397.1395263671875
2005311N08140,TEMBIN,2005,2005-11-10 21:00:00,16.5,120.4,35,45,0.7777777777777778,9.0,0,0,8,300,20,609.548828125,2698.404541015625,601.0250854492188,532.8340454101562,593.3212890625,37.04,609.548828125,593.8622436523438,581.0046997070312,377.96685791015625,593.8622436523438,613.50244140625,595.2064819335938,583.5377197265625,569.5043334960938,556.728271484375,550.07177734375,547.4630737304688,547.8646240234375,547.778076171875,531.4382934570312,479.07366943359375,407.16973876953125
2005311N08140,TEMBIN,2005,2005-11-11 00:00:00,16.7,120.1,35,45,0.7777777777777778,12.0,24,24,11,315,20,150.75376892089844,1525.144287109375,231.202880859375,58.01948165893555,449.1993103027344,37.04,150.75376892089844,140.78057861328125,131.25433349609375,0.6727007031440735,140.78057861328125,263.67230224609375,402.9557189941406,440.7862854003906,457.28558349609375,488.8999938964844,518.2958374023438,537.5047607421875,544.4889526367188,547.6110229492188,546.8919677734375,538.8694458007812,436.1467590332031
2005311N08140,TEMBIN,2005,2005-11-11 03:00:00,17.3,119.6,35,45,0.7777777777777778,15.0,81,77,16,325,28,,,,,62.396217346191406,51.856,,,,,,,,,0.0,0.028445055708289146,3.054426670074463,14.450176239013672,31.572751998901367,106.44890594482422,238.67245483398438,487.3618469238281,550.5723876953125
2005316N05134,BOLAVEN,2005,2005-11-20 00:00:00,17.0,122.6,35,35,1.0,0.0,10,0,10,310,35,319.8706359863281,1559.2064208984375,304.5466003417969,347.6011657714844,277.8604736328125,64.82000000000001,319.8706359863281,310.3541259765625,298.3210754394531,43.36394119262695,310.3541259765625,329.3130187988281,344.3263244628906,343.3645324707031,343.4969787597656,340.49407958984375,334.989501953125,327.3924255371094,321.7434997558594,305.9591369628906,279.3608093261719,304.41766357421875,482.3799743652344
2005316N05134,BOLAVEN,2005,2005-11-20 03:00:00,17.3,122.2,33,35,0.9428571428571428,3.0,0,0,10,310,35,335.308349609375,1807.98876953125,356.1697692871094,296.6334228515625,362.5090026855469,64.82000000000001,335.308349609375,331.9190673828125,327.762451171875,465.61651611328125,331.9190673828125,305.9609375,279.12506103515625,267.960693359375,262.1681213378906,255.68431091308594,254.6354522705078,255.52027893066406,264.83941650390625,288.6762390136719,341.9165344238281,427.876220703125,473.7686767578125
2005316N05134,BOLAVEN,2005,2005-11-20 06:00:00,17.7,121.8,30,35,0.8571428571428571,6.0,0,0,10,320,35,233.17100524902344,1802.4388427734375,302.78204345703125,256.74700927734375,417.6226806640625,64.82000000000001,233.17100524902344,231.76422119140625,230.0287628173828,191.94485473632812,231.76422119140625,250.11032104492188,264.9795227050781,278.07763671875,295.3974304199219,310.603271484375,327.7546691894531,346.89697265625,365.1484680175781,393.15106201171875,411.6160888671875,413.021484375,456.1134948730469
2005316N05134,BOLAVEN,2005,2005-11-20 09:00:00,18.1,121.5,28,35,0.8,9.0,0,0,9,330,0,179.86746215820312,1360.2574462890625,226.55584716796875,,,,179.86746215820312,177.5837860107422,174.57025146484375,109.58306884765625,177.5837860107422,253.22447204589844,328.8127136230469,347.7781677246094,356.7260437011719,358.8873291015625,355.81256103515625,353.5575256347656,354.511962890625,360.97711181640625,374.6158447265625,382.3702697753906,430.8587646484375
2005316N05134,BOLAVEN,2005,2005-11-20 12:00:00,18.5,121.3,25,35,0.7142857142857143,12.0,0,0,8,345,0,273.0015563964844,1828.35009765625,342.48858642578125,,,,273.0015563964844,264.5018005371094,254.23092651367188,120.44206237792969,264.5018005371094,272.9974060058594,279.3940124511719,275.59600830078125,270.552978515625,269.301025390625,269.1003723144531,277.5084228515625,284.2560729980469,293.42608642578125,313.019287109375,347.13311767578125,395.9954528808594
2005316N05134,BOLAVEN,2005,2005-11-20 15:00:00,18.8,121.3,23,35,0.6571428571428571,15.0,33,33,6,0,0,106.71175384521484,1240.7708740234375,193.88536071777344,,,,106.71175384521484,96.64674377441406,86.72372436523438,11.430634498596191,96.64674377441406,153.14288330078125,194.17579650878906,209.02523803710938,221.178955078125,227.1839599609375,227.3759307861328,227.96006774902344,230.36212158203125,241.9246368408203,259.6886901855469,299.5490417480469,364.9049987792969
2006128N09138,CHANCHU,2006,2006-05-11 12:00:00,12.1,125.7,75,75,1.0,0.0,24,0,12,295,15,25.00523567199707,283.26348876953125,36.59782028198242,1.8306210041046143,45.739017486572266,27.78,25.00523567199707,23.57318878173828,22.201993942260742,0.40205395221710205,23.57318878173828,65.36991882324219,109.06415557861328,121.3529052734375,128.27745056152344,132.41119384765625,133.03871154785156,129.59201049804688,124.30303192138672,115.05120086669922,100.01216888427734,98.36354064941406,101.65657043457031
2006128N09138,CHANCHU,2006,2006-05-11 15:00:00,12.3,125.2,70,75,0.9333333333333332,3.0,0,0,12,290,15,108.8749008178711,820.4053955078125,130.85696411132812,101.92731475830078,107.955322265625,27.78,108.8749008178711,107.15636444091797,105.224609375,96.36627197265625,107.15636444091797,106.44912719726562,105.13043212890625,104.53485107421875,104.68614196777344,106.1798095703125,106.01179504394531,103.48789978027344,100.71078491210938,100.93548583984375,98.54235076904297,94.56379699707031,90.69551086425781
2006128N09138,CHANCHU,2006,2006-05-11 18:00:00,12.4,124.6,65,75,0.8666666666666667,6.0,0,0,11,285,15,82.39156341552734,818.521728515625,105.56026458740234,111.43316650390625,80.2828598022461,27.78,82.39156341552734,79.68128967285156,76.8080825805664,105.46920776367188,79.68128967285156,76.16460418701172,85.08781433105469,89.78721618652344,86.91388702392578,85.73242950439453,84.6579360961914,82.3472671508789,82.91022491455078,83.6985092163086,81.06352996826172,86.6462173461914,87.6828384399414
2006128N09138,CHANCHU,2006,2006-05-11 21:00:00,12.6,124.1,65,75,0.8666666666666667,9.0,0,0,10,285,15,59.34648132324219,1528.91015625,114.21104431152344,78.38459014892578,67.3995590209961,27.78,59.34648132324219,55.441062927246094,51.49787139892578,80.93585968017578,55.441062927246094,66.43611145019531,65.16011047363281,64.35992431640625,63.44727325439453,64.09774780273438,65.27103424072266,64.52481079101562,64.0545425415039,66.75575256347656,77.08578491210938,84.47107696533203,84.99739074707031
2006128N09138,CHANCHU,2006,2006-05-12 00:00:00,12.7,123.6,65,75,0.8666666666666667,12.0,15,15,10,285,15,65.11988067626953,1519.3319091796875,101.20008087158203,24.934085845947266,76.6524658203125,27.78,65.11988067626953,61.15483474731445,56.94475173950195,25.679349899291992,61.15483474731445,73.69367980957031,71.8162612915039,69.02445983886719,68.50215148925781,68.0258560180664,66.92973327636719,66.80836486816406,65.96588897705078,69.17313385009766,76.906982421875,76.26614379882812,79.72174835205078
2006128N09138,CHANCHU,2006,2006-05-12 03:00:00,12.9,123.1,70,75,0.9333333333333332,15.0,24,22,10,285,13,45.650081634521484,499.5694274902344,71.13899230957031,29.46184539794922,45.650081634521484,25.0,45.650081634521484,41.77924346923828,37.61213302612305,26.96420669555664,41.77924346923828,45.42359161376953,53.01642990112305,67.22527313232422,82.82642364501953,90.0893325805664,90.04161834716797,88.6305923461914,86.694580078125,83.48664855957031,83.5163345336914,78.13983154296875,83.38630676269531
2006128N09138,CHANCHU,2006,2006-05-12 06:00:00,13.0,122.6,75,75,1.0,18.0,22,22,9,280,10,58.26153564453125,434.1427917480469,86.11903381347656,38.17939758300781,58.26153564453125,25.0,58.26153564453125,54.16798782348633,49.2713508605957,33.854698181152344,54.16798782348633,46.4107666015625,66.2381362915039,70.2880630493164,73.38188934326172,78.14287567138672,76.8232650756836,72.77972412109375,70.23127746582031,75.17158508300781,90.06556701660156,91.0973129272461,128.60670471191406
2006128N09138,CHANCHU,2006,2006-05-12 09:00:00,13.0,122.2,80,75,1.0666666666666669,21.0,48,32,8,270,10,84.26394653320312,1151.493408203125,153.2880096435547,29.12815284729004,84.26394653320312,25.0,84.26394653320312,75.7760238647461,66.2774658203125,23.946044921875,75.7760238647461,82.0068588256836,74.66492462158203,77.2737808227539,79.28900146484375,77.21150970458984,75.96519470214844,74.7244873046875,78.92952728271484,103.97185516357422,133.9384002685547,150.58750915527344,137.850830078125
2006268N12129,XANGSANE,2006,2006-09-27 09:00:00,13.0,124.1,120,120,1.0,0.0,0,0,10,290,10,76.23759460449219,1528.81201171875,140.39256286621094,90.91680908203125,76.23759460449219,25.0,76.23759460449219,72.34200286865234,67.81024932861328,84.35692596435547,72.34200286865234,75.40206146240234,76.24384307861328,83.4337158203125,86.6467056274414,87.97315979003906,88.34329223632812,88.1233139038086,89.71259307861328,91.77293395996094,81.9979248046875,78.05211639404297,84.00255584716797
2006268N12129,XANGSANE,2006,2006-09-27 12:00:00,13.2,123.7,125,120,1.0416666666666667,3.0,0,0,10,290,10,111.44730377197266,2428.48291015625,185.556884765625,150.17706298828125,111.44730377197266,25.0,111.44730377197266,108.1262435913086,104.69988250732422,148.98765563964844,108.1262435913086,97.9588851928711,104.6772232055664,103.6584701538086,100.00945281982422,95.82466125488281,93.1346435546875,91.55817413330078,88.96666717529297,85.00342559814453,82.1147232055664,82.31465911865234,79.7839126586914
2006268N12129,XANGSANE,2006,2006-09-27 15:00:00,13.4,123.2,123,120,1.025,6.0,0,0,11,290,8,114.07792663574219,1951.05908203125,189.25238037109375,48.12446594238281,114.07792663574219,25.0,114.07792663574219,111.47554779052734,107.98054504394531,46.826690673828125,111.47554779052734,108.79498291015625,106.10150146484375,101.76741027832031,98.46495819091797,97.27820587158203,96.19462585449219,93.66612243652344,90.91666412353516,87.86896514892578,87.30536651611328,82.64897155761719,77.59627532958984
2006268N12129,XANGSANE,2006,2006-09-27 18:00:00,13.6,122.7,120,120,1.0,9.0,15,0,10,295,5,99.1806640625,1493.970947265625,137.52442932128906,48.874366760253906,99.1806640625,25.0,99.1806640625,95.43212127685547,91.8198471069336,44.7680778503418,95.43212127685547,89.23005676269531,80.5919189453125,81.10624694824219,81.89344787597656,81.96221923828125,81.95918273925781,81.40208435058594,82.20216369628906,84.32247161865234,81.84249114990234,89.39891815185547,132.16908264160156
2006268N12129,XANGSANE,2006,2006-09-27 21:00:00,13.8,122.2,115,120,0.9583333333333334,12.0,0,0,11,295,8,55.6403694152832,704.1607666015625,81.16326141357422,57.47626876831055,55.6403694152832,25.0,55.6403694152832,53.51772689819336,51.058349609375,55.80401611328125,53.51772689819336,66.93663787841797,79.0749282836914,82.37269592285156,87.39786529541016,94.39675903320312,98.64886474609375,99.44567108154297,97.34326171875,93.27098083496094,90.28890991210938,126.51471710205078,151.70947265625
2006268N12129,XANGSANE,2006,2006-09-28 00:00:00,14.0,121.7,110,120,0.9166666666666666,15.0,0,0,12,295,10,135.1130828857422,2126.478271484375,203.58628845214844,168.0821075439453,135.1130828857422,25.0,135.1130828857422,130.04945373535156,124.1866683959961,161.3804168701172,130.04945373535156,125.27405548095703,120.39067840576172,118.69320678710938,118.8770523071289,121.69673156738281,122.17304992675781,122.97818756103516,122.48904418945312,125.33547973632812,148.49661254882812,167.29148864746094,161.6236572265625
2006268N12129,XANGSANE,2006,2006-09-28 03:00:00,14.3,121.0,108,120,0.9,18.0,0,0,13,300,10,109.25988006591797,1068.1864013671875,142.4427032470703,109.19038391113281,109.25988006591797,25.0,109.25988006591797,107.74430847167969,106.11451721191406,109.67375946044922,107.74430847167969,131.58944702148438,157.93756103515625,160.66917419433594,160.3200225830078,159.74746704101562,157.1392364501953,154.19073486328125,152.46298217773438,161.3860626220703,170.87738037109375,172.5035400390625,199.2254180908203
2006268N12129,XANGSANE,2006,2006-09-28 06:00:00,14.7,120.4,105,120,0.875,21.0,0,0,13,300,10,151.5402374267578,1561.424560546875,229.54537963867188,161.6303253173828,151.5402374267578,25.0,151.5402374267578,147.0768280029297,141.28871154785156,157.30406188964844,147.0768280029297,144.2933807373047,130.9748077392578,129.03038024902344,132.18972778320312,138.9977264404297,149.33885192871094,156.12342834472656,160.94271850585938,170.56573486328125,179.2658233642578,183.022216796875,234.08181762695312
2006268N12129,XANGSANE,2006,2006-09-28 09:00:00,15.0,119.9,103,120,0.8583333333333333,24.0,21,21,12,300,10,208.09860229492188,1642.05126953125,254.43785095214844,41.938167572021484,208.09860229492188,25.0,208.09860229492188,200.31861877441406,190.05416870117188,36.44203567504883,200.31861877441406,282.7425842285156,294.9744567871094,285.61822509765625,277.2598571777344,266.762451171875,250.12635803222656,231.92202758789062,215.0788116455078,186.13938903808594,148.59507751464844,141.42396545410156,250.86474609375
2006268N12129,XANGSANE,2006,2006-09-28 12:00:00,15.2,119.4,100,120,0.8333333333333334,27.0,58,58,12,285,10,,,,,,25.0,,,,,,0.09769649803638458,14.034099578857422,46.16564178466797,112.24769592285156,187.23721313476562,229.85525512695312,257.8468017578125,278.6968994140625,300.1850891113281,243.76963806152344,170.07177734375,188.00250244140625
2006298N12143,CIMARON,2006,2006-10-29 12:00:00,16.5,122.6,140,140,1.0,0.0,33,0,11,280,5,346.94671630859375,1558.4710693359375,345.1247863769531,,346.94671630859375,25.0,346.94671630859375,328.47607421875,305.72271728515625,,328.47607421875,374.2108459472656,378.2560729980469,371.5067443847656,362.8802490234375,351.51666259765625,340.4862365722656,326.94390869140625,314.1372375488281,304.4058532714844,306.31085205078125,344.6695251464844,474.7171936035156
2006298N12143,CIMARON,2006,2006-10-29 15:00:00,16.5,122.0,128,140,0.9142857142857144,3.0,0,0,12,275,8,336.4651184082031,1800.603271484375,329.0703125,533.5569458007812,336.4651184082031,25.0,336.4651184082031,333.7276611328125,330.977294921875,537.0111694335938,333.7276611328125,313.6611328125,322.2364196777344,326.6544189453125,332.3241882324219,340.37017822265625,348.3528747558594,356.5056457519531,371.28253173828125,405.1679992675781,480.791748046875,537.7933959960938,423.9754638671875
2006298N12143,CIMARON,2006,2006-10-29 18:00:00,16.6,121.3,115,140,0.8214285714285714,6.0,0,0,13,280,10,642.1759033203125,2897.65771484375,534.8117065429688,417.7223815917969,642.1759033203125,25.0,642.1759033203125,640.39697265625,637.8838500976562,415.1175231933594,640.39697265625,697.4013671875,714.9442749023438,719.716064453125,713.5590209960938,696.4483642578125,670.8375854492188,640.248779296875,608.0681762695312,558.483154296875,522.0601806640625,459.3966369628906,400.86273193359375
2006298N12143,CIMARON,2006,2006-10-29 21:00:00,16.8,120.6,105,140,0.75,9.0,0,0,14,285,10,901.447509765625,2895.0361328125,661.7437744140625,842.0125732421875,901.447509765625,25.0,901.447509765625,891.1812133789062,887.5619506835938,842.7505493164062,891.1812133789062,892.8910522460938,852.0238647460938,826.8222045898438,797.2816772460938,765.7732543945312,729.788330078125,696.063232421875,662.3214111328125,609.2998046875,548.1004638671875,469.4735412597656,411.0021057128906
2006298N12143,CIMARON,2006,2006-10-30 00:00:00,17.0,119.9,95,140,0.6785714285714286,12.0,57,57,12,275,10,0.21768374741077423,27.568950653076172,1.727845311164856,,0.21768374741077423,25.0,0.21768374741077423,0.0903787836432457,0.09864981472492218,,0.0903787836432457,10.756678581237793,76.67127990722656,125.2677230834961,188.2904052734375,255.00387573242188,295.890869140625,335.9779357910156,392.3598327636719,487.3175964355469,572.1950073242188,581.9768676757812,478.0032958984375
2006311N16143,CHEBI,2006,2006-11-10 21:00:00,16.1,122.2,115,115,1.0,0.0,10,0,11,255,8,401.3277893066406,1800.9072265625,411.77117919921875,39.75303268432617,401.3277893066406,25.0,401.3277893066406,386.2012939453125,369.3726501464844,36.88960647583008,386.2012939453125,409.76043701171875,397.314208984375,396.5467224121094,392.455078125,385.90924072265625,381.21728515625,383.1607360839844,389.90289306640625,405.9949645996094,378.9755554199219,395.8179931640625,428.1479187011719
2006311N16143,CHEBI,2006,2006-11-11 00:00:00,16.0,121.7,105,115,0.9130434782608696,3.0,10,0,12,265,10,510.165771484375,1913.1572265625,399.91119384765625,462.9732360839844,510.165771484375,25.0,510.165771484375,501.1717224121094,487.7120361328125,447.21697998046875,501.1717224121094,516.5696411132812,499.98223876953125,481.2539367675781,464.5876770019531,452.35394287109375,444.68011474609375,437.0436706542969,432.5281982421875,428.48681640625,431.145263671875,423.5234069824219,387.1254577636719
2006311N16143,CHEBI,2006,2006-11-11 03:00:00,16.0,121.0,93,115,0.808695652173913,6.0,0,0,12,270,10,508.8133544921875,2139.730712890625,430.00750732421875,570.0847778320312,508.8133544921875,25.0,508.8133544921875,508.8714294433594,508.9110107421875,570.969482421875,508.8714294433594,509.5002746582031,496.5230407714844,484.2354431152344,471.1273193359375,461.2691955566406,456.65447998046875,456.82391357421875,457.6102600097656,451.5779113769531,435.855224609375,411.59332275390625,375.5015563964844
2006311N16143,CHEBI,2006,2006-11-11 06:00:00,16.0,120.4,80,115,0.6956521739130435,9.0,0,0,11,260,10,203.89955139160156,2220.06689453125,328.4051208496094,18.512340545654297,203.89955139160156,25.0,203.89955139160156,200.54696655273438,196.80653381347656,17.784271240234375,200.54696655273438,260.1372375488281,293.3878173828125,305.8677978515625,323.1006164550781,337.955078125,355.0262756347656,370.64508056640625,386.78564453125,410.5782470703125,422.631103515625,416.0279846191406,393.5407409667969
2006311N16143,CHEBI,2006,2006-11-11 09:00:00,15.8,119.9,88,115,0.7652173913043478,12.0,0,0,10,250,10,218.743408203125,2014.4290771484375,336.6199645996094,135.65487670898438,218.743408203125,25.0,218.743408203125,214.7518768310547,211.04348754882812,130.96034240722656,214.7518768310547,208.2010955810547,187.51502990722656,180.33982849121094,174.96632385253906,173.9378662109375,180.1873321533203,189.5533905029297,196.7035675048828,216.26895141601562,253.0245819091797,323.1022033691406,396.5202941894531
2006311N16143,CHEBI,2006,2006-11-11 12:00:00,15.6,119.4,95,115,0.8260869565217391,15.0,54,54,10,250,10,0.4713684022426605,34.76738739013672,2.52573561668396,,0.4713684022426605,25.0,0.4713684022426605,0.41165003180503845,0.3461100459098816,,0.41165003180503845,2.7387535572052,62.837669372558594,104.6984634399414,159.19419860839844,215.7277374267578,249.59190368652344,249.6885528564453,238.18124389648438,217.02182006835938,208.10626220703125,175.00289916992188,290.4066162109375
2006329N06150,DURIAN,2006,2006-11-30 03:00:00,13.4,124.1,130,130,1.0,0.0,15,0,10,270,10,122.195556640625,2430.315673828125,201.19796752929688,35.93893051147461,122.195556640625,25.0,122.195556640625,114.00558471679688,104.9719467163086,32.33938217163086,114.00558471679688,127.83247375488281,119.2493896484375,115.7390365600586,113.83399200439453,115.2955093383789,114.05785369873047,109.60852813720703,103.66018676757812,94.69621276855469,83.969482421875,82.97137451171875,84.23104095458984
2006329N06150,DURIAN,2006,2006-11-30 06:00:00,13.4,123.6,125,130,0.9615384615384616,3.0,0,0,11,275,10,143.76620483398438,2428.709228515625,212.9001007080078,200.3558807373047,143.76620483398438,25.0,143.76620483398438,140.70188903808594,137.14894104003906,198.82949829101562,140.70188903808594,118.59032440185547,101.06473541259766,97.50224304199219,95.38934326171875,95.03660583496094,96.26409149169922,95.31229400634766,92.3494644165039,90.70819091796875,88.87109375,82.43323516845703,75.60635375976562
2006329N06150,DURIAN,2006,2006-11-30 09:00:00,13.5,123.0,120,130,0.9230769230769232,6.0,10,0,11,275,10,91.67549133300781,1952.6458740234375,167.244384765625,66.57966613769531,91.67549133300781,25.0,91.67549133300781,87.45046997070312,82.67378997802734,64.59134674072266,87.45046997070312,94.52294158935547,103.70329284667969,103.57543182373047,104.39949035644531,103.0294189453125,99.58911895751953,95.64608001708984,91.40737915039062,85.4603500366211,82.04656219482422,84.7796859741211,85.52378845214844
2006329N06150,DURIAN,2006,2006-11-30 12:00:00,13.5,122.4,115,130,0.8846153846153846,9.0,0,0,12,270,10,72.73533630371094,891.3607177734375,101.84745788574219,70.85559844970703,72.73533630371094,25.0,72.73533630371094,69.2457046508789,64.4554672241211,67.78955841064453,69.2457046508789,71.64776611328125,80.46389770507812,82.83135223388672,81.9259262084961,80.1842269897461,77.05391693115234,73.84513854980469,70.50965118408203,72.0897445678711,87.46906280517578,111.00772094726562,141.23170471191406
2006329N06150,DURIAN,2006,2006-11-30 15:00:00,13.5,121.8,108,130,0.8307692307692308,12.0,39,11,12,270,13,70.25898742675781,1147.0040283203125,135.69003295898438,118.44815063476562,70.25898742675781,25.0,70.25898742675781,65.82805633544922,60.27566146850586,113.4607925415039,65.82805633544922,69.28776550292969,76.05519104003906,85.79823303222656,90.99249267578125,97.8552017211914,116.58535766601562,136.2286376953125,154.87384033203125,180.23011779785156,188.79684448242188,165.48707580566406,149.02670288085938
2006329N06150,DURIAN,2006,2006-11-30 18:00:00,13.5,121.2,100,130,0.7692307692307693,15.0,11,11,12,270,15,261.44677734375,2539.554931640625,415.6681213378906,82.14892578125,265.7118225097656,27.78,261.44677734375,251.5840606689453,241.35694885253906,65.94996643066406,251.5840606689453,257.6974182128906,259.0320129394531,262.4792785644531,261.8059997558594,257.5272216796875,252.60269165039062,243.41067504882812,231.19296264648438,211.52186584472656,192.80401611328125,177.44960021972656,154.7413787841797
2006329N06150,DURIAN,2006,2006-11-30 21:00:00,13.5,120.6,98,130,0.7538461538461538,18.0,11,11,11,275,15,273.2224426269531,2524.44775390625,412.49249267578125,274.95892333984375,263.5064697265625,27.78,273.2224426269531,256.3633117675781,238.4917755126953,277.0810852050781,256.3633117675781,243.8333740234375,227.88873291015625,224.4386749267578,225.1559295654297,229.56454467773438,235.8799285888672,239.36270141601562,240.7983856201172,235.32359313964844,226.4632568359375,195.85235595703125,170.03396606445312
2006329N06150,DURIAN,2006,2006-12-01 00:00:00,13.6,120.1,95,130,0.7307692307692307,21.0,31,31,9,275,15,93.90666961669922,1490.7557373046875,199.9095458984375,36.10041427612305,115.63024139404297,27.78,93.90666961669922,83.5617446899414,73.82159423828125,45.3026123046875,83.5617446899414,124.2165298461914,117.71900177001953,116.17523956298828,125.28115844726562,139.14578247070312,162.43597412109375,180.7279052734375,191.3821563720703,204.0876007080078,204.83543395996094,203.48651123046875,188.30874633789062
2006340N08142,UTOR,2006,2006-12-09 03:00:00,11.2,126.1,65,65,1.0,0.0,39,0,12,280,20,5.466403484344482,160.6811981201172,16.29822540283203,0.0,33.16825866699219,37.04,5.466403484344482,4.791053771972656,3.9131739139556885,,4.791053771972656,7.753390312194824,25.86827850341797,31.619945526123047,41.25654602050781,52.308021545410156,63.412479400634766,75.4579849243164,85.8275146484375,99.91834259033203,93.80175018310547,114.02455139160156,105.38797760009766
2006340N08142,UTOR,2006,2006-12-09 06:00:00,11.3,125.5,65,65,1.0,3.0,0,0,12,280,20,118.30467987060547,700.8301391601562,138.3665771484375,111.9267578125,100.76185607910156,37.04,118.30467987060547,114.5593032836914,109.29692077636719,107.50366973876953,114.5593032836914,110.98529052734375,102.95447540283203,96.74784851074219,93.0124282836914,98.42378234863281,109.62068939208984,122.02377319335938,123.06349182128906,125.88511657714844,124.21357727050781,111.66154479980469,90.11138153076172
2006340N08142,UTOR,2006,2006-12-09 09:00:00,11.4,124.8,65,65,1.0,6.0,11,0,13,280,20,126.36149597167969,1320.524658203125,194.907958984375,97.40798950195312,134.10537719726562,37.04,126.36149597167969,124.1326904296875,121.12812805175781,42.15027618408203,124.1326904296875,128.97671508789062,131.95272827148438,130.36346435546875,126.79044342041016,122.94857788085938,119.49771881103516,117.56202697753906,116.01347351074219,113.2734146118164,105.53028106689453,94.69578552246094,96.50885009765625
2006340N08142,UTOR,2006,2006-12-09 12:00:00,11.6,124.2,65,65,1.0,9.0,15,11,15,285,20,65.73262023925781,1321.6785888671875,154.91676330566406,85.83392333984375,58.754337310791016,37.04,65.73262023925781,60.71150207519531,55.30731201171875,33.07773971557617,60.71150207519531,53.669490814208984,51.59907150268555,55.40873336791992,59.91075134277344,64.39212036132812,69.23322296142578,73.7330551147461,76.84967041015625,82.43336486816406,90.00577545166016,95.04158782958984,98.6471176147461
2006340N08142,UTOR,2006,2006-12-09 15:00:00,11.8,123.3,73,65,1.123076923076923,12.0,33,31,16,285,18,12.023859024047852,540.033447265625,33.369415283203125,9.592613220214844,37.1786003112793,33.336,12.023859024047852,10.748719215393066,9.3593111038208,8.101139068603516,10.748719215393066,24.604000091552734,37.44993591308594,39.32263946533203,39.22832489013672,37.525306701660156,36.36916732788086,38.00843811035156,39.464134216308594,45.55852508544922,63.88743209838867,107.07521057128906,113.65823364257812
2007306N18133,PEIPAH,2007,2007-11-04 12:00:00,16.8,122.5,65,65,1.0,0.0,10,0,13,280,25,362.4766845703125,1559.0030517578125,305.6864013671875,363.8747863769531,314.5321044921875,46.300000000000004,362.4766845703125,355.6816101074219,345.670166015625,232.67005920410156,355.6816101074219,345.58270263671875,330.785888671875,331.4668273925781,325.1734924316406,319.3540344238281,313.58966064453125,307.0459289550781,298.68658447265625,289.0682678222656,300.8044128417969,352.9833679199219,503.3963928222656
2007306N18133,PEIPAH,2007,2007-11-04 15:00:00,17.0,121.8,65,65,1.0,3.0,0,0,15,285,25,201.0764923095703,1747.0682373046875,217.22354125976562,167.02838134765625,430.18792724609375,46.300000000000004,201.0764923095703,198.92672729492188,196.25469970703125,58.62129592895508,198.92672729492188,280.09326171875,323.750244140625,338.3882751464844,355.215576171875,380.0829772949219,410.78143310546875,440.1181335449219,466.545166015625,502.2679443359375,533.5601806640625,514.7842407226562,436.24493408203125
2007306N18133,PEIPAH,2007,2007-11-04 18:00:00,17.2,121.0,65,65,1.0,6.0,0,0,14,290,25,967.958984375,2655.9970703125,548.3866577148438,1021.1510620117188,607.7496337890625,46.300000000000004,967.958984375,970.8636474609375,974.5896606445312,1405.802490234375,970.8636474609375,844.6032104492188,746.0521240234375,708.5875244140625,676.4215087890625,647.3828735351562,619.7542114257812,596.1094360351562,575.10400390625,545.8004760742188,528.32275390625,490.5713806152344,410.09832763671875
2007306N18133,PEIPAH,2007,2007-11-04 21:00:00,17.4,120.4,60,65,0.9230769230769232,9.0,10,10,11,290,25,277.0158996582031,1717.0384521484375,301.0982360839844,240.30308532714844,709.6079711914062,46.300000000000004,277.0158996582031,270.80841064453125,264.0740661621094,97.05569458007812,270.80841064453125,392.73468017578125,511.9808349609375,563.3223266601562,615.349853515625,665.56103515625,694.2890625,709.328369140625,712.275390625,697.2734375,649.5488891601562,525.300537109375,435.1480712890625
2007306N18133,PEIPAH,2007,2007-11-05 00:00:00,17.6,119.9,55,65,0.8461538461538461,12.0,42,42,8,290,25,0.415962815284729,23.072738647460938,1.101279854774475,0.0,176.28878784179688,46.300000000000004,0.415962815284729,0.3021408021450043,0.1892949938774109,,0.3021408021450043,9.741962432861328,64.17063903808594,98.56652069091797,121.0675048828125,147.85055541992188,162.5759735107422,182.8582305908203,214.22119140625,295.28948974609375,483.98712158203125,644.1080932617188,481.0638122558594
2007324N10140,MITAG,2007,2007-11-25 15:00:00,17.1,122.6,78,78,1.0,0.0,15,0,14,300,15,293.6707763671875,1353.9034423828125,285.3843078613281,61.78472137451172,327.20928955078125,27.78,293.6707763671875,284.7322998046875,270.65826416015625,37.23440170288086,284.7322998046875,343.0581970214844,349.8739318847656,349.464111328125,347.80535888671875,344.3653259277344,342.473388671875,334.1916809082031,324.0779724121094,299.21484375,273.7445373535156,291.0584716796875,476.5179138183594
2007324N10140,MITAG,2007,2007-11-25 18:00:00,17.5,122.0,75,78,0.9615384615384616,3.0,0,0,13,305,15,295.394775390625,1803.2322998046875,349.1543884277344,483.8576965332031,269.4736022949219,27.78,295.394775390625,293.6763610839844,290.8380432128906,517.7135009765625,293.6763610839844,253.16876220703125,236.30828857421875,236.91795349121094,241.04989624023438,251.99578857421875,266.7191162109375,286.46051025390625,308.3359069824219,344.492919921875,391.01361083984375,446.4642028808594,463.4404296875
2007324N10140,MITAG,2007,2007-11-25 21:00:00,17.9,121.5,75,78,0.9615384615384616,6.0,0,0,11,315,15,231.41488647460938,1900.86767578125,295.38189697265625,139.1156005859375,270.3284606933594,27.78,231.41488647460938,229.99212646484375,228.84568786621094,141.8124237060547,229.99212646484375,302.8680419921875,368.2154541015625,385.4491882324219,396.341796875,402.3182373046875,405.08203125,406.6063232421875,406.7171936035156,401.0931396484375,392.2247009277344,401.43505859375,450.06927490234375
2007324N10140,MITAG,2007,2007-11-26 00:00:00,18.3,121.1,75,78,0.9615384615384616,9.0,0,0,10,325,15,382.886474609375,2334.309814453125,381.2726135253906,558.568603515625,366.04449462890625,27.78,382.886474609375,380.0494384765625,377.07586669921875,596.9456176757812,380.0494384765625,352.2835388183594,340.1728820800781,340.3033142089844,335.974609375,334.0592041015625,332.16644287109375,331.189208984375,332.0159606933594,337.0401916503906,353.6920471191406,387.3674621582031,420.41571044921875
2007324N10140,MITAG,2007,2007-11-26 03:00:00,18.7,120.9,70,78,0.8974358974358975,12.0,11,11,8,330,15,305.9656066894531,1830.0113525390625,337.57440185546875,182.29977416992188,304.7676086425781,27.78,305.9656066894531,294.36077880859375,277.91485595703125,139.8300018310547,294.36077880859375,294.8303527832031,288.31182861328125,290.8771057128906,291.087890625,292.1404113769531,291.7302551269531,292.64862060546875,294.8240661621094,296.10296630859375,299.78515625,312.2409973144531,393.59808349609375
2007324N10140,MITAG,2007,2007-11-26 06:00:00,19.1,120.7,65,78,0.8333333333333334,15.0,56,56,8,340,15,0.0,0.0,0.0,,30.422889709472656,27.78,0.0,0.0,0.0,,0.0,25.87360382080078,80.23056030273438,104.8292007446289,138.71856689453125,170.4278564453125,194.8757781982422,211.7858428955078,230.8347930908203,248.43971252441406,260.0791015625,279.7969055175781,307.61456298828125
2008135N12116,HALONG,2008,2008-05-17 09:00:00,16.1,119.7,70,70,1.0,0.0,10,0,10,65,23,57.56361389160156,742.0224609375,93.27055358886719,44.89848709106445,150.7925262451172,42.596000000000004,57.56361389160156,54.839073181152344,52.04877853393555,39.87217330932617,54.839073181152344,83.07853698730469,106.2994613647461,118.4866943359375,133.51133728027344,145.15806579589844,155.91329956054688,171.3711395263672,193.80258178710938,225.9333038330078,275.5614929199219,372.558349609375,429.9202575683594
2008135N12116,HALONG,2008,2008-05-17 12:00:00,16.3,120.2,75,70,1.0714285714285714,3.0,21,0,10,60,20,197.58998107910156,2217.033203125,354.84130859375,79.01593780517578,332.6797790527344,37.04,197.58998107910156,190.8784942626953,183.79067993164062,14.742364883422852,190.8784942626953,239.23086547851562,293.6713562011719,332.7380676269531,370.1123962402344,402.4224548339844,427.7774658203125,443.7423400878906,451.8033752441406,462.2565002441406,472.7073669433594,476.550048828125,418.5948486328125
2008135N12116,HALONG,2008,2008-05-17 15:00:00,16.6,120.6,65,70,0.9285714285714286,6.0,0,0,9,50,23,880.4891967773438,2897.706298828125,647.2820434570312,902.4739379882812,682.30322265625,42.596000000000004,880.4891967773438,872.9920043945312,864.2345581054688,958.2720947265625,872.9920043945312,817.5659790039062,754.4631958007812,725.4166870117188,698.4669189453125,676.8782348632812,658.2179565429688,636.06005859375,612.8739013671875,570.990234375,520.0942993164062,471.07159423828125,409.8952331542969
2008135N12116,HALONG,2008,2008-05-17 18:00:00,16.9,121.0,55,70,0.7857142857142857,9.0,0,0,9,55,25,1071.2513427734375,2897.8427734375,577.5158081054688,1126.9925537109375,660.5156860351562,46.300000000000004,1071.2513427734375,1074.313232421875,1078.25439453125,1365.93212890625,1074.313232421875,925.8784790039062,810.2542114257812,765.9480590820312,729.422607421875,698.365234375,672.1644287109375,646.6194458007812,618.3804321289062,574.6244506835938,540.073974609375,466.2802429199219,404.04779052734375
2008135N12116,HALONG,2008,2008-05-17 21:00:00,17.1,121.4,50,70,0.7142857142857143,12.0,0,0,10,60,25,525.083740234375,2656.886474609375,554.1520385742188,514.2111206054688,576.4379272460938,46.300000000000004,525.083740234375,524.4981689453125,524.1292724609375,477.6734924316406,524.4981689453125,555.3068237304688,559.4511108398438,559.0477905273438,566.5887451171875,574.276123046875,576.3553466796875,575.56005859375,569.204345703125,554.763916015625,529.7791748046875,480.3724670410156,413.069091796875
2008135N12116,HALONG,2008,2008-05-18 00:00:00,17.4,121.9,45,70,0.6428571428571429,15.0,0,0,15,55,25,274.54638671875,1803.1298828125,334.0934143066406,285.72711181640625,343.1072082519531,46.300000000000004,274.54638671875,273.9779052734375,273.196044921875,362.55377197265625,273.9779052734375,244.76907348632812,244.91195678710938,258.6658935546875,278.00946044921875,303.9779052734375,328.9692687988281,349.617919921875,367.383544921875,393.2209777832031,429.76605224609375,473.81207275390625,456.6170654296875
2008135N12116,HALONG,2008,2008-05-18 03:00:00,18.0,122.7,45,70,0.6428571428571429,18.0,53,53,19,55,25,8.90461540222168,372.7887268066406,34.68742370605469,0.0,296.3609924316406,46.300000000000004,8.90461540222168,5.169551849365234,3.2498867511749268,,5.169551849365234,136.0511016845703,252.22434997558594,284.0252380371094,285.9866943359375,280.58282470703125,278.6175231933594,292.7099609375,299.93218994140625,280.9238586425781,240.23097229003906,209.3724822998047,356.03387451171875
2008169N08135,FENGSHEN,2008,2008-06-20 03:00:00,11.3,126.0,73,73,1.0,0.0,39,0,13,290,20,14.9634428024292,270.78668212890625,39.161800384521484,0.0,61.2569694519043,37.04,14.9634428024292,13.7181396484375,12.25969409942627,,13.7181396484375,25.966758728027344,46.452980041503906,58.541297912597656,68.88946533203125,84.23201751708984,97.99959564208984,102.33592987060547,102.50724029541016,100.56824493408203,91.7640609741211,124.70923614501953,100.5985107421875
2008169N08135,FENGSHEN,2008,2008-06-20 06:00:00,11.5,125.4,75,73,1.0273972602739727,3.0,0,0,12,285,20,133.50381469726562,700.4989624023438,137.5132293701172,174.5514373779297,107.439453125,37.04,133.50381469726562,131.72523498535156,130.31715393066406,172.91433715820312,131.72523498535156,112.92609405517578,108.21438598632812,104.3336410522461,102.55247497558594,107.39071655273438,114.50301361083984,117.973388671875,119.7004623413086,118.38838958740234,114.81658935546875,108.56365203857422,89.28570556640625
2008169N08135,FENGSHEN,2008,2008-06-20 09:00:00,11.6,124.8,78,73,1.0684931506849316,6.0,11,11,11,280,20,110.9710464477539,1330.50732421875,159.9562530517578,79.668701171875,137.73606872558594,37.04,110.9710464477539,108.30516052246094,105.04463195800781,23.663782119750977,108.30516052246094,126.48221588134766,136.9241180419922,134.05958557128906,128.925537109375,125.3541488647461,120.94929504394531,116.51335906982422,111.65879821777344,102.25198364257812,96.47510528564453,94.9329605102539,89.33953094482422
2008169N08135,FENGSHEN,2008,2008-06-20 12:00:00,11.7,124.3,80,73,1.095890410958904,9.0,21,0,9,275,20,63.3149528503418,1321.3179931640625,153.11749267578125,90.36702728271484,69.28325653076172,37.04,63.3149528503418,57.960269927978516,52.14802551269531,92.5359878540039,57.960269927978516,52.53385925292969,60.50837326049805,65.95491027832031,70.11772155761719,74.23248291015625,79.39144897460938,85.27411651611328,88.24507904052734,91.87345123291016,92.31597137451172,85.31171417236328,96.73910522460938
2008169N08135,FENGSHEN,2008,2008-06-20 15:00:00,11.7,123.8,88,73,1.2054794520547945,12.0,22,22,7,275,23,20.250154495239258,402.21917724609375,39.67986297607422,16.881669998168945,41.30848693847656,42.596000000000004,20.250154495239258,18.567853927612305,16.468814849853516,0.6928218603134155,18.567853927612305,21.385190963745117,25.156150817871094,30.57591438293457,34.90055465698242,37.82792663574219,40.923362731933594,44.22800064086914,44.80146026611328,50.24092483520508,66.03675842285156,89.1522445678711,115.42557525634766
2008169N08135,FENGSHEN,2008,2008-06-20 18:00:00,11.7,123.5,95,73,1.3013698630136987,15.0,31,24,7,280,25,7.975124359130859,339.45184326171875,21.983558654785156,6.0243000984191895,34.178932189941406,46.300000000000004,7.975124359130859,7.109619617462158,6.125156402587891,4.2522196769714355,7.109619617462158,17.70336151123047,29.457246780395508,30.58803367614746,31.315265655517578,31.507219314575195,31.5554256439209,32.4646110534668,35.38712692260742,46.53492736816406,67.08224487304688,102.08184814453125,118.27651977539062
2008272N08139,HIGOS,2008,2008-09-30 06:00:00,12.0,125.8,40,40,1.0,0.0,39,0,15,315,30,14.320657730102539,209.4691619873047,24.662073135375977,25.686656951904297,118.08430480957031,55.56,14.320657730102539,13.25186538696289,12.021490097045898,2.2709967240075457e-08,13.25186538696289,36.84419631958008,79.37788391113281,100.23553466796875,117.29996490478516,128.13491821289062,135.17420959472656,138.5517578125,135.82041931152344,118.72101593017578,101.36119842529297,94.7445068359375,104.17266845703125
2008272N08139,HIGOS,2008,2008-09-30 09:00:00,12.5,125.1,40,40,1.0,3.0,0,0,15,305,30,95.15975952148438,813.5209350585938,119.44761657714844,101.91242218017578,97.23290252685547,55.56,95.15975952148438,92.6921157836914,89.50712585449219,46.40882873535156,92.6921157836914,102.58194732666016,100.78943634033203,98.97420501708984,100.42317962646484,98.71652221679688,97.0557632446289,96.53685760498047,96.68800354003906,94.66560363769531,96.67889404296875,89.94912719726562,92.11845397949219
2008272N08139,HIGOS,2008,2008-09-30 12:00:00,12.9,124.6,40,40,1.0,6.0,44,15,12,305,30,8.916776657104492,288.1700744628906,23.9354305267334,25.425006866455078,90.89299774169922,55.56,8.916776657104492,7.573192596435547,6.312240123748779,,7.573192596435547,38.62574768066406,60.71361541748047,71.00816345214844,74.34629821777344,73.40501403808594,72.3994369506836,76.21419525146484,80.29854583740234,86.4215087890625,90.83696746826172,87.11054992675781,86.64665985107422
2008272N08139,HIGOS,2008,2008-09-30 15:00:00,13.2,124.1,38,40,0.95,9.0,21,10,10,305,30,94.095703125,2426.19189453125,189.50315856933594,104.27947998046875,95.05909729003906,55.56,94.095703125,88.31742095947266,81.72333526611328,58.59901428222656,88.31742095947266,108.15654754638672,111.81033325195312,108.7748794555664,105.70430755615234,102.36028289794922,99.97638702392578,99.86225891113281,97.8412857055664,90.76940155029297,85.9244613647461,78.4582748413086,84.34469604492188
2008272N08139,HIGOS,2008,2008-09-30 18:00:00,13.5,123.8,35,40,0.875,12.0,15,0,9,300,30,146.04420471191406,2426.456298828125,225.3263702392578,149.37612915039062,96.62515258789062,55.56,146.04420471191406,140.05245971679688,133.47801208496094,109.12632751464844,140.05245971679688,137.47604370117188,119.3445053100586,110.38655090332031,104.76769256591797,102.05818939208984,99.96276092529297,98.46556091308594,97.24034118652344,92.48298645019531,88.59246826171875,84.32707214355469,78.06048583984375
2008272N08139,HIGOS,2008,2008-09-30 21:00:00,13.7,123.4,35,40,0.875,15.0,0,0,9,295,30,117.15901184082031,1955.2647705078125,198.49974060058594,113.04437255859375,98.51813507080078,55.56,117.15901184082031,113.67548370361328,109.53292846679688,159.04696655273438,113.67548370361328,110.53854370117188,108.44929504394531,107.82564544677734,105.63446807861328,103.09872436523438,101.88996124267578,102.08280181884766,100.55770874023438,94.5860366821289,89.87138366699219,83.10470581054688,76.9540023803711
2008272N08139,HIGOS,2008,2008-10-01 00:00:00,13.9,122.9,35,40,0.875,18.0,0,0,10,290,30,89.467529296875,1480.7608642578125,140.44009399414062,90.39361572265625,86.75341796875,55.56,89.467529296875,86.66629791259766,83.35243225097656,163.95545959472656,86.66629791259766,92.27590942382812,89.02197265625,86.49044799804688,85.50737762451172,83.62310028076172,82.60492706298828,83.5016860961914,83.4383773803711,82.40849304199219,83.86293029785156,86.46977996826172,101.15118408203125
2008272N08139,HIGOS,2008,2008-10-01 03:00:00,14.0,122.4,33,40,0.825,21.0,0,0,11,285,30,84.02468872070312,1487.6568603515625,127.04077911376953,80.46178436279297,91.18726348876953,55.56,84.02468872070312,81.95838165283203,79.66304016113281,63.845943450927734,81.95838165283203,74.1999740600586,72.24832916259766,71.324462890625,71.31859588623047,72.85379028320312,75.5833511352539,79.21285247802734,83.32295227050781,86.62020874023438,92.22929382324219,108.7225112915039,155.17730712890625
2008272N08139,HIGOS,2008,2008-10-01 06:00:00,14.2,121.8,30,40,0.75,24.0,10,0,12,280,30,147.06423950195312,2130.161865234375,212.30401611328125,135.8499755859375,137.39479064941406,55.56,147.06423950195312,141.26943969726562,132.8892364501953,119.62718200683594,141.26943969726562,122.40200805664062,123.47966766357422,125.36168670654297,127.23795318603516,128.8631591796875,129.98849487304688,130.5011444091797,132.92112731933594,133.1129913330078,126.90717315673828,144.34979248046875,167.9460906982422
2008272N08139,HIGOS,2008,2008-10-01 09:00:00,14.3,121.2,30,40,0.75,27.0,0,0,14,280,30,181.20101928710938,2131.2802734375,208.4775848388672,183.6787109375,150.8136444091797,55.56,181.20101928710938,180.23583984375,178.90435791015625,64.19135284423828,180.23583984375,180.31919860839844,171.42977905273438,167.09552001953125,162.90304565429688,161.00399780273438,157.66082763671875,153.47105407714844,151.0463409423828,146.05810546875,156.00234985351562,167.56765747070312,196.25143432617188
2008272N08139,HIGOS,2008,2008-10-01 12:00:00,14.4,120.5,30,40,0.75,30.0,0,0,14,280,30,119.24028015136719,1369.9197998046875,179.09909057617188,116.3096694946289,157.4614715576172,55.56,119.24028015136719,113.34053802490234,105.85265350341797,135.13690185546875,113.34053802490234,111.95919036865234,101.50105285644531,96.23344421386719,99.12657165527344,105.20345306396484,111.29784393310547,121.99114990234375,127.74002075195312,150.69436645507812,183.8214569091797,192.28689575195312,203.72576904296875
2008272N08139,HIGOS,2008,2008-10-01 15:00:00,14.5,119.8,30,40,0.75,33.0,46,46,14,280,30,57.54520797729492,888.8496704101562,123.00186920166016,104.56623840332031,177.63134765625,55.56,57.54520797729492,47.50651550292969,36.70532989501953,,47.50651550292969,87.13684844970703,110.98186492919922,148.56900024414062,158.610107421875,164.28182983398438,159.68875122070312,159.47581481933594,161.93544006347656,169.91680908203125,172.69607543945312,157.65878295898438,180.80679321289062
2009123N10111,CHAN-HOM,2009,2009-05-07 09:00:00,16.1,119.5,83,83,1.0,0.0,24,0,15,65,18,33.75926971435547,212.19371032714844,41.93366622924805,28.899154663085938,51.49116897583008,33.336,33.75926971435547,32.757808685302734,30.949758529663086,0.0,32.757808685302734,37.23973083496094,60.02655029296875,77.80795288085938,93.72531127929688,107.86869812011719,122.4639663696289,142.80062866210938,155.8658905029297,169.0525360107422,210.9956512451172,301.6747741699219,402.3204345703125
2009123N10111,CHAN-HOM,2009,2009-05-07 12:00:00,16.4,120.2,75,83,0.9036144578313252,3.0,21,0,15,70,20,247.72738647460938,2221.621826171875,401.9903259277344,114.23931884765625,382.1978454589844,37.04,247.72738647460938,238.88560485839844,228.59071350097656,26.25633430480957,238.88560485839844,286.92791748046875,347.8172912597656,379.883056640625,416.88751220703125,443.0260009765625,461.9973449707031,472.65203857421875,479.1703796386719,489.5923156738281,500.9696350097656,490.96978759765625,417.0335388183594
2009123N10111,CHAN-HOM,2009,2009-05-07 15:00:00,16.7,120.9,60,83,0.7228915662650602,6.0,0,0,15,70,20,1030.306640625,2896.312255859375,554.907470703125,1230.363525390625,795.4407958984375,37.04,1030.306640625,1032.869873046875,1036.0272216796875,1507.0272216796875,1032.869873046875,919.6102294921875,824.7317504882812,787.0689086914062,751.0913696289062,721.75634765625,690.2779541015625,659.7916259765625,630.8189086914062,575.90673828125,509.7916564941406,458.8133850097656,403.4228515625
2009123N10111,CHAN-HOM,2009,2009-05-07 18:00:00,16.9,121.7,45,83,0.5421686746987951,9.0,0,0,16,80,20,186.19631958007812,1802.64990234375,192.09971618652344,104.85314178466797,407.133544921875,37.04,186.19631958007812,184.6405487060547,182.8444366455078,70.86274719238281,184.6405487060547,280.2291259765625,382.5809326171875,410.1294250488281,431.1443786621094,453.1939697265625,477.8873291015625,504.3832702636719,525.273193359375,553.548095703125,560.3797607421875,507.9458923339844,420.66021728515625
2009123N10111,CHAN-HOM,2009,2009-05-07 21:00:00,16.9,122.6,45,83,0.5421686746987951,12.0,10,10,17,90,0,348.56298828125,1559.3330078125,316.0085144042969,,,,348.56298828125,339.88568115234375,326.78515625,64.71209716796875,339.88568115234375,331.7193298339844,338.4319152832031,345.1283874511719,340.41546630859375,335.2355041503906,329.3063049316406,323.8135986328125,317.4101257324219,306.66473388671875,286.5975341796875,313.39971923828125,489.8516845703125
2009123N10111,CHAN-HOM,2009,2009-05-08 00:00:00,16.9,123.5,45,83,0.5421686746987951,15.0,106,106,15,90,0,,,,,,,,,,,,,,,,,,,,24.350887298583984,103.17327880859375,326.3089904785156,307.5975036621094
2009173N10132,NANGKA,2009,2009-06-23 06:00:00,11.8,125.5,35,35,1.0,0.0,10,0,12,290,35,138.8524932861328,822.2628784179688,147.06088256835938,146.73043823242188,111.36914825439453,64.82000000000001,138.8524932861328,136.06008911132812,132.80560302734375,69.0445556640625,136.06008911132812,144.03237915039062,138.7626190185547,131.9301300048828,121.62451171875,113.71281433105469,108.06674194335938,103.62940979003906,100.44523620605469,96.86250305175781,108.68223571777344,105.64100646972656,96.10135650634766
2009173N10132,NANGKA,2009,2009-06-23 09:00:00,12.0,124.9,35,35,1.0,3.0,0,0,12,285,35,126.01622772216797,820.2946166992188,132.17324829101562,118.84297180175781,99.86531066894531,64.82000000000001,126.01622772216797,125.08438110351562,123.51457214355469,168.72821044921875,125.08438110351562,117.8291244506836,113.94856262207031,107.24981689453125,103.32410430908203,100.54147338867188,99.14105987548828,98.82779693603516,98.95999908447266,99.75799560546875,96.88607025146484,88.6125717163086,88.2292709350586
2009173N10132,NANGKA,2009,2009-06-23 12:00:00,12.1,124.3,35,35,1.0,6.0,15,10,11,285,35,65.1933822631836,1049.2689208984375,101.94432830810547,63.32096862792969,84.13062286376953,64.82000000000001,65.1933822631836,61.21568298339844,56.70344924926758,68.86967468261719,61.21568298339844,60.977088928222656,64.57505798339844,69.31138610839844,72.64447021484375,73.4026870727539,74.05052185058594,74.75853729248047,76.3876724243164,77.86782836914062,81.13016510009766,82.67459106445312,95.50846099853516
2009173N10132,NANGKA,2009,2009-06-23 15:00:00,12.3,123.8,40,35,1.1428571428571428,9.0,11,0,11,285,33,47.424678802490234,675.8705444335938,77.42343139648438,49.151458740234375,64.75582122802734,61.116,47.424678802490234,45.241092681884766,42.68246841430664,55.58111572265625,45.241092681884766,45.87593460083008,48.32720184326172,48.28446960449219,48.40871047973633,51.93994903564453,52.75704574584961,51.999000549316406,53.56519317626953,60.4377555847168,62.03582000732422,70.21007537841797,94.26482391357422
2009173N10132,NANGKA,2009,2009-06-23 18:00:00,12.5,123.3,45,35,1.2857142857142858,12.0,0,0,11,290,30,48.3549919128418,682.49609375,76.4976577758789,47.40095901489258,71.78192138671875,55.56,48.3549919128418,45.884952545166016,43.01015090942383,51.430908203125,45.884952545166016,41.636234283447266,39.41300964355469,44.27284622192383,54.359256744384766,58.545047760009766,62.18048858642578,67.51171112060547,69.28620147705078,67.64685821533203,65.08548736572266,67.71343994140625,92.25457000732422
2009173N10132,NANGKA,2009,2009-06-23 21:00:00,12.6,122.7,45,35,1.2857142857142858,15.0,66,55,11,290,30,167.13983154296875,2025.4268798828125,291.8248596191406,135.56422424316406,63.98196792602539,55.56,167.13983154296875,154.8756866455078,139.01417541503906,182.97177124023438,154.8756866455078,97.95935821533203,72.89275360107422,69.25347900390625,65.91970825195312,64.0124740600586,64.83272552490234,62.518882751464844,58.90972900390625,58.6429443359375,64.88304901123047,86.12139892578125,118.23833465576172
2009268N14128,KETSANA,2009,2009-09-26 03:00:00,15.3,122.0,35,35,1.0,0.0,58,0,14,270,38,25.575115203857422,227.6022491455078,43.54433822631836,144.97726440429688,273.8793029785156,70.376,25.575115203857422,24.006576538085938,21.954824447631836,0.0,24.006576538085938,24.561784744262695,131.50039672851562,169.23207092285156,200.31436157226562,226.48452758789062,252.3092803955078,277.0819091796875,292.0245361328125,299.4342041015625,291.4106750488281,259.5790710449219,269.3708801269531
2009268N14128,KETSANA,2009,2009-09-26 06:00:00,15.4,121.2,35,35,1.0,3.0,0,0,15,275,35,240.5343780517578,1861.619140625,291.7124938964844,238.65696716308594,307.3125305175781,64.82000000000001,240.5343780517578,238.9391326904297,237.04859924316406,288.9294128417969,238.9391326904297,231.50225830078125,242.26034545898438,247.332763671875,253.99822998046875,259.49310302734375,265.1753234863281,270.0998840332031,274.9565734863281,287.17529296875,303.38604736328125,310.56170654296875,319.5177917480469
2009268N14128,KETSANA,2009,2009-09-26 09:00:00,15.4,120.5,35,35,1.0,6.0,0,0,15,275,35,229.0106964111328,2012.4306640625,324.49188232421875,175.63055419921875,283.35443115234375,64.82000000000001,229.0106964111328,229.83213806152344,230.79269409179688,162.84288024902344,229.83213806152344,192.38807678222656,163.01634216308594,158.79830932617188,162.85768127441406,168.8345489501953,178.00662231445312,193.10951232910156,210.7079620361328,242.80479431152344,271.35406494140625,316.33990478515625,333.7099914550781
2009268N14128,KETSANA,2009,2009-09-26 12:00:00,15.5,119.7,35,35,1.0,9.0,24,24,16,270,35,227.63720703125,2015.81005859375,352.4041442871094,321.2198791503906,161.005615234375,64.82000000000001,227.63720703125,217.60459899902344,206.2193145751953,2.5097579956054688,217.60459899902344,304.3841857910156,297.7817077636719,274.810302734375,256.1507568359375,243.99957275390625,232.9464874267578,220.77362060546875,206.8434600830078,179.83901977539062,160.0198211669922,191.5654296875,338.0267333984375
2009268N14128,KETSANA,2009,2009-09-26 15:00:00,15.4,118.8,40,35,1.1428571428571428,12.0,117,117,16,265,25,,,,,,46.300000000000004,,,,,,,,,,,,,,0.0,3.0727622509002686,208.51351928710938,181.1714324951172
2009270N10148,PARMA,2009,2009-10-03 03:00:00,17.5,122.5,85,85,1.0,0.0,24,0,10,305,15,364.6515197753906,1804.0887451171875,392.20001220703125,12.85058879852295,435.7491455078125,27.78,364.6515197753906,347.6503601074219,328.1529846191406,5.2884979248046875,347.6503601074219,446.35919189453125,394.8162841796875,363.11883544921875,332.6928405761719,313.2947692871094,299.9893798828125,286.4892578125,272.1540832519531,247.32505798339844,235.02420043945312,297.6800842285156,451.26806640625
2009270N10148,PARMA,2009,2009-10-03 06:00:00,17.8,122.1,80,85,0.9411764705882352,3.0,0,0,9,305,15,319.4479064941406,1804.5614013671875,351.10491943359375,404.6008605957031,294.6413269042969,27.78,319.4479064941406,316.0144958496094,308.9289245605469,407.2959899902344,316.0144958496094,272.13800048828125,240.22711181640625,229.5474395751953,222.90719604492188,219.1142120361328,218.6956024169922,224.14404296875,232.888671875,264.150390625,326.6334533691406,392.77154541015625,430.6018371582031
2009270N10148,PARMA,2009,2009-10-03 09:00:00,18.0,121.8,78,85,0.9176470588235294,6.0,0,0,8,305,18,182.40550231933594,1781.1630859375,257.4614562988281,144.0753631591797,208.59060668945312,33.336,182.40550231933594,180.2054901123047,177.6582489013672,108.01537322998047,180.2054901123047,195.70521545410156,213.9447021484375,228.4447021484375,248.06875610351562,274.2908630371094,299.2751159667969,322.1229248046875,338.7675476074219,359.04071044921875,369.6720275878906,377.0018310546875,430.9366455078125
2009270N10148,PARMA,2009,2009-10-03 12:00:00,18.2,121.5,75,85,0.8823529411764706,9.0,0,0,8,300,20,179.21116638183594,1357.83056640625,232.23472595214844,138.24041748046875,317.69140625,37.04,179.21116638183594,176.6675262451172,173.82716369628906,58.03153610229492,176.6675262451172,232.9288787841797,297.4410705566406,316.6418762207031,326.03466796875,327.33404541015625,329.65814208984375,332.6334228515625,334.9913635253906,341.7344970703125,358.4136047363281,376.6361389160156,418.56488037109375
2009270N10148,PARMA,2009,2009-10-03 15:00:00,18.4,121.1,70,85,0.8235294117647058,12.0,0,0,8,300,20,359.1573486328125,2331.103271484375,370.7337646484375,411.3456726074219,321.5357971191406,37.04,359.1573486328125,354.9736328125,347.53045654296875,449.09857177734375,354.9736328125,330.89892578125,318.0087585449219,314.8318176269531,316.05938720703125,320.3038635253906,319.9420166015625,319.2643127441406,317.991455078125,318.9961853027344,331.6102294921875,368.7300720214844,414.752197265625
2009270N10148,PARMA,2009,2009-10-03 18:00:00,18.6,120.7,65,85,0.7647058823529411,15.0,10,10,7,290,20,331.1343688964844,1828.209228515625,349.7978210449219,264.1667175292969,338.84783935546875,37.04,331.1343688964844,322.9808349609375,311.3641357421875,184.14013671875,322.9808349609375,328.2923278808594,326.3677673339844,330.8673400878906,330.4063415527344,325.6866455078125,325.4599609375,327.14862060546875,330.5332946777344,326.3320007324219,323.0894775390625,335.25323486328125,409.19122314453125
2009270N10148,PARMA,2009,2009-10-03 21:00:00,18.7,120.4,65,85,0.7647058823529411,18.0,39,39,5,290,23,124.06280517578125,965.7907104492188,155.77764892578125,83.5272445678711,299.7817077636719,42.596000000000004,124.06280517578125,115.83040618896484,105.1424560546875,0.0,115.83040618896484,168.3741455078125,227.6109619140625,258.2534484863281,274.3171691894531,291.270751953125,302.9755554199219,309.1764221191406,329.70172119140625,340.342041015625,326.4324035644531,332.1174621582031,385.52587890625
2009299N12153,MIRINAE,2009,2009-10-30 18:00:00,14.3,121.8,55,55,1.0,0.0,10,0,15,260,15,159.1649932861328,2129.501220703125,220.4393310546875,139.36534118652344,149.3174285888672,27.78,159.1649932861328,152.903564453125,143.30979919433594,115.95018005371094,152.903564453125,139.39691162109375,132.74081420898438,134.7493896484375,136.24807739257812,135.53611755371094,136.66265869140625,136.32675170898438,135.6746368408203,137.21253967285156,131.59255981445312,137.11695861816406,175.40846252441406
2009299N12153,MIRINAE,2009,2009-10-30 21:00:00,14.2,121.0,53,55,0.9636363636363636,3.0,0,0,15,265,15,108.78144073486328,1467.451416015625,142.80091857910156,150.3806610107422,114.38055419921875,27.78,108.78144073486328,107.25623321533203,105.70596313476562,160.50390625,107.25623321533203,122.58642578125,142.46160888671875,147.93080139160156,149.05470275878906,150.3695831298828,153.20111083984375,157.035888671875,162.7567138671875,171.77989196777344,173.0543670654297,174.40589904785156,191.55345153808594
2009299N12153,MIRINAE,2009,2009-10-31 00:00:00,14.2,120.3,50,55,0.9090909090909092,6.0,31,31,13,270,15,95.63250732421875,1376.5350341796875,170.79823303222656,0.27740341424942017,99.56138610839844,27.78,95.63250732421875,88.99214935302734,80.21370697021484,0.0,88.99214935302734,99.45658874511719,110.52133178710938,109.29756164550781,108.1911392211914,108.97413635253906,106.35802459716797,110.27143859863281,112.8081283569336,129.5426025390625,150.80938720703125,199.0555877685547,200.8791961669922
2010191N12138,CONSON,2010,2010-07-13 12:00:00,14.5,122.3,60,60,1.0,0.0,35,0,12,270,15,35.916988372802734,702.3015747070312,74.27755737304688,2.5025782585144043,36.305545806884766,27.78,35.916988372802734,32.922119140625,30.008255004882812,1.24496591091156,32.922119140625,34.29977798461914,40.98659896850586,51.93545913696289,64.79777526855469,77.58209228515625,88.61772155761719,96.43285369873047,105.70427703857422,121.0753173828125,123.79841613769531,133.89431762695312,145.14564514160156
2010191N12138,CONSON,2010,2010-07-13 15:00:00,14.4,121.7,55,60,0.9166666666666666,3.0,0,0,12,265,15,198.79881286621094,2129.724853515625,239.40744018554688,205.32196044921875,189.7311553955078,27.78,198.79881286621094,192.0489501953125,183.604736328125,205.66966247558594,192.0489501953125,177.18502807617188,164.86354064941406,158.86483764648438,152.34231567382812,148.76516723632812,147.65786743164062,146.91212463378906,146.68409729003906,140.11685180664062,132.76144409179688,139.75599670410156,187.78680419921875
2010191N12138,CONSON,2010,2010-07-13 18:00:00,14.4,121.1,50,60,0.8333333333333334,6.0,0,0,13,275,15,150.10336303710938,1454.8079833984375,184.6004638671875,49.433692932128906,177.5951385498047,27.78,150.10336303710938,147.41163635253906,144.6792449951172,37.838863372802734,147.41163635253906,184.9512176513672,180.19223022460938,174.72645568847656,168.86817932128906,165.3919677734375,161.3948211669922,156.7686767578125,152.89454650878906,149.68528747558594,157.95843505859375,170.49258422851562,208.19717407226562
2010191N12138,CONSON,2010,2010-07-13 21:00:00,14.5,120.3,53,60,0.8833333333333333,9.0,10,10,14,285,13,139.9262237548828,1375.50048828125,205.97799682617188,208.2080535888672,139.9262237548828,25.0,139.9262237548828,133.7904510498047,125.32616424560547,196.6963653564453,133.7904510498047,118.50991821289062,121.85111236572266,128.33909606933594,133.0490264892578,131.2564239501953,126.09107208251953,122.61676788330078,124.85176086425781,138.24871826171875,165.3494110107422,187.73500061035156,204.96238708496094
2010191N12138,CONSON,2010,2010-07-14 00:00:00,14.8,119.7,55,60,0.9166666666666666,12.0,43,43,14,295,10,110.67987823486328,1064.8199462890625,189.43145751953125,,110.67987823486328,25.0,110.67987823486328,100.08892822265625,89.73902893066406,,100.08892822265625,86.58154296875,131.32333374023438,166.24412536621094,206.23695373535156,235.83726501464844,263.79058837890625,269.6973876953125,265.661865234375,250.35096740722656,204.8187255859375,144.0607452392578,186.33949279785156
2010285N13145,MEGI,2010,2010-10-18 03:00:00,17.3,122.6,135,135,1.0,0.0,21,0,13,255,10,264.7959899902344,1552.968994140625,293.02984619140625,31.65285873413086,264.7959899902344,25.0,264.7959899902344,254.21282958984375,240.87159729003906,26.35247230529785,254.21282958984375,341.3100891113281,381.4845886230469,383.93084716796875,377.1788635253906,360.9089050292969,341.9244689941406,323.14813232421875,308.4107666015625,286.0323181152344,263.21954345703125,272.62164306640625,460.53558349609375
2010285N13145,MEGI,2010,2010-10-18 06:00:00,17.1,121.9,120,135,0.8888888888888888,3.0,0,0,13,255,10,247.12013244628906,1803.5625,284.3266296386719,130.66700744628906,247.12013244628906,25.0,247.12013244628906,246.81932067871094,246.4681854248047,129.5337371826172,246.81932067871094,258.0804748535156,279.8597412109375,296.02264404296875,314.1504211425781,330.07281494140625,348.5711669921875,371.25885009765625,395.6737976074219,445.0096435546875,488.3986511230469,512.3782958984375,447.3124694824219
2010285N13145,MEGI,2010,2010-10-18 09:00:00,16.9,121.2,105,135,0.7777777777777778,6.0,0,0,12,255,13,834.969970703125,2895.436279296875,636.6853637695312,895.2605590820312,834.969970703125,25.0,834.969970703125,835.8706665039062,836.93994140625,894.8626708984375,835.8706665039062,806.9172973632812,750.3471069335938,719.1832885742188,689.9224853515625,662.463623046875,639.8515014648438,621.634521484375,605.8616943359375,585.57421875,541.3731079101562,467.3314208984375,404.0181579589844
2010285N13145,MEGI,2010,2010-10-18 12:00:00,16.8,120.6,90,135,0.6666666666666666,9.0,0,0,12,255,15,901.447509765625,2895.0361328125,661.7437744140625,839.204345703125,903.6880493164062,27.78,901.447509765625,891.1812133789062,887.5619506835938,842.7505493164062,891.1812133789062,892.8910522460938,852.0238647460938,826.8222045898438,797.2816772460938,765.7732543945312,729.788330078125,696.063232421875,662.3214111328125,609.2998046875,548.1004638671875,469.4735412597656,411.0021057128906
2010285N13145,MEGI,2010,2010-10-18 15:00:00,16.6,120.0,93,135,0.6888888888888889,12.0,31,31,11,260,15,54.07035446166992,730.8383178710938,95.34866333007812,3.4248852729797363,90.107666015625,27.78,54.07035446166992,49.234893798828125,45.78865432739258,2.1810173988342285,49.234893798828125,119.29288482666016,226.00637817382812,276.5758056640625,326.3465881347656,365.7129821777344,387.7999572753906,417.84393310546875,449.6876525878906,494.83197021484375,515.4317626953125,522.7481079101562,441.33673095703125
2011126N11129,AERE,2011,2011-05-07 21:00:00,13.7,124.4,48,48,1.0,0.0,0,0,7,310,35,132.49696350097656,804.4046630859375,165.0826873779297,111.48728942871094,108.94212341308594,64.82000000000001,132.49696350097656,125.57894897460938,117.05419921875,160.98983764648438,125.57894897460938,109.27775573730469,96.22222900390625,91.3342514038086,86.65205383300781,85.43388366699219,96.52958679199219,113.4337387084961,118.02137756347656,118.12047576904297,109.06800079345703,87.10165405273438,85.54596710205078
2011126N11129,AERE,2011,2011-05-08 00:00:00,14.0,124.2,50,48,1.0416666666666667,3.0,0,0,7,315,35,116.90117645263672,805.7293090820312,157.7374725341797,112.15404510498047,111.10836791992188,64.82000000000001,116.90117645263672,110.93321990966797,102.80863952636719,98.41314697265625,110.93321990966797,101.00981903076172,109.65935516357422,109.2458267211914,105.11463165283203,96.34180450439453,98.54451751708984,108.47871398925781,120.30127716064453,120.22730255126953,108.56735229492188,99.04812622070312,84.36975860595703
2011126N11129,AERE,2011,2011-05-08 03:00:00,14.2,123.9,50,48,1.0416666666666667,6.0,31,31,8,315,35,53.29840850830078,712.927734375,94.71781921386719,105.72119140625,113.95999145507812,64.82000000000001,53.29840850830078,47.400577545166016,42.3391227722168,0.5223451852798462,47.400577545166016,90.4585189819336,101.87724304199219,103.39898681640625,102.76634979248047,109.15953063964844,111.67640686035156,112.80158233642578,110.99453735351562,106.66417694091797,106.82626342773438,100.00061798095703,80.28165435791016
2011233N12129,NANMADOL,2011,2011-08-27 00:00:00,18.1,122.4,125,125,1.0,0.0,21,0,5,310,45,249.9522705078125,1196.5111083984375,241.20924377441406,247.53067016601562,336.6534729003906,83.34,249.9522705078125,241.50103759765625,230.00148010253906,112.73884582519531,241.50103759765625,247.1675262451172,250.89036560058594,249.52557373046875,246.00619506835938,239.65036010742188,236.20155334472656,232.07528686523438,225.14308166503906,212.67218017578125,209.4842529296875,267.8499450683594,374.6990661621094
2011233N12129,NANMADOL,2011,2011-08-27 03:00:00,18.4,122.2,123,125,0.984,3.0,0,0,7,320,38,201.5819549560547,1127.157958984375,233.82681274414062,161.86367797851562,278.78839111328125,70.376,201.5819549560547,194.19309997558594,184.16580200195312,163.7034454345703,194.19309997558594,170.98171997070312,156.3143768310547,156.38211059570312,158.431884765625,158.9873504638672,160.73263549804688,164.5868682861328,170.27926635742188,184.4276580810547,215.32528686523438,296.7801208496094,359.8206787109375
2011233N12129,NANMADOL,2011,2011-08-27 06:00:00,18.7,122.0,120,125,0.96,6.0,35,35,7,330,30,77.64226531982422,974.755615234375,145.158203125,99.77182006835938,177.01934814453125,55.56,77.64226531982422,70.0641860961914,61.62181854248047,48.322540283203125,70.0641860961914,104.62689971923828,118.31576538085938,115.25114440917969,110.83863830566406,106.27054595947266,105.06230926513672,110.76688385009766,119.66213989257812,164.9674072265625,213.0275115966797,281.112060546875,335.691650390625
2011266N13139,NESAT,2011,2011-09-26 21:00:00,16.3,122.3,103,103,1.0,0.0,10,0,13,280,30,441.6170349121094,1799.4510498046875,391.47467041015625,440.5563049316406,347.2694091796875,55.56,441.6170349121094,428.9654541015625,414.16168212890625,82.91800689697266,428.9654541015625,415.9555969238281,371.3037109375,353.86602783203125,344.22747802734375,337.4124755859375,334.8149108886719,331.6264953613281,331.1168518066406,340.62127685546875,366.01666259765625,416.6324768066406,462.8174133300781
2011266N13139,NESAT,2011,2011-09-27 00:00:00,16.4,121.6,90,103,0.8737864077669902,3.0,0,0,14,280,30,458.7909851074219,1799.4566650390625,353.8512878417969,449.0784912109375,555.0782470703125,55.56,458.7909851074219,457.8719787597656,457.86578369140625,362.545166015625,457.8719787597656,447.3992614746094,450.8974304199219,461.74896240234375,481.8384704589844,503.7607421875,526.1446533203125,539.6425170898438,547.689453125,550.8536987304688,539.5919189453125,478.4305419921875,402.2183837890625
2011266N13139,NESAT,2011,2011-09-27 03:00:00,16.5,120.9,90,103,0.8737864077669902,6.0,0,0,13,280,30,973.5146484375,2895.361083984375,524.0384521484375,902.5889892578125,537.0109252929688,55.56,973.5146484375,976.1394653320312,979.3983764648438,1251.0469970703125,976.1394653320312,851.2520141601562,756.2653198242188,728.8857421875,700.4556884765625,674.3331298828125,649.8419799804688,619.8382568359375,588.2488403320312,538.6007690429688,494.8493957519531,446.0182189941406,399.3506774902344
2011266N13139,NESAT,2011,2011-09-27 06:00:00,16.6,120.2,90,103,0.8737864077669902,9.0,10,10,12,280,30,323.13861083984375,2215.28759765625,439.89202880859375,385.6817626953125,547.3642578125,55.56,323.13861083984375,308.56219482421875,291.88677978515625,41.68023681640625,308.56219482421875,416.8224182128906,470.8204040527344,499.7229919433594,521.673095703125,533.8740844726562,539.8190307617188,542.4476318359375,542.2321166992188,539.9151611328125,541.83349609375,514.5030517578125,422.1844787597656
2011266N13139,NESAT,2011,2011-09-27 09:00:00,16.7,119.6,85,103,0.8252427184466019,12.0,49,49,11,285,30,21.210908889770508,152.79541015625,35.00307083129883,34.31497573852539,189.6873321533203,55.56,21.210908889770508,17.564929962158203,13.933740615844727,,17.564929962158203,36.935874938964844,29.283395767211914,26.278234481811523,24.3021240234375,29.233287811279297,39.28525161743164,57.49066162109375,86.80807495117188,168.95706176757812,317.5766906738281,469.4526672363281,506.9955749511719
2011270N18139,NALGAE,2011,2011-10-01 00:00:00,16.8,122.7,130,130,1.0,0.0,24,0,15,260,15,287.2161560058594,1557.1307373046875,325.0272216796875,4.3570556640625,337.3634338378906,27.78,287.2161560058594,270.8039855957031,255.0740203857422,0.0,270.8039855957031,344.50421142578125,340.8279113769531,339.3005676269531,338.3978271484375,337.4173278808594,339.04522705078125,335.8854064941406,330.4796447753906,319.07513427734375,298.6097717285156,303.88787841796875,469.13885498046875
2011270N18139,NALGAE,2011,2011-10-01 03:00:00,16.7,121.9,115,130,0.8846153846153846,3.0,0,0,16,265,15,290.84027099609375,1803.113037109375,305.43951416015625,234.95303344726562,291.3726501464844,27.78,290.84027099609375,289.9853210449219,289.82049560546875,223.16322326660156,289.9853210449219,292.2036437988281,306.151123046875,316.6855163574219,331.576416015625,348.56182861328125,368.21063232421875,390.3710021972656,416.0790710449219,470.5836486816406,536.6819458007812,544.8807373046875,426.5213623046875
2011270N18139,NALGAE,2011,2011-10-01 06:00:00,16.6,121.1,100,130,0.7692307692307693,6.0,0,0,16,265,15,920.5664672851562,2895.74853515625,575.7125244140625,863.0364990234375,907.05712890625,27.78,920.5664672851562,921.1337280273438,921.4744262695312,836.0006103515625,921.1337280273438,893.440673828125,819.8002319335938,775.4442749023438,732.0155639648438,691.8131713867188,655.8880615234375,628.1192016601562,604.1633911132812,560.2213745117188,502.4030456542969,454.60693359375,400.8930358886719
2011270N18139,NALGAE,2011,2011-10-01 09:00:00,16.5,120.2,90,130,0.6923076923076923,9.0,15,11,15,265,15,288.19207763671875,2215.762939453125,421.2481384277344,56.009483337402344,332.27392578125,27.78,288.19207763671875,275.6040344238281,262.1138000488281,38.21574401855469,275.6040344238281,347.181884765625,413.46441650390625,443.7529602050781,468.2433166503906,484.1690979003906,495.6240539550781,504.58526611328125,509.951171875,514.2378540039062,524.6013793945312,500.6481628417969,417.4229431152344
2011270N18139,NALGAE,2011,2011-10-01 12:00:00,16.4,119.5,80,130,0.6153846153846154,12.0,33,33,11,265,15,41.564453125,155.20938110351562,48.43359375,0.0,34.230018615722656,27.78,41.564453125,39.80257034301758,37.51421356201172,,39.80257034301758,30.03023910522461,30.443225860595703,35.82477951049805,44.19667053222656,50.79914855957031,53.56187057495117,62.36250686645508,73.34569549560547,112.77247619628906,232.06394958496094,371.52685546875,454.75927734375
2011346N03156,WASHI,2011,2011-12-16 06:00:00,8.0,126.8,45,45,1.0,0.0,39,0,14,285,35,42.39302062988281,548.7932739257812,75.86686706542969,153.4613037109375,281.3048400878906,64.82000000000001,42.39302062988281,38.548431396484375,32.679229736328125,,38.548431396484375,108.76722717285156,194.61985778808594,227.98997497558594,246.41864013671875,261.23846435546875,277.8731689453125,286.44915771484375,287.3147888183594,289.4842529296875,286.4244079589844,254.01885986328125,344.66876220703125
2011346N03156,WASHI,2011,2011-12-16 09:00:00,8.1,126.2,45,45,1.0,3.0,0,0,14,285,35,144.882568359375,1609.655029296875,208.1846160888672,162.4969482421875,345.0372314453125,64.82000000000001,144.882568359375,143.6334228515625,141.40826416015625,154.02194213867188,143.6334228515625,149.60743713378906,171.44744873046875,188.8850860595703,209.0088653564453,226.0227508544922,249.9879608154297,268.8957214355469,279.4656066894531,302.8092346191406,335.9443359375,372.156982421875,383.1432189941406
2011346N03156,WASHI,2011,2011-12-16 12:00:00,8.3,125.5,45,45,1.0,6.0,0,0,14,285,35,399.2863464355469,2101.364013671875,396.4118347167969,416.1246032714844,420.1504821777344,64.82000000000001,399.2863464355469,399.413330078125,399.5817565917969,418.5642395019531,399.413330078125,406.5046691894531,422.9577941894531,425.6829528808594,427.9082946777344,427.3097229003906,423.32110595703125,417.0976257324219,410.0533752441406,401.93951416015625,409.6974182128906,423.0887145996094,358.0940246582031
2011346N03156,WASHI,2011,2011-12-16 15:00:00,8.4,124.8,45,45,1.0,9.0,0,0,14,285,33,745.3604125976562,2883.87890625,533.875,721.3180541992188,511.76025390625,61.116,745.3604125976562,739.334716796875,731.816650390625,446.7685852050781,739.334716796875,723.383544921875,674.7538452148438,657.3922119140625,644.4672241210938,633.2269287109375,621.3269653320312,609.4697875976562,598.202880859375,563.1762084960938,497.8850402832031,423.3055725097656,333.9327697753906
2011346N03156,WASHI,2011,2011-12-16 18:00:00,8.6,124.1,45,45,1.0,12.0,24,11,16,285,30,131.14755249023438,986.1669921875,154.25885009765625,172.37896728515625,480.7835693359375,55.56,131.14755249023438,123.73892974853516,114.70889282226562,0.3299875259399414,123.73892974853516,210.05810546875,301.1991271972656,323.3424377441406,333.5895080566406,343.3412170410156,362.58001708984375,392.6140441894531,418.1193542480469,464.2991638183594,479.5415954589844,426.319580078125,333.34637451171875
2011346N03156,WASHI,2011,2011-12-16 21:00:00,8.8,123.3,48,45,1.0666666666666669,15.0,24,15,16,280,30,104.90514373779297,1473.26123046875,158.36280822753906,167.4767608642578,246.82981872558594,55.56,104.90514373779297,96.72262573242188,86.43663787841797,20.192319869995117,96.72262573242188,191.81484985351562,237.20578002929688,242.53652954101562,245.3649139404297,248.00843811035156,251.59361267089844,252.8478240966797,249.1319122314453,239.85972595214844,229.78868103027344,240.89248657226562,302.61663818359375
2011346N03156,WASHI,2011,2011-12-17 00:00:00,8.9,122.5,50,45,1.1111111111111112,18.0,49,49,14,280,30,0.0,0.0,0.0,28.43239974975586,208.98403930664062,55.56,0.0,0.0,0.0,,0.0,64.08065795898438,127.48108673095703,155.1060791015625,188.58555603027344,213.77232360839844,222.55752563476562,214.7862091064453,205.3883056640625,200.55894470214844,217.26979064941406,234.13771057128906,193.028564453125
2012225N16133,KAI-TAK,2012,2012-08-15 00:00:00,18.0,122.2,55,55,1.0,0.0,10,0,13,305,35,275.2621765136719,1779.8721923828125,307.384033203125,240.67160034179688,281.7803955078125,64.82000000000001,275.2621765136719,269.825927734375,262.04705810546875,303.1329650878906,269.825927734375,247.72640991210938,231.02108764648438,226.96859741210938,220.97032165527344,216.70059204101562,215.76687622070312,213.7313690185547,213.2783203125,222.47474670410156,259.6872863769531,352.34173583984375,396.6944274902344
2012225N16133,KAI-TAK,2012,2012-08-15 03:00:00,18.4,121.5,55,55,1.0,3.0,0,0,14,295,35,166.7776641845703,1353.4593505859375,245.0928192138672,225.7413330078125,336.5270690917969,64.82000000000001,166.7776641845703,162.97544860839844,157.24913024902344,25.476221084594727,162.97544860839844,201.40570068359375,241.21592712402344,255.1546173095703,262.8233642578125,268.8995056152344,276.8240966796875,285.394287109375,292.8576354980469,305.2993469238281,324.5885009765625,354.7766418457031,394.0251770019531
2012225N16133,KAI-TAK,2012,2012-08-15 06:00:00,18.7,120.8,55,55,1.0,6.0,11,11,14,285,35,315.77105712890625,1698.1458740234375,331.1405944824219,306.5738830566406,312.9554748535156,64.82000000000001,315.77105712890625,305.66229248046875,293.98162841796875,136.6115264892578,305.66229248046875,304.73297119140625,293.5301208496094,292.125,297.22467041015625,301.13543701171875,304.3953552246094,301.6463623046875,304.6220397949219,307.6368713378906,304.73809814453125,314.00604248046875,394.80401611328125
2012225N16133,KAI-TAK,2012,2012-08-15 09:00:00,18.8,120.1,55,55,1.0,9.0,69,69,13,275,35,,,,25.948253631591797,343.5542297363281,64.82000000000001,,,,,,0.05848218873143196,55.779693603515625,81.15388488769531,94.51873779296875,109.5594711303711,138.84996032714844,164.76893615722656,191.35421752929688,243.97357177734375,313.6585693359375,320.31103515625,372.0180358886719
2012296N06135,SON-TINH,2012,2012-10-24 03:00:00,10.2,125.7,35,35,1.0,0.0,45,0,16,310,60,46.19363021850586,912.8236694335938,104.8173599243164,128.56410217285156,180.98480224609375,111.12,46.19363021850586,43.39179611206055,39.602447509765625,106.21768188476562,43.39179611206055,49.65303421020508,57.18313217163086,63.703269958496094,71.5480728149414,83.50109100341797,94.81723022460938,103.1200180053711,109.8219985961914,119.94557189941406,136.5362548828125,137.82798767089844,165.93995666503906
2012296N06135,SON-TINH,2012,2012-10-24 06:00:00,10.7,125.1,35,35,1.0,3.0,10,0,14,305,60,181.8705596923828,1296.5562744140625,222.20272827148438,109.70875549316406,142.59030151367188,111.12,181.8705596923828,176.76495361328125,170.33152770996094,149.3000030517578,176.76495361328125,154.4784393310547,139.22970581054688,134.76832580566406,128.7191619873047,121.39485931396484,114.95378112792969,111.05752563476562,108.33586120605469,104.96762084960938,102.37046813964844,106.44501495361328,116.80205535888672
2012296N06135,SON-TINH,2012,2012-10-24 09:00:00,11.1,124.6,35,35,1.0,6.0,0,0,13,300,60,134.27957153320312,1295.4256591796875,211.402587890625,116.8427963256836,110.28775787353516,111.12,134.27957153320312,130.58721923828125,126.06134033203125,214.49136352539062,130.58721923828125,114.4927978515625,105.3062515258789,104.49252319335938,107.53904724121094,112.42205810546875,115.56568908691406,117.29700469970703,117.30369567871094,112.46463775634766,105.90117645263672,101.73419952392578,105.7415542602539
2012296N06135,SON-TINH,2012,2012-10-24 12:00:00,11.4,124.0,35,35,1.0,9.0,22,22,14,295,60,18.088272094726562,365.6223449707031,36.70344161987305,80.71271514892578,126.5890121459961,111.12,18.088272094726562,15.707024574279785,13.550172805786133,4.015334129333496,15.707024574279785,47.56364822387695,53.306697845458984,55.69064712524414,58.87460708618164,61.4613151550293,62.408355712890625,64.67939758300781,66.54986572265625,74.60743713378906,91.4432373046875,106.40119934082031,116.65557861328125
2012296N06135,SON-TINH,2012,2012-10-24 15:00:00,11.7,123.3,40,35,1.1428571428571428,12.0,31,22,16,290,45,22.377525329589844,794.2905883789062,65.15605926513672,41.225032806396484,120.26277923583984,83.34,22.377525329589844,19.947450637817383,17.4492130279541,2.3448400497436523,19.947450637817383,21.21184730529785,29.643680572509766,35.643898010253906,38.818565368652344,38.66228485107422,37.49001693725586,37.62883758544922,40.34466552734375,51.54730987548828,81.44043731689453,116.17967224121094,114.87535095214844
2012331N03157,BOPHA,2012,2012-12-03 18:00:00,7.6,127.2,150,150,1.0,0.0,66,0,14,275,5,,,,,,25.0,,,,,,,1.2201870679855347,27.35795783996582,77.86133575439453,141.17515563964844,208.6361083984375,260.2888488769531,292.23382568359375,418.67974853515625,443.0483093261719,348.6066589355469,248.5089874267578
2012331N03157,BOPHA,2012,2012-12-03 21:00:00,7.6,126.6,133,150,0.8866666666666667,3.0,0,0,13,280,8,512.8087158203125,2643.470703125,499.46710205078125,240.042724609375,512.8087158203125,25.0,512.8087158203125,503.49810791015625,484.6791687011719,231.03887939453125,503.49810791015625,505.2733154296875,484.67559814453125,455.2821044921875,431.6152038574219,405.9399108886719,373.93548583984375,343.23565673828125,318.06134033203125,284.88739013671875,257.6929931640625,285.2528381347656,362.1677551269531
2012331N03157,BOPHA,2012,2012-12-04 00:00:00,7.8,125.9,115,150,0.7666666666666667,6.0,0,0,17,290,10,240.76832580566406,2118.79248046875,279.96832275390625,135.0883331298828,240.76832580566406,25.0,240.76832580566406,239.4694366455078,237.4088592529297,135.18865966796875,239.4694366455078,289.3275146484375,324.68475341796875,337.98248291015625,344.478271484375,346.3138427734375,344.5415954589844,342.4760437011719,343.145263671875,360.83026123046875,396.59210205078125,403.2090148925781,383.5744934082031
2012331N03157,BOPHA,2012,2012-12-04 03:00:00,8.2,125.0,108,150,0.72,9.0,0,0,20,295,13,823.7193603515625,2879.232177734375,464.0190734863281,1037.862060546875,823.7193603515625,25.0,823.7193603515625,825.1455688476562,827.449951171875,1038.827392578125,825.1455688476562,757.1181640625,695.1314086914062,669.4287719726562,644.02587890625,616.438720703125,589.4531860351562,566.0482788085938,544.251953125,506.8264465332031,459.0996398925781,407.3839416503906,357.9997863769531
2012331N03157,BOPHA,2012,2012-12-04 06:00:00,8.7,124.1,100,150,0.6666666666666666,12.0,31,15,19,295,15,103.31591033935547,991.765625,145.62539672851562,0.0,127.65984344482422,27.78,103.31591033935547,95.51831817626953,85.59153747558594,0.0,95.51831817626953,133.0968780517578,205.85269165039062,243.75625610351562,268.63690185546875,293.5107727050781,319.02813720703125,343.15435791015625,363.46630859375,409.4927062988281,453.63934326171875,423.3131103515625,333.4226989746094
2012331N03157,BOPHA,2012,2012-12-04 09:00:00,9.0,123.3,93,150,0.62,15.0,15,0,17,290,18,209.34622192382812,1816.4140625,308.2370910644531,164.61036682128906,169.3485107421875,33.336,209.34622192382812,196.65475463867188,182.5049285888672,49.25495529174805,196.65475463867188,164.129638671875,167.89222717285156,181.5940704345703,197.88604736328125,212.6885223388672,223.3789825439453,230.2278289794922,233.40248107910156,236.01043701171875,232.6157989501953,222.57305908203125,275.2386169433594
2012331N03157,BOPHA,2012,2012-12-04 12:00:00,9.3,122.5,85,150,0.5666666666666667,18.0,24,24,17,290,20,171.38832092285156,678.8770141601562,143.62620544433594,139.57359313964844,247.9646453857422,37.04,171.38832092285156,165.18714904785156,156.67242431640625,52.301788330078125,165.18714904785156,210.1253662109375,236.3894500732422,243.74285888671875,242.28775024414062,238.46426391601562,229.43936157226562,226.38998413085938,229.9903564453125,227.77142333984375,209.84434509277344,189.7560272216797,200.1240692138672
2012331N03157,BOPHA,2012,2012-12-04 15:00:00,9.6,121.6,83,150,0.5533333333333333,21.0,90,90,17,285,20,0.6771824955940247,55.85246276855469,4.236173629760742,0.12215594947338104,0.6519571542739868,37.04,0.6771824955940247,0.5615813136100769,0.4446648359298706,,0.5615813136100769,0.5620370507240295,0.523644745349884,0.5257943868637085,0.5251495242118835,0.5175362825393677,3.5415854454040527,11.369242668151855,28.12398910522461,92.62152099609375,137.32984924316406,133.85552978515625,190.5469970703125
2013196N14128,CIMARON,2013,2013-07-16 21:00:00,17.8,122.5,35,35,1.0,0.0,42,0,16,325,40,300.4320983886719,1777.4757080078125,370.278076171875,375.0380554199219,261.8499450683594,74.08,300.4320983886719,275.42108154296875,250.6002197265625,,275.42108154296875,361.58984375,383.94781494140625,361.1054992675781,332.3387145996094,306.6106262207031,283.7086181640625,263.5340881347656,247.71026611328125,227.598388671875,217.79405212402344,264.96087646484375,404.37103271484375
2013196N14128,CIMARON,2013,2013-07-17 00:00:00,18.5,122.0,35,35,1.0,3.0,15,15,16,320,40,155.68106079101562,1122.047119140625,217.31369018554688,120.79264831542969,316.79742431640625,74.08,155.68106079101562,148.21751403808594,139.783447265625,34.73965072631836,148.21751403808594,136.3307342529297,119.4151382446289,116.13189697265625,120.12056732177734,130.98655700683594,146.8933563232422,163.00962829589844,180.08016967773438,201.57615661621094,256.3343811035156,310.71466064453125,361.44915771484375
2013196N14128,CIMARON,2013,2013-07-17 03:00:00,19.0,121.5,38,35,1.0857142857142856,6.0,56,56,15,315,38,56.13457489013672,788.0822143554688,107.49100494384766,54.886474609375,244.93960571289062,70.376,56.13457489013672,49.07439041137695,42.16997146606445,20.289958953857422,49.07439041137695,40.627708435058594,48.21648406982422,60.13460159301758,78.51017761230469,101.82161712646484,118.89707946777344,138.78785705566406,153.89163208007812,196.0919189453125,224.19898986816406,251.98574829101562,324.5295104980469
2013220N12137,UTOR,2013,2013-08-11 18:00:00,16.1,122.2,120,120,1.0,0.0,10,0,14,295,12,401.3277893066406,1800.9072265625,411.77117919921875,39.75303268432617,401.3277893066406,25.0,401.3277893066406,386.2012939453125,369.3726501464844,36.88960647583008,386.2012939453125,409.76043701171875,397.314208984375,396.5467224121094,392.455078125,385.90924072265625,381.21728515625,383.1607360839844,389.90289306640625,405.9949645996094,378.9755554199219,395.8179931640625,428.1479187011719
2013220N12137,UTOR,2013,2013-08-11 21:00:00,16.4,121.5,108,120,0.9,3.0,0,0,15,290,14,484.99395751953125,1800.8216552734375,351.38262939453125,473.4190368652344,488.9018859863281,25.928,484.99395751953125,484.1936340332031,483.8818664550781,474.04290771484375,484.1936340332031,506.8909606933594,526.4761352539062,535.6428833007812,546.0272827148438,558.5855712890625,568.0874633789062,571.0404663085938,570.7159423828125,560.91796875,526.1297607421875,467.6152648925781,396.922607421875
2013220N12137,UTOR,2013,2013-08-12 00:00:00,16.6,120.8,95,120,0.7916666666666666,6.0,0,0,16,290,15,952.7221069335938,2895.12841796875,575.7312622070312,1402.932373046875,875.1605834960938,27.78,952.7221069335938,956.3363647460938,960.6956176757812,1453.34619140625,956.3363647460938,834.5961303710938,789.5360107421875,767.49658203125,741.8901977539062,717.0282592773438,684.234130859375,647.7848510742188,613.4208374023438,561.1422119140625,502.0191955566406,453.36688232421875,402.83502197265625
2013220N12137,UTOR,2013,2013-08-12 03:00:00,16.9,119.9,95,120,0.7916666666666666,9.0,54,54,17,290,18,5.39663553237915,125.63414001464844,15.044415473937988,,69.44466400146484,33.336,5.39663553237915,4.006246566772461,3.343613862991333,,4.006246566772461,25.530336380004883,90.35120391845703,138.73348999023438,208.62063598632812,269.3179626464844,317.10601806640625,363.10052490234375,412.56201171875,483.3552551269531,547.830322265625,564.7080688476562,473.3138427734375
2013282N14132,NARI,2013,2013-10-11 12:00:00,15.5,122.4,100,100,1.0,0.0,70,0,14,270,10,,,,,,25.0,,,,,,0.0,1.8384313583374023,9.370100021362305,16.311012268066406,17.410480499267578,23.401254653930664,46.27360534667969,93.51200866699219,217.2517852783203,320.0604248046875,334.9380798339844,260.6855773925781
2013282N14132,NARI,2013,2013-10-11 15:00:00,15.5,121.5,95,100,0.95,3.0,0,0,18,270,10,344.6211853027344,1863.689697265625,341.71392822265625,476.2058410644531,344.6211853027344,25.0,344.6211853027344,337.85064697265625,328.98748779296875,459.6048278808594,337.85064697265625,342.85650634765625,339.97259521484375,335.66278076171875,337.9122009277344,337.8148193359375,335.2552185058594,329.3180847167969,321.3669738769531,306.8413391113281,300.32012939453125,328.0502014160156,320.6592102050781
2013282N14132,NARI,2013,2013-10-11 18:00:00,15.5,120.5,90,100,0.9,6.0,0,0,16,265,10,221.26585388183594,2014.712646484375,321.70147705078125,119.35115051269531,221.26585388183594,25.0,221.26585388183594,221.63653564453125,222.08316040039062,118.21672058105469,221.63653564453125,194.3274688720703,169.50567626953125,167.7857666015625,171.32638549804688,183.06533813476562,200.07859802246094,219.53736877441406,239.17156982421875,265.46826171875,296.7739562988281,338.9233703613281,349.1131591796875
2013282N14132,NARI,2013,2013-10-11 21:00:00,15.3,119.8,88,100,0.88,9.0,15,15,14,260,10,316.5508728027344,2014.2232666015625,397.3293762207031,10.465789794921875,316.5508728027344,25.0,316.5508728027344,305.91265869140625,292.5843811035156,9.076717376708984,305.91265869140625,335.646240234375,331.1186828613281,310.682373046875,283.6039733886719,258.1624755859375,235.881103515625,217.22177124023438,199.89718627929688,172.16712951660156,147.600341796875,166.3403778076172,305.7950439453125
2013282N14132,NARI,2013,2013-10-12 00:00:00,15.2,119.2,85,100,0.85,12.0,78,78,11,265,10,,,,,,25.0,,,,,,,,,0.08535762131214142,3.2641117572784424,8.760000228881836,33.842796325683594,96.44755554199219,213.0629425048828,282.8306579589844,214.61329650878906,146.39739990234375
2013301N13142,KROSA,2013,2013-10-31 09:00:00,18.1,122.4,85,85,1.0,0.0,21,0,12,285,16,249.9522705078125,1196.5111083984375,241.20924377441406,225.9980926513672,254.7329864501953,29.632,249.9522705078125,241.50103759765625,230.00148010253906,112.73884582519531,241.50103759765625,247.1675262451172,250.89036560058594,249.52557373046875,246.00619506835938,239.65036010742188,236.20155334472656,232.07528686523438,225.14308166503906,212.67218017578125,209.4842529296875,267.8499450683594,374.6990661621094
2013301N13142,KROSA,2013,2013-10-31 12:00:00,18.3,121.8,90,85,1.0588235294117647,3.0,0,0,13,285,17,126.47412109375,1120.000244140625,186.1505889892578,79.9710464477539,147.7380828857422,31.484,126.47412109375,124.63726043701172,122.47522735595703,60.138065338134766,124.63726043701172,133.1750946044922,166.44891357421875,182.23468017578125,191.5323028564453,208.00926208496094,230.06137084960938,253.82669067382812,278.4850769042969,312.23321533203125,327.4667663574219,345.48150634765625,389.8327941894531
2013301N13142,KROSA,2013,2013-10-31 15:00:00,18.4,121.1,85,85,1.0,6.0,0,0,13,285,19,359.1573486328125,2331.103271484375,370.7337646484375,419.1829528808594,323.77392578125,35.188,359.1573486328125,354.9736328125,347.53045654296875,449.09857177734375,354.9736328125,330.89892578125,318.0087585449219,314.8318176269531,316.05938720703125,320.3038635253906,319.9420166015625,319.2643127441406,317.991455078125,318.9961853027344,331.6102294921875,368.7300720214844,414.752197265625
2013301N13142,KROSA,2013,2013-10-31 18:00:00,18.6,120.4,80,85,0.9411764705882352,9.0,30,30,12,285,20,132.5332794189453,967.77880859375,159.73464965820312,105.83258819580078,275.28411865234375,37.04,132.5332794189453,125.58723449707031,114.52809143066406,10.583439826965332,125.58723449707031,192.12142944335938,254.77969360351562,270.1948547363281,299.0054626464844,320.72564697265625,349.92279052734375,364.3345642089844,359.4400634765625,342.0875244140625,332.85491943359375,351.69818115234375,406.46453857421875
2013301N13142,KROSA,2013,2013-10-31 21:00:00,18.7,119.9,80,85,0.9411764705882352,12.0,81,81,11,285,20,,,,,0.07098855078220367,37.04,,,,,,,0.0,0.19151940941810608,27.51923179626465,55.638648986816406,76.27503967285156,84.2486572265625,89.95835876464844,149.05764770507812,252.73590087890625,336.9855651855469,395.25286865234375
2013306N07162,HAIYAN,2013,2013-11-07 21:00:00,10.8,125.9,168,168,1.0,0.0,24,0,22,280,16,14.832547187805176,414.39544677734375,44.39776611328125,18.845516204833984,27.649845123291016,29.632,14.832547187805176,12.904411315917969,10.903889656066895,18.67873764038086,12.904411315917969,25.242935180664062,36.61049270629883,46.76887893676758,51.302490234375,58.70501708984375,69.00214385986328,78.02165985107422,82.59156036376953,85.79177856445312,107.31070709228516,109.04812622070312,125.1553726196289
2013306N07162,HAIYAN,2013,2013-11-08 00:00:00,11.0,124.8,165,168,0.9821428571428572,3.0,0,0,22,280,15,129.35670471191406,1293.2828369140625,204.42373657226562,221.20033264160156,128.4759979248047,27.78,129.35670471191406,125.55648040771484,121.47804260253906,240.4007568359375,125.55648040771484,124.67538452148438,132.23863220214844,133.3336181640625,132.86489868164062,130.58816528320312,126.8565902709961,122.30245971679688,116.35770416259766,109.68724822998047,105.51756286621094,102.64727020263672,105.95446014404297
2013306N07162,HAIYAN,2013,2013-11-08 03:00:00,11.2,123.7,155,168,0.9226190476190476,6.0,21,0,22,280,13,18.007539749145508,275.9027404785156,38.74489212036133,2.8022472858428955,18.007539749145508,25.0,18.007539749145508,15.844311714172363,13.5018892288208,2.477994203567505,15.844311714172363,28.320194244384766,53.290496826171875,66.35334014892578,78.52619934082031,91.54927062988281,96.41455078125,98.26214599609375,100.79631805419922,105.94571685791016,102.60579681396484,100.17823791503906,131.07518005371094
2013306N07162,HAIYAN,2013,2013-11-08 06:00:00,11.4,122.6,145,168,0.8630952380952381,9.0,0,0,21,280,10,183.9486541748047,2071.176025390625,284.2584533691406,70.52427673339844,183.9486541748047,25.0,183.9486541748047,180.62904357910156,176.851318359375,69.51905059814453,180.62904357910156,189.3664093017578,169.7621612548828,163.68479919433594,159.865234375,155.3318328857422,150.7952117919922,147.76344299316406,145.88394165039062,144.954345703125,147.42422485351562,133.8937225341797,125.43099212646484
2013306N07162,HAIYAN,2013,2013-11-08 09:00:00,11.6,121.5,138,168,0.8214285714285714,12.0,39,39,21,285,13,10.275696754455566,320.874755859375,32.692012786865234,0.0681883916258812,10.275696754455566,25.0,10.275696754455566,8.289419174194336,6.138388633728027,0.05341637507081032,8.289419174194336,36.17887878417969,52.69316101074219,81.52764129638672,106.2956771850586,119.50468444824219,122.2318115234375,129.1090087890625,138.09249877929688,152.50848388671875,169.93540954589844,168.87075805664062,145.20132446289062
2014029N10143,KAJIKI,2014,2014-01-31 12:00:00,10.3,126.0,35,35,1.0,0.0,76,0,21,280,40,68.55024719238281,912.4691162109375,132.21871948242188,40.027950286865234,151.9154052734375,74.08,68.55024719238281,63.80552673339844,58.14541244506836,0.0,63.80552673339844,48.07294464111328,39.44990539550781,36.609527587890625,33.34310531616211,31.524057388305664,36.46609878540039,48.12135696411133,63.12013626098633,85.02268981933594,115.42390441894531,144.45797729492188,143.80540466308594
2014029N10143,KAJIKI,2014,2014-01-31 15:00:00,10.6,125.0,33,35,0.9428571428571428,3.0,0,0,20,285,40,175.28469848632812,1243.4215087890625,212.5118408203125,137.77880859375,112.61473083496094,74.08,175.28469848632812,170.0376739501953,164.32928466796875,244.67623901367188,170.0376739501953,155.26272583007812,137.63336181640625,130.2094268798828,123.02848815917969,116.8319091796875,111.90631103515625,108.3617172241211,103.98068237304688,98.66374206542969,105.56806182861328,107.51106262207031,131.22666931152344
2014029N10143,KAJIKI,2014,2014-01-31 18:00:00,10.8,124.1,30,35,0.8571428571428571,6.0,10,0,19,285,40,98.08338165283203,972.5726928710938,140.18231201171875,86.21601104736328,128.72640991210938,74.08,98.08338165283203,92.18128967285156,85.50506591796875,118.38270568847656,92.18128967285156,84.78104400634766,74.49150848388672,82.23180389404297,91.92738342285156,99.36934661865234,103.44742584228516,109.94928741455078,116.98992156982422,127.28499603271484,131.69488525390625,122.81279754638672,122.71250915527344
2014029N10143,KAJIKI,2014,2014-01-31 21:00:00,11.1,123.1,25,35,0.7142857142857143,9.0,10,0,19,280,40,92.96937561035156,1634.35595703125,171.16510009765625,109.3579330444336,148.2795867919922,74.08,92.96937561035156,89.46040344238281,85.9699478149414,33.83306121826172,89.46040344238281,98.14127349853516,100.60941314697266,106.57144165039062,113.28595733642578,118.7564926147461,125.58817291259766,131.96046447753906,140.17137145996094,156.71287536621094,154.60011291503906,141.2105255126953,133.98695373535156
2014029N10143,KAJIKI,2014,2014-02-01 00:00:00,11.2,122.1,20,35,0.5714285714285714,12.0,0,0,19,275,40,349.30303955078125,2070.466796875,350.9452819824219,215.62185668945312,144.3824462890625,74.08,349.30303955078125,344.4183044433594,337.0657043457031,460.7368469238281,344.4183044433594,276.7486877441406,223.22747802734375,209.1360626220703,196.7899169921875,185.77951049804688,176.9500274658203,169.88914489746094,162.71534729003906,146.42852783203125,127.32071685791016,136.35179138183594,142.18458557128906
2014029N10143,KAJIKI,2014,2014-02-01 03:00:00,11.3,121.2,18,35,0.5142857142857142,15.0,86,65,19,275,40,2.724951982498169,254.8435516357422,15.690964698791504,3.123061418533325,150.23001098632812,74.08,2.724951982498169,2.210801601409912,1.8202604055404663,0.44402655959129333,2.210801601409912,2.74885630607605,2.607633113861084,2.5262954235076904,2.7386651039123535,3.00205397605896,3.0984466075897217,4.552102565765381,17.5894832611084,93.1274185180664,152.782958984375,138.36537170410156,132.30674743652344
2014190N08154,RAMMASUN,2014,2014-07-15 09:00:00,13.2,124.1,108,108,1.0,0.0,21,0,13,290,15,94.095703125,2426.19189453125,189.50315856933594,74.25035858154297,104.27947998046875,27.78,94.095703125,88.31742095947266,81.72333526611328,58.59901428222656,88.31742095947266,108.15654754638672,111.81033325195312,108.7748794555664,105.70430755615234,102.36028289794922,99.97638702392578,99.86225891113281,97.8412857055664,90.76940155029297,85.9244613647461,78.4582748413086,84.34469604492188
2014190N08154,RAMMASUN,2014,2014-07-15 12:00:00,13.4,123.4,115,108,1.0648148148148149,3.0,0,0,14,290,15,132.9407196044922,2426.992431640625,211.60165405273438,150.80714416503906,125.8651123046875,27.78,132.9407196044922,129.593017578125,125.50524139404297,142.17691040039062,129.593017578125,113.974853515625,101.19188690185547,96.58966064453125,90.87434387207031,88.6707534790039,89.51778411865234,91.5341567993164,93.64138793945312,93.76691436767578,89.5553207397461,82.5842056274414,74.72834777832031
2014190N08154,RAMMASUN,2014,2014-07-15 15:00:00,13.7,122.7,110,108,1.0185185185185186,6.0,10,0,15,290,14,106.5166244506836,1481.302734375,137.76409912109375,58.638885498046875,103.4142074584961,25.928,106.5166244506836,104.002685546875,101.2397232055664,47.37674331665039,104.002685546875,89.78878021240234,77.82389068603516,77.0719223022461,76.71101379394531,76.54073333740234,78.00202178955078,79.31651306152344,80.60352325439453,83.94298553466797,83.34140014648438,90.31211853027344,131.9700164794922
2014190N08154,RAMMASUN,2014,2014-07-15 18:00:00,14.0,122.0,105,108,0.9722222222222222,9.0,10,0,15,290,12,65.2894058227539,747.197998046875,103.43464660644531,40.5202751159668,65.2894058227539,25.0,65.2894058227539,61.4521369934082,57.58949279785156,38.48361587524414,61.4521369934082,93.60293579101562,99.58456420898438,101.97504425048828,102.48299407958984,106.36051177978516,109.32722473144531,109.63875579833984,110.70878601074219,110.4429702758789,113.29663848876953,142.25927734375,161.09934997558594
2014190N08154,RAMMASUN,2014,2014-07-15 21:00:00,14.1,121.3,98,108,0.9074074074074074,12.0,0,0,14,285,16,164.9362030029297,2131.056640625,194.11695861816406,185.27462768554688,155.7930450439453,29.632,164.9362030029297,164.2845458984375,162.9871368408203,197.60389709472656,164.2845458984375,153.20046997070312,145.49574279785156,144.13433837890625,142.81204223632812,143.95950317382812,144.2134552001953,148.5545196533203,156.40269470214844,166.25550842285156,165.05433654785156,169.77969360351562,175.69325256347656
2014190N08154,RAMMASUN,2014,2014-07-16 00:00:00,14.3,120.6,90,108,0.8333333333333334,15.0,10,10,15,290,20,137.0724639892578,1371.1531982421875,181.03836059570312,132.030029296875,95.1880111694336,37.04,137.0724639892578,131.53749084472656,125.28131866455078,70.44291687011719,131.53749084472656,106.38141632080078,93.04014587402344,92.14398193359375,91.96830749511719,95.86359405517578,103.60852813720703,118.57746124267578,137.6802978515625,168.66151428222656,182.9197540283203,190.22674560546875,196.53512573242188
2014190N08154,RAMMASUN,2014,2014-07-16 03:00:00,14.7,119.8,85,108,0.7870370370370371,18.0,34,34,16,295,20,87.0333023071289,1062.8477783203125,163.90878295898438,50.859554290771484,196.7667236328125,37.04,87.0333023071289,81.86312866210938,78.12696838378906,,81.86312866210938,99.33391571044922,178.59019470214844,192.00222778320312,206.250732421875,217.72564697265625,222.6132049560547,230.72177124023438,230.23081970214844,215.2528839111328,184.50729370117188,145.20523071289062,191.96986389160156
2014254N10142,KALMAEGI,2014,2014-09-14 09:00:00,17.5,122.5,75,75,1.0,0.0,24,0,17,295,20,364.6515197753906,1804.0887451171875,392.20001220703125,112.62191009521484,374.4476013183594,37.04,364.6515197753906,347.6503601074219,328.1529846191406,5.2884979248046875,347.6503601074219,446.35919189453125,394.8162841796875,363.11883544921875,332.6928405761719,313.2947692871094,299.9893798828125,286.4892578125,272.1540832519531,247.32505798339844,235.02420043945312,297.6800842285156,451.26806640625
2014254N10142,KALMAEGI,2014,2014-09-14 12:00:00,17.8,121.7,70,75,0.9333333333333332,3.0,0,0,19,285,20,221.21365356445312,1774.62890625,279.06085205078125,143.8347930908203,307.99261474609375,37.04,221.21365356445312,220.40911865234375,220.02789306640625,75.76788330078125,220.40911865234375,248.1856689453125,289.7296142578125,308.269287109375,327.3924865722656,347.94598388671875,367.0706481933594,381.3556213378906,392.0501403808594,405.1090087890625,401.978271484375,401.9974365234375,450.8254699707031
2014254N10142,KALMAEGI,2014,2014-09-14 15:00:00,18.0,120.7,68,75,0.9066666666666666,6.0,0,0,19,275,23,435.1810302734375,2335.863525390625,400.9378967285156,433.7940979003906,455.537841796875,42.596000000000004,435.1810302734375,431.36492919921875,426.5514831542969,346.48162841796875,431.36492919921875,451.835205078125,454.4375915527344,455.041259765625,457.372802734375,451.9864807128906,449.9627380371094,448.66949462890625,444.71563720703125,442.41253662109375,445.2394104003906,460.4931945800781,442.39404296875
2014254N10142,KALMAEGI,2014,2014-09-14 18:00:00,18.0,119.7,65,75,0.8666666666666667,9.0,77,77,17,270,25,,,,,43.5531120300293,46.300000000000004,,,,,,,,0.0,0.69435054063797,5.127363681793213,19.790481567382812,66.09246063232422,105.84667205810547,128.11325073242188,198.81454467773438,402.6869201660156,547.9075927734375
2014260N13135,FUNG-WONG,2014,2014-09-19 00:00:00,17.9,122.6,35,35,1.0,0.0,47,0,17,305,40,67.99371337890625,661.8536376953125,118.90393829345703,331.72314453125,226.5106201171875,74.08,67.99371337890625,54.65829086303711,44.97731018066406,,54.65829086303711,260.6577453613281,335.520263671875,320.72735595703125,321.1446533203125,323.98516845703125,312.7662048339844,297.8121032714844,281.2987060546875,249.95272827148438,221.2787628173828,225.82667541503906,383.788330078125
2014260N13135,FUNG-WONG,2014,2014-09-19 03:00:00,18.3,121.9,35,35,1.0,3.0,0,0,14,300,38,132.70648193359375,1127.3240966796875,190.96826171875,158.61668395996094,336.3822326660156,70.376,132.70648193359375,129.65538024902344,125.71337890625,125.5057601928711,129.65538024902344,132.3426971435547,153.364990234375,166.43099975585938,178.6289825439453,190.2165985107422,199.95433044433594,214.32562255859375,235.70870971679688,285.86273193359375,319.1750183105469,336.3599548339844,383.58575439453125
2014260N13135,FUNG-WONG,2014,2014-09-19 06:00:00,18.6,121.3,35,35,1.0,6.0,11,0,12,285,35,228.0190887451172,1447.3865966796875,307.8152160644531,262.2992858886719,310.3338928222656,64.82000000000001,228.0190887451172,218.05850219726562,205.74356079101562,74.05526733398438,218.05850219726562,252.98399353027344,256.1790466308594,258.8190612792969,257.4879455566406,255.14315795898438,251.72128295898438,254.1282196044922,261.346435546875,278.4332580566406,294.4217224121094,328.91082763671875,387.1533508300781
2014260N13135,FUNG-WONG,2014,2014-09-19 09:00:00,18.6,120.7,35,35,1.0,9.0,10,10,9,270,35,331.1343688964844,1828.209228515625,349.7978210449219,334.19244384765625,328.7313232421875,64.82000000000001,331.1343688964844,322.9808349609375,311.3641357421875,184.14013671875,322.9808349609375,328.2923278808594,326.3677673339844,330.8673400878906,330.4063415527344,325.6866455078125,325.4599609375,327.14862060546875,330.5332946777344,326.3320007324219,323.0894775390625,335.25323486328125,409.19122314453125
2014260N13135,FUNG-WONG,2014,2014-09-19 12:00:00,18.6,120.3,35,35,1.0,12.0,38,33,6,255,35,105.10780334472656,562.9931640625,139.40237426757812,167.499267578125,339.56964111328125,64.82000000000001,105.10780334472656,99.03417205810547,87.33526611328125,,99.03417205810547,117.56787872314453,185.2672119140625,217.05899047851562,245.53382873535156,266.1048278808594,304.09698486328125,341.9243469238281,365.8064270019531,357.8001403808594,333.96929931640625,353.1415710449219,403.6092224121094
2014334N02156,HAGUPIT,2014,2014-12-06 15:00:00,11.9,125.6,105,105,1.0,0.0,21,0,6,260,20,100.45606231689453,663.1258544921875,131.62188720703125,44.70573425292969,145.3306121826172,37.04,100.45606231689453,96.86636352539062,92.94979858398438,7.956399917602539,96.86636352539062,126.18231964111328,141.4407958984375,142.7068328857422,139.57798767089844,131.63241577148438,122.45497131347656,113.18911743164062,106.96896362304688,99.29106903076172,95.2506332397461,106.25930786132812,98.65204620361328
2014334N02156,HAGUPIT,2014,2014-12-06 18:00:00,11.9,125.3,100,105,0.9523809523809524,3.0,0,0,6,265,20,149.5181427001953,821.8784790039062,150.49713134765625,160.40354919433594,117.48724365234375,37.04,149.5181427001953,148.13626098632812,146.35643005371094,148.52880859375,148.13626098632812,129.63706970214844,119.02291870117188,115.53060913085938,113.48845672607422,108.80406951904297,103.61832427978516,102.02347564697266,101.45357513427734,104.7131576538086,105.15271759033203,97.9636459350586,92.18152618408203
2014334N02156,HAGUPIT,2014,2014-12-06 21:00:00,11.9,125.0,95,105,0.9047619047619048,6.0,0,0,7,270,19,137.74989318847656,822.665283203125,143.66903686523438,164.41513061523438,117.23280334472656,35.188,137.74989318847656,137.18112182617188,136.74514770507812,182.4123992919922,137.18112182617188,119.09769439697266,115.54756164550781,111.51508331298828,107.42642974853516,105.92892456054688,106.44428253173828,106.2953872680664,105.8509750366211,102.90752410888672,98.6721420288086,92.3465576171875,87.51347351074219
2014334N02156,HAGUPIT,2014,2014-12-07 00:00:00,11.9,124.7,90,105,0.8571428571428571,9.0,10,10,6,285,17,121.04907989501953,1329.291748046875,160.33932495117188,58.92300796508789,124.49649810791016,31.484,121.04907989501953,117.26304626464844,112.79010009765625,28.385231018066406,117.26304626464844,122.34439086914062,115.16509246826172,111.23189544677734,106.86080169677734,102.68917083740234,100.23389434814453,98.6401138305664,98.70269012451172,96.26253509521484,93.16633605957031,86.61898803710938,87.45484161376953
2014334N02156,HAGUPIT,2014,2014-12-07 03:00:00,12.0,124.4,88,105,0.8380952380952381,12.0,22,15,6,300,17,79.76892852783203,1322.208984375,134.47096252441406,54.637054443359375,82.1079330444336,31.484,79.76892852783203,75.7725830078125,70.62883758544922,36.873294830322266,75.7725830078125,77.48375701904297,76.68331146240234,75.45043182373047,75.97126007080078,79.58258056640625,82.2868881225586,84.07044219970703,85.55352020263672,88.06291198730469,85.91020965576172,82.3145523071289,94.88849639892578
2014334N02156,HAGUPIT,2014,2014-12-07 06:00:00,12.2,124.1,85,105,0.8095238095238095,15.0,15,15,6,305,17,56.939334869384766,668.282958984375,97.91621398925781,30.500526428222656,54.93380355834961,31.484,56.939334869384766,53.89012145996094,50.28416442871094,23.795644760131836,53.89012145996094,51.57362365722656,56.43357849121094,59.2070198059082,59.421504974365234,59.44498825073242,59.89927291870117,62.7758674621582,65.2974624633789,65.16777038574219,70.44903564453125,80.2799072265625,93.51470184326172
2014334N02156,HAGUPIT,2014,2014-12-07 09:00:00,12.4,123.9,80,105,0.7619047619047619,18.0,24,15,6,305,17,60.9764518737793,1528.9564208984375,107.39667510986328,40.007694244384766,56.77714920043945,31.484,60.9764518737793,57.908599853515625,54.5662727355957,19.829145431518555,57.908599853515625,54.51780319213867,54.16703796386719,56.18933868408203,54.242515563964844,53.826602935791016,54.122650146484375,56.06606674194336,59.84526824951172,62.58563995361328,67.61712646484375,75.89301300048828,85.96772003173828
2014334N02156,HAGUPIT,2014,2014-12-07 12:00:00,12.5,123.6,75,105,0.7142857142857143,21.0,15,15,6,305,17,49.63996124267578,809.9174194335938,80.13899993896484,63.68387985229492,51.73288345336914,31.484,49.63996124267578,47.009220123291016,44.35923767089844,58.36536407470703,47.009220123291016,48.39561080932617,52.041316986083984,55.02195739746094,54.47250747680664,56.015052795410156,58.89398956298828,60.706111907958984,61.564571380615234,65.70989990234375,67.51620483398438,74.11270141601562,88.50666046142578
2014334N02156,HAGUPIT,2014,2014-12-07 15:00:00,12.7,123.4,70,105,0.6666666666666666,24.0,22,15,6,305,19,51.478179931640625,686.2525024414062,75.67200469970703,35.019962310791016,70.03933715820312,35.188,51.478179931640625,48.224998474121094,44.650604248046875,22.07331657409668,48.224998474121094,54.58525848388672,65.6182861328125,73.43595886230469,72.14373016357422,71.19762420654297,70.71966552734375,72.69448852539062,72.7421875,73.98111724853516,76.55831909179688,74.7031478881836,82.06503295898438
2014334N02156,HAGUPIT,2014,2014-12-07 18:00:00,12.9,123.1,65,105,0.6190476190476191,27.0,24,24,7,305,20,45.650081634521484,499.5694274902344,71.13899230957031,31.18419075012207,68.70860290527344,37.04,45.650081634521484,41.77924346923828,37.61213302612305,26.96420669555664,41.77924346923828,45.42359161376953,53.01642990112305,67.22527313232422,82.82642364501953,90.0893325805664,90.04161834716797,88.6305923461914,86.694580078125,83.48664855957031,83.5163345336914,78.13983154296875,83.38630676269531
2014334N02156,HAGUPIT,2014,2014-12-07 21:00:00,13.1,122.8,63,105,0.6,30.0,15,0,7,305,20,47.94453430175781,432.6483459472656,77.40640258789062,46.864479064941406,56.812042236328125,37.04,47.94453430175781,43.989837646484375,39.432762145996094,19.31749725341797,43.989837646484375,52.17903137207031,55.01413345336914,53.60002899169922,58.20771789550781,67.91468811035156,79.88147735595703,91.3498306274414,98.33345794677734,96.2667007446289,90.14735412597656,77.47595977783203,115.58406829833984
2014334N02156,HAGUPIT,2014,2014-12-08 00:00:00,13.3,122.5,60,105,0.5714285714285714,33.0,10,10,7,300,20,59.8449821472168,526.1842041015625,81.6318130493164,71.15239715576172,72.48773193359375,37.04,59.8449821472168,55.851165771484375,51.461177825927734,79.00556945800781,55.851165771484375,69.75357055664062,71.6012954711914,68.3875732421875,67.68604278564453,70.5006332397461,73.33091735839844,76.11988830566406,79.95133209228516,84.10993194580078,83.1139144897461,102.00558471679688,130.91091918945312
2014334N02156,HAGUPIT,2014,2014-12-08 03:00:00,13.4,122.2,55,105,0.5238095238095238,36.0,24,24,7,295,23,86.63310241699219,1151.6011962890625,121.34874725341797,93.27336883544922,65.2603759765625,42.596000000000004,86.63310241699219,83.06730651855469,79.0347671508789,80.4235610961914,83.06730651855469,73.92437744140625,65.15626525878906,60.188594818115234,57.9747428894043,61.10915756225586,67.82320404052734,70.85874938964844,73.17164611816406,82.76631164550781,107.48641204833984,155.7406463623047,140.83377075195312
2014334N02156,HAGUPIT,2014,2014-12-08 06:00:00,13.6,121.9,50,105,0.4761904761904761,39.0,31,10,7,290,25,71.80133056640625,1153.62109375,121.1421127319336,75.67993927001953,96.96819305419922,46.300000000000004,71.80133056640625,68.2651596069336,64.7662582397461,81.67733001708984,68.2651596069336,68.71290588378906,84.4172592163086,87.05522155761719,88.75567626953125,91.39997100830078,92.7098159790039,93.38269805908203,99.71113586425781,131.6711883544922,171.16712951660156,165.32589721679688,150.20506286621094
2014334N02156,HAGUPIT,2014,2014-12-08 09:00:00,13.7,121.6,48,105,0.4571428571428571,42.0,10,0,7,290,25,144.2035369873047,2127.44384765625,217.22549438476562,136.4817352294922,157.88539123535156,46.300000000000004,144.2035369873047,138.8330078125,131.94126892089844,15.558401107788086,138.8330078125,132.21095275878906,113.5401840209961,105.81609344482422,111.00782012939453,125.61519622802734,142.73292541503906,158.8827667236328,168.86460876464844,180.65301513671875,185.33782958984375,173.9486846923828,151.90237426757812
2014334N02156,HAGUPIT,2014,2014-12-08 12:00:00,13.8,121.3,45,105,0.4285714285714285,45.0,0,0,5,285,25,141.9398651123047,2129.746826171875,200.4746856689453,147.00552368164062,184.76080322265625,46.300000000000004,141.9398651123047,137.8153533935547,133.52589416503906,133.6389923095703,137.8153533935547,139.8136444091797,158.64369201660156,165.41673278808594,173.05816650390625,174.9076690673828,177.5968017578125,180.9695587158203,184.34315490722656,186.6038818359375,193.87875366210938,178.5651397705078,161.61231994628906
2014334N02156,HAGUPIT,2014,2014-12-08 15:00:00,13.8,121.1,43,105,0.4095238095238095,48.0,0,0,3,275,25,145.5427703857422,2109.755126953125,185.45791625976562,136.0520477294922,190.19400024414062,46.300000000000004,145.5427703857422,140.35902404785156,134.58837890625,128.7614288330078,140.35902404785156,168.45089721679688,189.67112731933594,193.6915283203125,192.10736083984375,188.23167419433594,185.2906951904297,184.67637634277344,185.4169921875,194.96170043945312,197.9747314453125,184.0480499267578,166.2534637451172
2014334N02156,HAGUPIT,2014,2014-12-08 18:00:00,13.8,120.9,40,105,0.3809523809523809,51.0,0,0,3,270,25,171.6339569091797,1748.7518310546875,222.02191162109375,158.4110870361328,188.91690063476562,46.300000000000004,171.6339569091797,165.61410522460938,157.21324157714844,69.07942962646484,165.61410522460938,181.5377960205078,190.36294555664062,190.41368103027344,184.9867706298828,181.55422973632812,180.99656677246094,184.1471710205078,188.14730834960938,194.0268096923828,203.76315307617188,193.0009307861328,169.38270568847656
2014334N02156,HAGUPIT,2014,2014-12-08 21:00:00,13.8,120.7,40,105,0.3809523809523809,54.0,0,0,4,265,25,166.3837127685547,1751.865966796875,247.99795532226562,140.3555908203125,187.40138244628906,46.300000000000004,166.3837127685547,157.58181762695312,147.6997528076172,31.234758377075195,157.58181762695312,176.83277893066406,186.44342041015625,182.7191925048828,179.21473693847656,181.02980041503906,180.71173095703125,180.5098876953125,181.51502990722656,186.76168823242188,199.9009246826172,201.5234832763672,176.0676727294922
2014334N02156,HAGUPIT,2014,2014-12-09 00:00:00,13.7,120.5,40,105,0.3809523809523809,57.0,15,15,7,255,25,135.84051513671875,1747.1861572265625,240.055419921875,130.31959533691406,210.1405029296875,46.300000000000004,135.84051513671875,125.61741638183594,114.15349578857422,45.7900276184082,125.61741638183594,162.54615783691406,187.92845153808594,200.3285675048828,203.02537536621094,203.38841247558594,202.6187286376953,199.74569702148438,194.81451416015625,191.60435485839844,204.8124542236328,201.79074096679688,180.07943725585938
2014334N02156,HAGUPIT,2014,2014-12-09 03:00:00,13.6,120.1,40,105,0.3809523809523809,60.0,31,31,9,255,30,93.90666961669922,1490.7557373046875,199.9095458984375,115.63024139404297,216.0519561767578,55.56,93.90666961669922,83.5617446899414,73.82159423828125,45.3026123046875,83.5617446899414,124.2165298461914,117.71900177001953,116.17523956298828,125.28115844726562,139.14578247070312,162.43597412109375,180.7279052734375,191.3821563720703,204.0876007080078,204.83543395996094,203.48651123046875,188.30874633789062
2014362N07130,JANGMI,2014,2014-12-28 21:00:00,8.7,126.3,38,38,1.0,0.0,10,0,7,305,38,136.25205993652344,1256.4102783203125,186.54518127441406,156.15768432617188,279.8765869140625,70.376,136.25205993652344,133.11862182617188,129.85443115234375,102.57210540771484,133.11862182617188,149.80343627929688,153.85157775878906,154.02023315429688,158.4716339111328,159.2167205810547,162.14097595214844,172.21388244628906,182.2295684814453,201.31971740722656,228.58425903320312,298.9268493652344,350.7067565917969
2014362N07130,JANGMI,2014,2014-12-29 00:00:00,8.9,126.0,40,38,1.0526315789473684,3.0,0,0,8,305,35,241.54098510742188,1879.4603271484375,285.8442687988281,217.29542541503906,282.10833740234375,64.82000000000001,241.54098510742188,238.48626708984375,235.397216796875,340.49578857421875,238.48626708984375,220.74830627441406,207.849365234375,202.95753479003906,198.37127685546875,193.53526306152344,191.94126892089844,195.61627197265625,204.6947021484375,228.58790588378906,271.4222106933594,294.1466369628906,352.4530944824219
2014362N07130,JANGMI,2014,2014-12-29 03:00:00,9.1,125.6,40,38,1.0526315789473684,6.0,0,0,9,305,35,314.97198486328125,1880.121337890625,325.4959411621094,256.4235534667969,285.52362060546875,64.82000000000001,314.97198486328125,312.7702331542969,309.34979248046875,410.9477844238281,312.7702331542969,268.46820068359375,242.72860717773438,244.6302947998047,257.9166564941406,266.46429443359375,270.39666748046875,272.1084289550781,276.7329406738281,276.3553161621094,275.3179931640625,292.9965515136719,327.8780212402344
2014362N07130,JANGMI,2014,2014-12-29 06:00:00,9.4,125.3,40,38,1.0526315789473684,9.0,21,21,8,300,35,219.45408630371094,1738.4036865234375,313.8066711425781,226.69488525390625,253.6245574951172,64.82000000000001,219.45408630371094,212.3403778076172,204.77125549316406,87.30221557617188,212.3403778076172,224.6890411376953,220.2471923828125,226.62384033203125,234.35581970214844,239.81927490234375,244.16879272460938,247.30992126464844,246.73007202148438,240.679931640625,244.41746520996094,258.15032958984375,277.8556823730469
2014362N07130,JANGMI,2014,2014-12-29 09:00:00,9.6,124.9,43,38,1.131578947368421,12.0,34,0,8,300,33,57.58586120605469,1326.24951171875,143.87139892578125,110.44464874267578,210.18594360351562,61.116,57.58586120605469,47.51447677612305,38.94762420654297,,47.51447677612305,94.15218353271484,105.11759185791016,106.80686950683594,112.28679656982422,124.83147430419922,136.8449249267578,154.20005798339844,170.070556640625,194.98690795898438,201.586181640625,212.77926635742188,253.5098419189453
2014362N07130,JANGMI,2014,2014-12-29 12:00:00,9.7,124.6,45,38,1.1842105263157894,15.0,0,0,8,290,30,137.52450561523438,862.4246826171875,174.63546752929688,129.77587890625,125.97955322265625,55.56,137.52450561523438,133.44325256347656,126.84368133544922,75.69310760498047,133.44325256347656,127.92534637451172,119.93087768554688,110.84674072265625,106.42772674560547,99.97748565673828,98.56722259521484,105.07923889160156,113.75822448730469,118.66728210449219,148.14198303222656,189.0551300048828,252.668701171875
2014362N07130,JANGMI,2014,2014-12-29 15:00:00,9.9,124.2,40,38,1.0526315789473684,18.0,0,0,8,285,30,99.58354187011719,862.1647338867188,140.12767028808594,92.27709197998047,126.71672058105469,55.56,99.58354187011719,96.94256591796875,93.08244323730469,195.61447143554688,96.94256591796875,85.6285629272461,91.32376861572266,101.4418716430664,108.41659545898438,114.45857238769531,117.791748046875,119.23660278320312,120.88107299804688,120.34553527832031,139.0953826904297,175.98565673828125,192.5235595703125
2014362N07130,JANGMI,2014,2014-12-29 18:00:00,10.0,123.8,35,38,0.9210526315789472,21.0,15,0,8,280,30,131.28309631347656,1026.660400390625,172.0904998779297,137.97518920898438,189.1543426513672,55.56,131.28309631347656,126.30990600585938,120.65318298339844,51.13684844970703,126.30990600585938,131.9208984375,140.68753051757812,146.23712158203125,152.6025848388672,161.31015014648438,170.6693572998047,176.9852294921875,180.7260284423828,182.00291442871094,172.41481018066406,158.8738555908203,158.12803649902344
2014362N07130,JANGMI,2014,2014-12-29 21:00:00,10.0,123.4,33,38,0.868421052631579,24.0,0,0,8,275,30,256.26422119140625,1437.031494140625,263.7410583496094,255.26300048828125,194.0666046142578,55.56,256.26422119140625,244.9571075439453,231.31114196777344,175.31338500976562,244.9571075439453,237.5074920654297,214.8972625732422,212.95314025878906,212.51510620117188,211.7720489501953,213.73089599609375,211.4659423828125,205.83984375,189.60911560058594,169.61106872558594,148.55874633789062,166.2717742919922
2014362N07130,JANGMI,2014,2014-12-30 00:00:00,10.0,123.0,30,38,0.7894736842105263,27.0,0,0,7,265,30,241.94686889648438,2416.873291015625,259.054931640625,260.23480224609375,194.18910217285156,55.56,241.94686889648438,235.42611694335938,226.7491912841797,339.9683532714844,235.42611694335938,255.89024353027344,233.41317749023438,228.37025451660156,226.5260009765625,226.66018676757812,225.67160034179688,220.2784881591797,211.44728088378906,189.8075714111328,173.51670837402344,172.61517333984375,160.80599975585938
2014362N07130,JANGMI,2014,2014-12-30 03:00:00,9.9,122.6,30,38,0.7894736842105263,30.0,0,0,6,250,30,206.35687255859375,1421.331298828125,189.1668701171875,221.4004669189453,219.04039001464844,55.56,206.35687255859375,200.91127014160156,193.393310546875,178.2080535888672,200.91127014160156,223.04103088378906,202.3645477294922,195.90585327148438,196.12606811523438,200.76934814453125,205.24957275390625,212.99502563476562,215.87124633789062,212.4523468017578,208.34535217285156,189.7621307373047,167.0779266357422
2014362N07130,JANGMI,2014,2014-12-30 06:00:00,9.8,122.4,30,38,0.7894736842105263,33.0,0,0,4,245,30,178.76260375976562,678.2815551757812,140.83355712890625,172.42501831054688,212.0762176513672,55.56,178.76260375976562,174.81744384765625,167.38624572753906,146.7615966796875,174.81744384765625,170.4005126953125,191.59329223632812,204.15997314453125,208.20506286621094,202.01760864257812,193.75469970703125,191.85659790039062,194.33448791503906,204.53787231445312,207.12185668945312,204.9034881591797,172.99156188964844
2014362N07130,JANGMI,2014,2014-12-30 09:00:00,9.8,122.2,28,38,0.7368421052631579,36.0,21,21,3,235,30,166.28822326660156,587.2664184570312,154.5369415283203,181.4163818359375,182.19883728027344,55.56,166.28822326660156,159.40028381347656,149.68946838378906,16.276729583740234,159.40028381347656,180.7500762939453,172.83062744140625,158.8907012939453,152.39291381835938,153.41661071777344,161.61178588867188,173.92483520507812,180.3904571533203,176.32049560546875,197.01681518554688,212.52041625976562,174.451171875
2014362N07130,JANGMI,2014,2014-12-30 12:00:00,9.7,122.1,25,38,0.6578947368421053,39.0,34,34,3,220,30,105.70320892333984,528.0504760742188,132.4350128173828,145.59925842285156,188.58370971679688,55.56,105.70320892333984,98.58829498291016,88.38494873046875,,98.58829498291016,156.86325073242188,180.6143341064453,181.76316833496094,175.21990966796875,160.3040313720703,151.2019500732422,150.66961669921875,154.39793395996094,179.88766479492188,187.68807983398438,204.39315795898438,183.30560302734375
2015012N09146,MEKKHALA,2015,2015-01-17 09:00:00,12.2,125.5,60,60,1.0,0.0,0,0,8,300,20,93.56962585449219,823.1694946289062,127.93983459472656,41.721317291259766,126.82347106933594,37.04,93.56962585449219,90.44985961914062,86.81720733642578,18.372751235961914,90.44985961914062,111.80899810791016,125.11217498779297,124.26438903808594,122.01473236083984,118.99028778076172,115.8974609375,112.81428527832031,109.7385482788086,106.33718872070312,101.76840209960938,98.01529693603516,94.64947509765625
2015012N09146,MEKKHALA,2015,2015-01-17 12:00:00,12.4,125.1,55,60,0.9166666666666666,3.0,0,0,8,295,20,109.7626724243164,822.8173217773438,130.1045379638672,94.54287719726562,102.35338592529297,37.04,109.7626724243164,107.75535583496094,104.96900939941406,72.3306884765625,107.75535583496094,103.88127899169922,99.15619659423828,100.72019958496094,101.47747039794922,100.19239807128906,99.26202392578125,99.0118408203125,98.51094055175781,95.84613800048828,97.67643737792969,90.87079620361328,90.4615707397461
2015012N09146,MEKKHALA,2015,2015-01-17 15:00:00,12.5,124.7,53,60,0.8833333333333333,6.0,10,0,9,295,20,83.43917083740234,819.843017578125,104.04776763916016,77.48917388916016,92.66930389404297,37.04,83.43917083740234,81.48343658447266,79.567626953125,56.88214874267578,81.48343658447266,87.76720428466797,87.227783203125,89.59516906738281,91.1889877319336,89.35772705078125,85.72444152832031,81.78617095947266,82.84252166748047,85.28829193115234,83.23696899414062,87.78324890136719,89.45816802978516
2015012N09146,MEKKHALA,2015,2015-01-17 18:00:00,12.7,124.3,50,60,0.8333333333333334,9.0,21,0,9,305,20,65.53519439697266,1529.9007568359375,118.51519012451172,65.57600402832031,71.65779113769531,37.04,65.53519439697266,62.197608947753906,57.848018646240234,31.21719741821289,62.197608947753906,72.95230865478516,71.13741302490234,67.1766128540039,63.336856842041016,62.74482345581055,64.66825103759766,67.86602783203125,70.08870697021484,76.1649398803711,84.32191467285156,86.21515655517578,87.49214935302734
2015012N09146,MEKKHALA,2015,2015-01-17 21:00:00,13.1,123.9,45,60,0.75,12.0,10,0,10,315,20,107.94528198242188,2428.659423828125,193.17393493652344,91.08779907226562,97.63121032714844,37.04,107.94528198242188,103.62356567382812,98.18478393554688,85.43949890136719,103.62356567382812,100.04595947265625,93.81140899658203,92.42498779296875,91.86214447021484,93.80110168457031,95.5023193359375,95.24569702148438,93.04439544677734,86.96827697753906,81.36967468261719,75.61650848388672,81.46614837646484
2015012N09146,MEKKHALA,2015,2015-01-18 00:00:00,13.5,123.6,40,60,0.6666666666666666,15.0,0,0,10,310,20,136.0355682373047,2425.95947265625,210.8965301513672,189.33563232421875,109.07868957519531,37.04,136.0355682373047,134.10247802734375,131.39508056640625,173.230224609375,134.10247802734375,112.0791244506836,106.01532745361328,104.15874481201172,102.34467315673828,100.2443618774414,96.45269012451172,94.33734130859375,93.4721908569336,95.23849487304688,90.24962615966797,83.48150634765625,75.49688720703125
2015012N09146,MEKKHALA,2015,2015-01-18 03:00:00,13.7,123.2,38,60,0.6333333333333333,18.0,0,0,9,305,20,104.80574035644531,1949.7423095703125,172.9264373779297,111.01837921142578,113.56763458251953,37.04,104.80574035644531,102.19982147216797,98.49034881591797,106.10600280761719,102.19982147216797,116.57445526123047,110.09880828857422,109.3082046508789,105.38231658935547,100.20475769042969,96.3150863647461,93.13860321044922,90.41187286376953,90.49360656738281,86.61882781982422,83.63001251220703,83.9749984741211
2015012N09146,MEKKHALA,2015,2015-01-18 06:00:00,14.0,122.9,35,60,0.5833333333333334,21.0,0,0,8,325,20,90.54722595214844,1479.1973876953125,142.64649963378906,119.77875518798828,89.36558532714844,37.04,90.54722595214844,87.81468200683594,84.96659088134766,164.90135192871094,87.81468200683594,80.47208404541016,86.62267303466797,86.46583557128906,85.26826477050781,84.33949279785156,83.79913330078125,81.66596984863281,80.78241729736328,79.69367218017578,82.44400787353516,87.19214630126953,105.5455093383789
2015012N09146,MEKKHALA,2015,2015-01-18 09:00:00,14.4,122.7,33,60,0.55,24.0,22,22,9,345,20,91.11808013916016,1495.4686279296875,149.795166015625,51.51851272583008,77.49178314208984,37.04,91.11808013916016,86.639892578125,80.59103393554688,31.093477249145508,86.639892578125,83.1690444946289,78.59420776367188,73.2420425415039,68.67440795898438,65.96155548095703,63.899227142333984,61.47190475463867,59.91557312011719,64.21585845947266,76.61048889160156,108.66386413574219,127.74520874023438
2015012N09146,MEKKHALA,2015,2015-01-18 12:00:00,14.8,122.6,30,60,0.5,27.0,67,67,10,355,20,2.2161104679107666,227.96994018554688,8.013752937316895,1.2842994928359985,31.92711067199707,37.04,2.2161104679107666,1.8698029518127441,1.579086184501648,1.214830994606018,1.8698029518127441,6.92230749130249,22.5622501373291,30.498777389526367,35.90018081665039,41.31684875488281,49.570167541503906,54.12112808227539,56.18751907348633,57.31490707397461,91.74797821044922,134.2122039794922,172.00262451171875
2015183N13130,LINFA,2015,2015-07-04 18:00:00,17.2,122.5,50,50,1.0,0.0,10,0,6,305,30,347.9239807128906,1790.5804443359375,324.18292236328125,361.01513671875,275.1878967285156,55.56,347.9239807128906,340.2367858886719,327.2658996582031,125.5393295288086,340.2367858886719,360.4280700683594,354.6445007324219,348.3785095214844,340.1822204589844,329.0237731933594,318.107421875,305.2369384765625,292.7102355957031,273.8056640625,266.10400390625,317.021240234375,491.2248840332031
2015183N13130,LINFA,2015,2015-07-04 21:00:00,17.4,122.3,50,50,1.0,3.0,10,0,7,300,30,411.126708984375,1803.227783203125,380.7348327636719,375.82037353515625,255.9471893310547,55.56,411.126708984375,404.6553039550781,395.9983215332031,337.6416015625,404.6553039550781,345.348388671875,299.9723205566406,285.05792236328125,270.8988342285156,261.36614990234375,256.8796081542969,253.15631103515625,249.53880310058594,251.90371704101562,289.0752258300781,381.4425048828125,474.9841613769531
2015183N13130,LINFA,2015,2015-07-05 00:00:00,17.6,121.9,50,50,1.0,6.0,0,0,12,290,30,262.122314453125,1807.3560791015625,337.7934265136719,247.87611389160156,375.93560791015625,55.56,262.122314453125,261.0190124511719,259.3394470214844,419.4613342285156,261.0190124511719,243.79397583007812,246.52781677246094,253.19308471679688,263.8769836425781,279.0307922363281,295.4494934082031,313.1799621582031,332.2546691894531,368.2806396484375,410.40509033203125,435.39111328125,461.2427673339844
2015183N13130,LINFA,2015,2015-07-05 03:00:00,17.8,121.1,48,50,0.96,9.0,0,0,14,285,33,607.7056274414062,2413.021484375,454.0869140625,540.21728515625,447.0475158691406,61.116,607.7056274414062,609.7481079101562,611.4700927734375,763.7039794921875,609.7481079101562,546.4273071289062,496.62799072265625,473.82623291015625,455.34600830078125,439.3955383300781,431.0168762207031,427.2025146484375,430.1484680175781,442.0166931152344,444.02593994140625,436.88714599609375,455.828857421875
2015183N13130,LINFA,2015,2015-07-05 06:00:00,17.9,120.4,45,50,0.9,12.0,10,10,11,275,35,202.7163543701172,1928.13818359375,276.8054504394531,316.10540771484375,522.28173828125,64.82000000000001,202.7163543701172,197.9860382080078,193.54281616210938,114.21013641357422,197.9860382080078,270.90704345703125,352.0046081542969,382.25,411.0362854003906,443.40899658203125,481.22003173828125,505.21771240234375,520.5233764648438,518.8604125976562,516.3551635742188,505.430419921875,451.75604248046875
2015183N13130,LINFA,2015,2015-07-05 09:00:00,17.9,120.0,48,50,0.96,15.0,46,46,6,270,35,3.672689199447632,63.51477813720703,9.014707565307617,105.32369232177734,512.0386352539062,64.82000000000001,3.672689199447632,3.1526882648468018,2.5218265056610107,,3.1526882648468018,51.07920837402344,132.2196044921875,137.2550506591797,138.9459686279297,150.78903198242188,175.6220245361328,210.92919921875,253.04824829101562,350.9969787597656,472.2340393066406,557.1394653320312,490.24407958984375
2015285N14151,KOPPU,2015,2015-10-17 18:00:00,16.0,122.1,120,120,1.0,0.0,10,0,8,270,12,371.351806640625,1798.9388427734375,395.6697082519531,29.091594696044922,371.351806640625,25.0,371.351806640625,357.0549011230469,340.15972900390625,26.156190872192383,357.0549011230469,388.4485168457031,398.95892333984375,404.85711669921875,411.74420166015625,419.4325866699219,432.22198486328125,443.62103271484375,447.4823303222656,417.25994873046875,374.8571472167969,388.4495544433594,400.913818359375
2015285N14151,KOPPU,2015,2015-10-17 21:00:00,16.0,121.7,113,120,0.9416666666666668,3.0,10,0,7,265,9,510.165771484375,1913.1572265625,399.91119384765625,462.9732360839844,510.165771484375,25.0,510.165771484375,501.1717224121094,487.7120361328125,447.21697998046875,501.1717224121094,516.5696411132812,499.98223876953125,481.2539367675781,464.5876770019531,452.35394287109375,444.68011474609375,437.0436706542969,432.5281982421875,428.48681640625,431.145263671875,423.5234069824219,387.1254577636719
2015285N14151,KOPPU,2015,2015-10-18 00:00:00,16.0,121.4,105,120,0.875,6.0,0,0,5,280,5,581.083740234375,1913.1622314453125,374.4701843261719,751.171142578125,581.083740234375,25.0,581.083740234375,577.1788330078125,572.9486694335938,754.446044921875,577.1788330078125,533.4235229492188,494.4046325683594,483.578125,472.7572937011719,463.9449768066406,458.5959167480469,456.7558288574219,455.9196472167969,452.23162841796875,441.9429626464844,426.0623474121094,373.4067077636719
2015285N14151,KOPPU,2015,2015-10-18 03:00:00,16.1,121.2,98,120,0.8166666666666667,9.0,0,0,5,295,13,627.7970581054688,2136.734130859375,385.68890380859375,807.8250732421875,627.7970581054688,25.0,627.7970581054688,629.2630615234375,631.521240234375,810.7116088867188,629.2630615234375,572.8972778320312,545.6395263671875,539.585205078125,531.1618041992188,519.520751953125,509.1105651855469,499.2928771972656,489.8858947753906,473.61102294921875,456.5370788574219,428.8374938964844,378.4456481933594
2015285N14151,KOPPU,2015,2015-10-18 06:00:00,16.2,121.0,90,120,0.75,12.0,0,0,5,305,20,729.2992553710938,2894.818603515625,470.89581298828125,771.0467529296875,596.5933837890625,37.04,729.2992553710938,729.6116943359375,729.8566284179688,793.5680541992188,729.6116943359375,684.3889770507812,620.9764404296875,591.5748291015625,567.1898193359375,547.7681274414062,531.4089965820312,517.80322265625,506.95404052734375,490.4916687011719,467.1969909667969,430.2620849609375,386.9028625488281
2015285N14151,KOPPU,2015,2015-10-18 09:00:00,16.3,120.8,83,120,0.6916666666666667,15.0,0,0,5,310,23,744.9243774414062,2894.4853515625,568.9215087890625,796.8677978515625,578.3545532226562,42.596000000000004,744.9243774414062,745.0452270507812,745.7219848632812,963.9276123046875,745.0452270507812,692.2218017578125,644.348876953125,620.0596313476562,594.8968505859375,576.1260375976562,558.1785888671875,539.8972778320312,525.9449462890625,503.0691223144531,477.98089599609375,438.5580749511719,397.1395263671875
2015285N14151,KOPPU,2015,2015-10-18 12:00:00,16.5,120.6,75,120,0.625,18.0,0,0,5,315,25,817.1968383789062,2895.341796875,643.9113159179688,833.8153076171875,605.1212768554688,46.300000000000004,817.1968383789062,809.2372436523438,800.7824096679688,898.3021240234375,809.2372436523438,761.0808715820312,689.0682983398438,658.382568359375,637.460693359375,623.197509765625,608.27294921875,594.677734375,582.8016357421875,554.1451416015625,508.92108154296875,464.515869140625,408.2726745605469
2015285N14151,KOPPU,2015,2015-10-18 15:00:00,16.7,120.4,70,120,0.5833333333333334,21.0,0,0,6,320,25,690.2753295898438,2696.007568359375,619.0032348632812,667.1668090820312,648.1056518554688,46.300000000000004,690.2753295898438,677.8729858398438,667.0684814453125,301.83203125,677.8729858398438,754.5624389648438,747.9149780273438,725.4087524414062,698.5442504882812,671.3413696289062,650.82958984375,633.2659912109375,618.9254760742188,592.7296752929688,554.6785278320312,500.0379943847656,420.5666198730469
2015285N14151,KOPPU,2015,2015-10-18 18:00:00,17.0,120.2,65,120,0.5416666666666666,24.0,30,24,6,330,25,260.81878662109375,2009.93359375,339.20281982421875,193.18667602539062,677.8043212890625,46.300000000000004,260.81878662109375,249.95675659179688,236.0376739501953,0.7352288961410522,249.95675659179688,375.15814208984375,481.90032958984375,546.3902587890625,596.28125,631.1616821289062,654.159912109375,676.3635864257812,688.618408203125,680.6428833007812,630.4103393554688,545.11572265625,430.31463623046875
2015285N14151,KOPPU,2015,2015-10-18 21:00:00,17.2,120.1,60,120,0.5,27.0,31,30,5,340,25,57.850502014160156,852.6956176757812,103.72142791748047,27.595352172851562,523.8673706054688,46.300000000000004,57.850502014160156,52.97966384887695,46.91022872924805,,52.97966384887695,162.9054412841797,248.20921325683594,300.90118408203125,358.9337158203125,418.3019104003906,484.7961730957031,540.2603149414062,597.7618408203125,658.83984375,691.201416015625,585.7799682617188,438.6998596191406
2015285N14151,KOPPU,2015,2015-10-19 00:00:00,17.4,120.1,55,120,0.4583333333333333,30.0,30,21,5,355,25,56.353851318359375,732.675048828125,99.71121978759766,34.30157470703125,425.96343994140625,46.300000000000004,56.353851318359375,52.91691970825195,48.2777214050293,0.0,52.91691970825195,125.31096649169922,192.6722412109375,228.19293212890625,271.190185546875,319.9548645019531,382.0618591308594,446.91485595703125,509.5962829589844,617.1265258789062,687.6231079101562,623.935302734375,442.9256896972656
2015285N14151,KOPPU,2015,2015-10-19 03:00:00,17.7,120.1,53,120,0.4416666666666666,33.0,23,23,4,5,25,95.78314208984375,1078.2432861328125,174.3678436279297,67.65303039550781,307.6719665527344,46.300000000000004,95.78314208984375,90.52921295166016,85.13113403320312,0.0,90.52921295166016,130.98968505859375,158.3217315673828,172.96307373046875,194.06613159179688,229.3250732421875,273.7694396972656,326.7195129394531,389.1617736816406,500.9562683105469,589.6529541015625,609.4329833984375,452.9753723144531
2015285N14151,KOPPU,2015,2015-10-19 06:00:00,17.9,120.1,50,120,0.4166666666666667,36.0,38,38,4,10,25,56.05540466308594,955.759521484375,116.81419372558594,21.599748611450195,287.5031433105469,46.300000000000004,56.05540466308594,51.1363525390625,47.15267562866211,,51.1363525390625,135.93704223632812,144.6794891357422,153.97116088867188,177.2145538330078,214.21934509277344,256.8287658691406,303.70025634765625,349.1169738769531,424.7089538574219,524.5595703125,558.1663208007812,473.45794677734375
2015344N07145,MELOR,2015,2015-12-14 06:00:00,12.6,124.6,120,120,1.0,0.0,11,0,12,280,10,77.60319519042969,664.6354370117188,100.56134796142578,28.215343475341797,77.60319519042969,25.0,77.60319519042969,74.77930450439453,71.38636779785156,26.323347091674805,74.77930450439453,69.89668273925781,80.27023315429688,80.72074890136719,80.50074005126953,81.806396484375,83.24436950683594,83.68655395507812,81.87178039550781,78.41436767578125,81.25469970703125,88.04515838623047,87.94747924804688
2015344N07145,MELOR,2015,2015-12-14 09:00:00,12.7,124.0,113,120,0.9416666666666668,3.0,0,0,11,280,10,61.71274185180664,1530.025146484375,128.0023651123047,88.67024230957031,61.71274185180664,25.0,61.71274185180664,58.26780319213867,54.44290542602539,85.90140533447266,58.26780319213867,55.1885986328125,68.10370635986328,72.85395812988281,72.31079864501953,71.48075103759766,71.49678802490234,70.8614730834961,68.60782623291016,69.33501434326172,74.03813934326172,83.18507385253906,83.79761505126953
2015344N07145,MELOR,2015,2015-12-14 12:00:00,12.8,123.5,105,120,0.875,6.0,15,15,10,280,10,63.49019241333008,808.897216796875,91.25189208984375,22.176359176635742,63.49019241333008,25.0,63.49019241333008,59.69916534423828,55.52028274536133,19.229249954223633,59.69916534423828,79.66401672363281,81.85489654541016,79.24434661865234,76.23493194580078,73.7871322631836,71.27035522460938,70.9224853515625,71.56181335449219,75.32261657714844,79.8070068359375,77.8838119506836,78.38976287841797
2015344N07145,MELOR,2015,2015-12-14 15:00:00,12.9,123.0,108,120,0.9,9.0,34,33,9,275,10,32.17939758300781,497.28173828125,66.00463104248047,29.836633682250977,32.17939758300781,25.0,32.17939758300781,28.54956817626953,25.02432632446289,27.55537223815918,28.54956817626953,42.9676513671875,55.400848388671875,67.356201171875,75.50170135498047,80.31989288330078,85.31974029541016,87.11444854736328,84.94961547851562,81.76952362060547,88.2258071899414,77.17534637451172,94.31804656982422
2016211N11128,NIDA,2016,2016-07-31 03:00:00,17.7,122.7,58,58,1.0,0.0,54,0,12,310,25,0.0,0.0,0.0,,381.8657531738281,46.300000000000004,0.0,-1.3105950813496747e-07,-0.00010443684732308611,,-1.3105950813496747e-07,22.77337074279785,250.2430419921875,334.8260803222656,384.2005615234375,403.0850830078125,388.2507629394531,359.7727355957031,327.6275634765625,279.48968505859375,242.3221893310547,228.7942352294922,386.9444885253906
2016211N11128,NIDA,2016,2016-07-31 06:00:00,18.1,122.2,60,58,1.0344827586206895,3.0,0,0,12,305,25,237.2130126953125,1777.8282470703125,286.6246032714844,238.41905212402344,208.1294403076172,46.300000000000004,237.2130126953125,231.14202880859375,224.00054931640625,327.226318359375,231.14202880859375,222.36080932617188,216.68927001953125,211.14501953125,210.388916015625,208.9893798828125,205.9676513671875,203.88150024414062,208.02767944335938,217.28494262695312,251.64413452148438,337.3275451660156,385.32342529296875
2016211N11128,NIDA,2016,2016-07-31 09:00:00,18.4,121.7,60,58,1.0344827586206895,6.0,10,0,11,300,25,86.60932159423828,1124.260009765625,141.6963653564453,65.30489349365234,261.1270751953125,46.300000000000004,86.60932159423828,83.35459899902344,79.75294494628906,7.427223205566406,83.35459899902344,136.88360595703125,167.72494506835938,179.49111938476562,197.1461639404297,218.96572875976562,243.54933166503906,261.6386413574219,276.01617431640625,298.4965515136719,314.6904602050781,341.9816589355469,383.85302734375
2016211N11128,NIDA,2016,2016-07-31 12:00:00,18.7,121.2,60,58,1.0344827586206895,9.0,22,22,11,305,25,226.07223510742188,1449.3775634765625,306.84912109375,203.1213836669922,264.5765075683594,46.300000000000004,226.07223510742188,213.76321411132812,197.96530151367188,47.01421356201172,213.76321411132812,252.37464904785156,265.3602294921875,255.92152404785156,249.78253173828125,250.23548889160156,252.9818115234375,256.94287109375,257.2434387207031,262.6278076171875,283.3055114746094,313.9081726074219,382.061279296875
2016211N11128,NIDA,2016,2016-07-31 15:00:00,19.0,120.7,60,58,1.0344827586206895,12.0,45,45,12,305,25,32.97085189819336,646.8244018554688,80.26712036132812,16.533294677734375,260.01348876953125,46.300000000000004,32.97085189819336,26.268531799316406,20.121065139770508,,26.268531799316406,98.37216186523438,159.3425750732422,190.24806213378906,210.17433166503906,228.53460693359375,243.2511444091797,248.4539794921875,252.79225158691406,260.10760498046875,276.50201416015625,288.286865234375,329.9205322265625
2016287N12131,SARIKA,2016,2016-10-15 18:00:00,15.7,121.8,115,115,1.0,0.0,21,0,16,290,10,380.2402648925781,1862.094482421875,417.2589416503906,83.24137878417969,380.2402648925781,25.0,380.2402648925781,361.3437805175781,340.0186462402344,72.16124725341797,361.3437805175781,432.9560852050781,454.1683654785156,451.9705505371094,440.2577209472656,428.810791015625,416.657958984375,406.5439758300781,398.043212890625,376.4907531738281,350.38232421875,343.401123046875,350.6526184082031
2016287N12131,SARIKA,2016,2016-10-15 21:00:00,16.0,120.8,95,115,0.8260869565217391,3.0,0,0,19,285,10,399.61114501953125,2220.44091796875,453.2671203613281,337.5126037597656,399.61114501953125,25.0,399.61114501953125,398.95941162109375,397.8625793457031,337.45135498046875,398.95941162109375,417.7913513183594,437.8061218261719,450.0304870605469,461.7681884765625,467.34832763671875,465.7294616699219,460.3338317871094,450.197998046875,431.9258728027344,424.6247863769531,417.44012451171875,378.609130859375
2016287N12131,SARIKA,2016,2016-10-16 00:00:00,16.2,119.9,75,115,0.6521739130434783,6.0,0,0,18,280,10,63.88329315185547,768.6167602539062,108.63249206542969,37.0513801574707,63.88329315185547,25.0,63.88329315185547,61.338539123535156,58.20692443847656,35.479190826416016,61.338539123535156,76.71404266357422,108.75704956054688,145.87838745117188,179.82077026367188,212.30612182617188,235.179443359375,256.2668151855469,279.5425109863281,336.7635192871094,395.95428466796875,429.2579345703125,427.96697998046875
2016287N12131,SARIKA,2016,2016-10-16 03:00:00,16.4,119.0,78,115,0.6782608695652174,9.0,86,86,15,280,10,,,,,,25.0,,,,,,,,,0.0,8.208090782165527,44.31989669799805,46.9485969543457,38.36659240722656,26.76372718811035,40.2256965637207,99.34877014160156,337.8310546875
2016288N06146,HAIMA,2016,2016-10-19 15:00:00,17.5,122.4,113,113,1.0,0.0,22,0,16,290,18,481.6620178222656,1803.3853759765625,416.615234375,225.9806671142578,366.76495361328125,33.336,481.6620178222656,469.400390625,453.0793762207031,40.1959342956543,469.400390625,409.7802429199219,339.8651123046875,313.5744934082031,295.11199951171875,283.5880432128906,273.2760009765625,261.06683349609375,250.11947631835938,235.4267120361328,248.38681030273438,338.0057373046875,464.0379943847656
2016288N06146,HAIMA,2016,2016-10-19 18:00:00,17.8,121.6,105,113,0.9292035398230089,3.0,0,0,15,290,20,229.10903930664062,1883.6688232421875,285.1437683105469,131.66281127929688,353.50677490234375,37.04,229.10903930664062,227.14312744140625,225.21441650390625,75.68074798583984,227.14312744140625,294.2330017089844,329.9039306640625,355.27886962890625,379.4648742675781,395.6033020019531,406.5193176269531,411.35321044921875,414.73577880859375,413.57061767578125,397.8918762207031,408.9898986816406,453.60223388671875
2016288N06146,HAIMA,2016,2016-10-19 21:00:00,18.1,120.9,100,113,0.8849557522123894,6.0,0,0,14,295,20,483.85137939453125,2328.927978515625,379.6551818847656,553.2174072265625,402.7787780761719,37.04,483.85137939453125,483.2041931152344,480.66998291015625,660.9761962890625,483.2041931152344,432.1872863769531,406.9565124511719,397.75311279296875,394.74151611328125,392.634765625,390.53594970703125,389.0931091308594,390.5406799316406,391.1744689941406,406.2065734863281,424.15228271484375,437.0032958984375
2016288N06146,HAIMA,2016,2016-10-20 00:00:00,18.4,120.2,95,113,0.8407079646017699,9.0,42,42,14,295,20,56.97634506225586,563.0181274414062,109.45310974121094,0.0,166.18934631347656,37.04,56.97634506225586,51.643367767333984,44.90536880493164,,51.643367767333984,80.36270904541016,124.94132995605469,168.2978973388672,225.6179656982422,288.2411804199219,336.4441833496094,359.6573791503906,366.3984375,364.56976318359375,366.94970703125,404.5138244628906,445.41107177734375
2016355N07146,NOCK-TEN,2016,2016-12-25 09:00:00,13.5,124.6,128,128,1.0,0.0,31,0,10,270,11,148.51759338378906,802.9239501953125,175.22079467773438,0.0,148.51759338378906,25.0,148.51759338378906,140.3419647216797,133.62747192382812,0.0,140.3419647216797,146.6416778564453,120.10497283935547,110.6387710571289,97.56405639648438,90.79560089111328,88.93389129638672,86.26915740966797,87.41056823730469,97.70626831054688,94.4421157836914,94.27233123779297,82.64363861083984
2016355N07146,NOCK-TEN,2016,2016-12-25 12:00:00,13.5,124.0,120,128,0.9375,3.0,15,0,12,270,10,146.43026733398438,2427.860595703125,221.62576293945312,54.17971420288086,146.43026733398438,25.0,146.43026733398438,137.41372680664062,126.58740234375,47.8962516784668,137.41372680664062,133.07501220703125,123.6318130493164,120.51303100585938,117.6440200805664,114.24088287353516,109.23736572265625,105.8288803100586,101.92512512207031,94.28968811035156,88.07379150390625,85.95638275146484,80.60919952392578
2016355N07146,NOCK-TEN,2016,2016-12-25 15:00:00,13.5,123.4,110,128,0.859375,6.0,0,0,12,265,10,142.24623107910156,2427.5419921875,214.7937774658203,170.2605438232422,142.24623107910156,25.0,142.24623107910156,139.40203857421875,136.08657836914062,169.91519165039062,139.40203857421875,115.0810317993164,98.69456481933594,94.32518005371094,93.14484405517578,94.2868881225586,96.422119140625,97.30099487304688,96.21138763427734,94.4406967163086,89.57146453857422,81.84718322753906,75.30938720703125
2016355N07146,NOCK-TEN,2016,2016-12-25 18:00:00,13.5,122.7,100,128,0.78125,9.0,10,0,12,270,10,72.4615478515625,926.9427490234375,95.18312072753906,75.95941162109375,72.4615478515625,25.0,72.4615478515625,68.98202514648438,65.39729309082031,71.47183990478516,68.98202514648438,82.8430404663086,81.83940124511719,82.33155059814453,86.39912414550781,88.39827728271484,86.2014389038086,84.45138549804688,84.74796295166016,85.05335235595703,84.7721939086914,87.14872741699219,129.99855041503906
2016355N07146,NOCK-TEN,2016,2016-12-25 21:00:00,13.4,122.1,93,128,0.7265625,12.0,31,22,12,270,10,82.7657241821289,1153.4202880859375,125.8460922241211,145.76304626464844,82.7657241821289,25.0,82.7657241821289,78.03153228759766,72.34535217285156,139.78770446777344,78.03153228759766,76.99864959716797,66.95671081542969,62.07408142089844,58.89944076538086,56.08675765991211,57.35843276977539,66.25654602050781,78.5705795288086,99.54197692871094,145.4213409423828,160.916748046875,142.47776794433594
2016355N07146,NOCK-TEN,2016,2016-12-26 00:00:00,13.5,121.4,85,128,0.6640625,15.0,15,0,14,280,10,98.80904388427734,2370.797607421875,205.99050903320312,78.80059814453125,98.80904388427734,25.0,98.80904388427734,93.30047607421875,86.94023895263672,70.05768585205078,93.30047607421875,181.1779327392578,240.18556213378906,248.20819091796875,246.8550262451172,242.18109130859375,238.86175537109375,232.39768981933594,225.7362060546875,207.8508758544922,187.10011291503906,172.09068298339844,150.0493927001953
2016355N07146,NOCK-TEN,2016,2016-12-26 03:00:00,13.7,120.7,80,128,0.625,18.0,11,0,16,290,13,192.54090881347656,1750.835693359375,294.0542297363281,27.779287338256836,192.54090881347656,25.0,192.54090881347656,183.38294982910156,172.42494201660156,22.811311721801758,183.38294982910156,206.54318237304688,210.8988800048828,207.17465209960938,197.2848663330078,189.8382110595703,189.87973022460938,193.73687744140625,198.63331604003906,205.86244201660156,210.14022827148438,199.89523315429688,171.7008514404297
2016355N07146,NOCK-TEN,2016,2016-12-26 06:00:00,14.0,119.9,75,128,0.5859375,21.0,75,75,14,290,15,40.744224548339844,733.3564453125,91.97501373291016,2.3413643836975098,35.112606048583984,27.78,40.744224548339844,36.453636169433594,32.977970123291016,2.4445579051971436,36.453636169433594,29.90695571899414,25.00626564025879,22.387317657470703,43.20578384399414,63.99143600463867,80.88053894042969,98.49073028564453,118.77259063720703,127.75957489013672,140.58351135253906,168.5720977783203,214.78213500976562
2017236N15129,PAKHAR,2017,2017-08-25 12:00:00,16.0,122.3,45,45,1.0,0.0,24,0,11,310,20,169.2468719482422,1641.12939453125,294.34014892578125,29.92069435119629,421.47491455078125,37.04,169.2468719482422,157.78598022460938,142.79295349121094,0.0,157.78598022460938,334.9526062011719,407.6348571777344,407.97296142578125,396.3979797363281,390.74957275390625,393.0386962890625,388.6814270019531,388.530517578125,398.08642578125,388.7724914550781,352.7131042480469,411.000244140625
2017236N15129,PAKHAR,2017,2017-08-25 15:00:00,16.4,121.8,40,45,0.8888888888888888,3.0,0,0,13,305,20,380.4046325683594,1801.8626708984375,348.16351318359375,410.2310485839844,391.0417175292969,37.04,380.4046325683594,377.13568115234375,375.03424072265625,465.07574462890625,377.13568115234375,383.0459899902344,387.0283508300781,388.0166015625,395.4586486816406,401.2976379394531,411.63421630859375,429.0704650878906,454.7866516113281,502.8807067871094,522.320556640625,512.7220458984375,411.30157470703125
2017236N15129,PAKHAR,2017,2017-08-25 18:00:00,16.7,121.2,35,45,0.7777777777777778,6.0,0,0,15,300,20,815.4142456054688,2897.974365234375,620.3714599609375,773.6879272460938,759.7457275390625,37.04,815.4142456054688,815.686767578125,816.06494140625,570.4779052734375,815.686767578125,800.9789428710938,779.8453979492188,756.1826171875,733.7803344726562,710.4672241210938,679.8915405273438,646.8512573242188,614.59375,566.7651977539062,522.7246704101562,460.72845458984375,402.57720947265625
2017236N15129,PAKHAR,2017,2017-08-25 21:00:00,17.1,120.5,35,45,0.7777777777777778,9.0,0,0,17,295,20,627.466552734375,2565.287109375,585.6096801757812,450.28271484375,793.39013671875,37.04,627.466552734375,617.6636962890625,608.4755859375,323.63116455078125,617.6636962890625,717.6632080078125,771.3170776367188,786.6504516601562,796.2767333984375,794.8284912109375,789.189453125,772.2357788085938,747.3150024414062,686.2057495117188,594.1155395507812,497.83990478515625,422.97552490234375
2017236N15129,PAKHAR,2017,2017-08-26 00:00:00,17.5,119.6,35,45,0.7777777777777778,12.0,75,75,16,295,20,,,,,0.0,37.04,,,,,,,,0.0,0.024457784369587898,0.9179555773735046,3.5534677505493164,25.674955368041992,47.895626068115234,109.8453140258789,195.48126220703125,436.78570556640625,563.9048461914062
2017347N11131,KAI-TAK,2017,2017-12-16 09:00:00,12.2,125.5,35,35,1.0,0.0,0,0,5,265,45,93.56962585449219,823.1694946289062,127.93983459472656,122.21671295166016,101.67818450927734,83.34,93.56962585449219,90.44985961914062,86.81720733642578,18.372751235961914,90.44985961914062,111.80899810791016,125.11217498779297,124.26438903808594,122.01473236083984,118.99028778076172,115.8974609375,112.81428527832031,109.7385482788086,106.33718872070312,101.76840209960938,98.01529693603516,94.64947509765625
2017347N11131,KAI-TAK,2017,2017-12-16 12:00:00,12.1,125.3,30,35,0.8571428571428571,3.0,0,0,5,265,45,134.8846435546875,822.5874633789062,143.18228149414062,108.30464172363281,98.443115234375,83.34,134.8846435546875,132.87937927246094,131.07925415039062,113.12185668945312,132.87937927246094,126.09571075439453,116.47831726074219,111.13921356201172,107.38188934326172,106.0774154663086,105.56777954101562,105.68360900878906,105.77920532226562,105.76436614990234,98.20869445800781,97.72423553466797,90.8814697265625
2017347N11131,KAI-TAK,2017,2017-12-16 15:00:00,12.1,125.1,28,35,0.8,6.0,0,0,5,270,45,120.950439453125,820.9800415039062,131.49378967285156,105.9785385131836,93.7555923461914,83.34,120.950439453125,120.59788513183594,120.362060546875,225.2589111328125,120.59788513183594,108.3044204711914,105.36345672607422,104.26930236816406,103.358642578125,104.48370361328125,107.38433074951172,106.14041900634766,103.18464660644531,99.46613311767578,97.59515380859375,94.56156921386719,89.17668914794922
2017347N11131,KAI-TAK,2017,2017-12-16 18:00:00,12.1,124.8,25,35,0.7142857142857143,9.0,0,0,5,270,45,120.82650756835938,821.1144409179688,132.42218017578125,101.56432342529297,88.11779022216797,83.34,120.82650756835938,119.69920349121094,118.19771575927734,123.13666534423828,119.69920349121094,107.52737426757812,104.94611358642578,103.67314910888672,100.70623779296875,97.69673156738281,94.12305450439453,91.74149322509766,91.16983032226562,94.0713882446289,95.65445709228516,89.20442962646484,90.38162231445312
2017347N11131,KAI-TAK,2017,2017-12-16 21:00:00,12.1,124.5,25,35,0.7142857142857143,12.0,10,10,7,265,45,83.28816223144531,1263.134521484375,116.05838775634766,89.75931549072266,86.5795669555664,83.34,83.28816223144531,79.71558380126953,74.53163146972656,91.6168441772461,79.71558380126953,84.62145233154297,87.44207000732422,86.01221466064453,86.79832458496094,85.73161315917969,85.5709228515625,85.48522186279297,86.35364532470703,85.24857330322266,87.5225601196289,83.51676940917969,90.0989761352539
2017347N11131,KAI-TAK,2017,2017-12-17 00:00:00,12.1,124.1,25,35,0.7142857142857143,15.0,10,0,12,265,45,49.599430084228516,882.0399780273438,96.43292999267578,66.88604736328125,86.32559967041016,83.34,49.599430084228516,46.36638259887695,42.53691864013672,36.04085922241211,46.36638259887695,50.28738021850586,55.117454528808594,59.30225372314453,62.61021041870117,63.202056884765625,62.01616287231445,62.25065994262695,62.009788513183594,64.99016571044922,71.30144500732422,80.4189682006836,97.39557647705078
2017347N11131,KAI-TAK,2017,2017-12-17 03:00:00,12.0,123.3,25,35,0.7142857142857143,18.0,11,11,15,260,45,42.27238082885742,680.5018920898438,77.94718170166016,40.847381591796875,106.10197448730469,83.34,42.27238082885742,39.73354721069336,36.703182220458984,17.5455322265625,39.73354721069336,38.65789031982422,35.1455078125,35.595211029052734,36.48286437988281,39.165977478027344,41.099273681640625,43.765987396240234,43.997127532958984,43.5429801940918,48.95429229736328,90.64237213134766,110.99235534667969
2017347N11131,KAI-TAK,2017,2017-12-17 06:00:00,11.8,122.6,25,35,0.7142857142857143,21.0,24,0,13,255,45,49.145816802978516,636.0568237304688,80.98149871826172,151.5445098876953,120.37013244628906,83.34,49.145816802978516,46.553688049316406,43.334163665771484,0.09455113112926483,46.553688049316406,88.81632232666016,137.3616485595703,146.4610137939453,145.52288818359375,145.09909057617188,143.52964782714844,141.18447875976562,139.47579956054688,133.1177978515625,123.80976104736328,110.9521484375,123.27714538574219
2017347N11131,KAI-TAK,2017,2017-12-17 09:00:00,11.6,122.0,28,35,0.8,24.0,10,10,11,245,45,227.71981811523438,2066.772705078125,328.0251159667969,209.61708068847656,144.02964782714844,83.34,227.71981811523438,216.55429077148438,203.80142211914062,199.9761199951172,216.55429077148438,223.26339721679688,210.6945343017578,208.47842407226562,203.79994201660156,198.72955322265625,193.70802307128906,186.0394287109375,178.87747192382812,164.3019256591797,140.8637237548828,122.02450561523438,145.8415069580078
2017347N11131,KAI-TAK,2017,2017-12-17 12:00:00,11.4,121.5,30,35,0.8571428571428571,27.0,55,55,12,240,45,2.9068851470947266,151.881591796875,11.463683128356934,167.78085327148438,155.52467346191406,83.34,2.9068851470947266,1.9599210023880005,1.0575900077819824,0.002341233193874359,1.9599210023880005,3.7392890453338623,50.40376281738281,110.45172119140625,142.56845092773438,152.74557495117188,158.6219024658203,165.0433807373047,175.46652221679688,176.41458129882812,155.8777313232422,139.45933532714844,135.068359375
2017354N08134,TEMBIN,2017,2017-12-21 18:00:00,7.9,126.7,50,50,1.0,0.0,24,0,11,265,30,177.85255432128906,1159.9588623046875,226.6709442138672,237.09323120117188,302.8110656738281,55.56,177.85255432128906,170.22894287109375,156.5719451904297,0.004790110047906637,170.22894287109375,264.94049072265625,294.8377685546875,305.7061462402344,314.28271484375,318.6684265136719,320.1206359863281,321.29644775390625,323.4856872558594,302.65863037109375,266.15753173828125,264.45751953125,364.64471435546875
2017354N08134,TEMBIN,2017,2017-12-21 21:00:00,7.8,126.1,48,50,0.96,3.0,0,0,13,265,30,293.7426452636719,2643.242431640625,372.85498046875,292.8491516113281,319.78436279296875,55.56,293.7426452636719,292.26092529296875,290.5030517578125,327.45513916015625,292.26092529296875,294.28961181640625,296.626708984375,300.654296875,301.8002014160156,302.4193115234375,305.17706298828125,307.2027893066406,309.27093505859375,315.24163818359375,343.1555480957031,389.1450500488281,394.46630859375
2017354N08134,TEMBIN,2017,2017-12-22 00:00:00,7.8,125.4,45,50,0.9,6.0,0,0,15,270,30,465.08697509765625,1649.1878662109375,316.9617614746094,460.1998596191406,481.4539489746094,55.56,465.08697509765625,465.2366027832031,465.4805908203125,667.6372680664062,465.2366027832031,459.20758056640625,460.9326477050781,464.1836853027344,465.6981201171875,468.6634826660156,474.80731201171875,482.832763671875,488.6001892089844,481.9999694824219,452.0490417480469,401.0849304199219,389.2164611816406
2017354N08134,TEMBIN,2017,2017-12-22 03:00:00,7.8,124.6,43,50,0.86,9.0,0,0,16,275,30,859.3286743164062,2871.9326171875,466.0318908691406,798.0194702148438,516.5612182617188,55.56,859.3286743164062,861.6519165039062,864.5970458984375,1193.90380859375,861.6519165039062,746.5035400390625,645.2769165039062,613.7791748046875,584.1312255859375,561.5316162109375,544.8636474609375,534.5667724609375,526.3907470703125,513.6425170898438,492.83392333984375,413.94439697265625,386.3542785644531
2017354N08134,TEMBIN,2017,2017-12-22 06:00:00,7.8,123.8,40,50,0.8,12.0,0,0,16,275,30,333.2558288574219,2365.78515625,372.75054931640625,352.21453857421875,388.4664306640625,55.56,333.2558288574219,326.99407958984375,318.844970703125,212.53958129882812,326.99407958984375,357.5055236816406,384.786376953125,392.4317321777344,396.7938232421875,401.78216552734375,403.53173828125,404.2956848144531,400.2850036621094,383.60137939453125,373.50408935546875,360.4898376464844,390.6330261230469
2017354N08134,TEMBIN,2017,2017-12-22 09:00:00,7.9,123.0,43,50,0.86,15.0,0,0,14,270,30,226.12014770507812,1498.993408203125,214.91371154785156,215.52462768554688,208.35594177246094,55.56,226.12014770507812,224.29209899902344,223.21234130859375,349.2843017578125,224.29209899902344,203.81639099121094,190.55450439453125,191.61273193359375,200.6381072998047,208.22796630859375,211.02178955078125,209.1232452392578,206.15274047851562,202.3237762451172,215.46034240722656,239.50155639648438,296.2525939941406
2017354N08134,TEMBIN,2017,2017-12-22 12:00:00,7.9,122.4,45,50,0.9,18.0,0,0,12,270,30,158.2177734375,1018.9630737304688,163.03517150878906,160.9604034423828,203.6703338623047,55.56,158.2177734375,153.3153533935547,147.8271026611328,217.17816162109375,153.3153533935547,157.14756774902344,160.53038024902344,162.25082397460938,162.08441162109375,163.1811981201172,167.98770141601562,177.8575439453125,191.09109497070312,198.50193786621094,185.2583465576172,191.86431884765625,206.65994262695312
2017354N08134,TEMBIN,2017,2017-12-22 15:00:00,7.9,121.8,48,50,0.96,21.0,39,39,11,270,30,127.76163482666016,1018.7754516601562,202.45457458496094,175.00997924804688,178.22576904296875,55.56,127.76163482666016,114.38015747070312,101.67977142333984,,114.38015747070312,192.66615295410156,212.62551879882812,201.70401000976562,191.2952423095703,179.8306121826172,180.03903198242188,185.03065490722656,186.38504028320312,173.9361572265625,159.16551208496094,149.24951171875,159.7074432373047
2018039N08151,SANBA,2018,2018-02-12 21:00:00,8.9,126.9,35,35,1.0,0.0,66,0,16,295,35,,,,3.5988500118255615,165.9718780517578,64.82000000000001,,,,,,,16.441877365112305,31.761730194091797,46.39766311645508,57.49394226074219,68.12255096435547,83.79039001464844,98.78263854980469,125.97334289550781,155.4380645751953,181.82290649414062,260.43780517578125
2018039N08151,SANBA,2018,2018-02-13 00:00:00,9.2,126.1,35,35,1.0,3.0,0,0,15,290,35,318.3256530761719,1879.936767578125,345.3004150390625,273.7304382324219,195.8264617919922,64.82000000000001,318.3256530761719,308.74761962890625,296.9839172363281,151.71774291992188,308.74761962890625,293.4992980957031,242.44834899902344,221.89122009277344,206.3250274658203,192.69998168945312,182.20162963867188,175.50381469726562,171.0570526123047,166.4740753173828,176.31011962890625,247.33148193359375,302.6505126953125
2018039N08151,SANBA,2018,2018-02-13 03:00:00,9.4,125.4,33,35,0.9428571428571428,6.0,10,10,14,280,35,263.5785827636719,1878.261962890625,352.35504150390625,233.3105010986328,252.17466735839844,64.82000000000001,263.5785827636719,256.44061279296875,250.51026916503906,131.79515075683594,256.44061279296875,238.30645751953125,214.22608947753906,205.6307373046875,211.20269775390625,221.96910095214844,226.25218200683594,230.31886291503906,234.2020263671875,239.97242736816406,240.84536743164062,254.5391845703125,277.6226501464844
2018039N08151,SANBA,2018,2018-02-13 06:00:00,9.4,124.7,30,35,0.8571428571428571,9.0,35,22,13,265,35,107.3896484375,1602.8001708984375,214.88194274902344,197.46656799316406,248.7333984375,64.82000000000001,107.3896484375,95.88761901855469,82.40457153320312,155.72372436523438,95.88761901855469,158.3631134033203,198.8430633544922,199.8721160888672,199.32281494140625,195.53604125976562,197.66192626953125,197.72616577148438,196.66659545898438,203.81312561035156,231.47735595703125,265.9617919921875,302.6465759277344
2018250N12170,MANGKHUT,2018,2018-09-14 18:00:00,18.0,122.3,140,140,1.0,0.0,15,0,18,280,12,296.2480163574219,1776.3419189453125,317.0656433105469,202.26100158691406,296.2480163574219,25.0,296.2480163574219,288.98443603515625,280.4197082519531,185.4021453857422,288.98443603515625,271.8695068359375,251.98828125,247.35983276367188,239.4276885986328,232.6188507080078,227.91783142089844,221.882568359375,217.7271728515625,210.6562957763672,228.1280059814453,321.1980895996094,389.7427673339844
2018250N12170,MANGKHUT,2018,2018-09-14 21:00:00,18.0,121.4,128,140,0.9142857142857144,3.0,0,0,16,275,12,296.71844482421875,2336.524658203125,361.757568359375,214.30911254882812,296.71844482421875,25.0,296.71844482421875,294.8383483886719,293.230224609375,215.1323699951172,294.8383483886719,345.5191650390625,373.132080078125,381.4038391113281,386.7013854980469,386.94989013671875,387.0495300292969,385.5521545410156,381.9705810546875,384.1133728027344,390.44281005859375,398.40765380859375,443.068359375
2018250N12170,MANGKHUT,2018,2018-09-15 00:00:00,18.1,120.7,115,140,0.8214285714285714,6.0,0,0,12,280,12,444.4984436035156,2331.662841796875,400.1254577636719,264.738037109375,444.4984436035156,25.0,444.4984436035156,440.3562316894531,436.8208312988281,258.8146667480469,440.3562316894531,435.1316833496094,421.6513671875,419.05157470703125,416.09661865234375,415.2950744628906,420.1479187011719,419.2820739746094,421.4314270019531,419.23016357421875,418.0242614746094,443.0123291015625,442.8260803222656
2018250N12170,MANGKHUT,2018,2018-09-15 03:00:00,18.3,120.1,110,140,0.7857142857142857,9.0,47,47,10,295,16,3.660593271255493,78.326171875,8.095495223999023,,33.54579162597656,29.632,3.660593271255493,3.114659547805786,2.5584564208984375,,3.114659547805786,34.50177001953125,77.94548034667969,101.45674896240234,148.23204040527344,211.02410888671875,268.9142150878906,307.86163330078125,335.4878234863281,358.76446533203125,379.92431640625,433.1126708984375,465.3031005859375
2018294N08161,YUTU,2018,2018-10-29 18:00:00,16.8,123.0,105,105,1.0,0.0,54,0,13,270,20,,,,,148.4259796142578,37.04,,,,,,9.5443696975708,81.59576416015625,152.5577392578125,235.8984832763672,303.7311706542969,333.5693664550781,334.1407775878906,329.8911437988281,340.7546691894531,342.364501953125,312.09033203125,332.26580810546875
2018294N08161,YUTU,2018,2018-10-29 21:00:00,16.8,122.3,98,105,0.9333333333333332,3.0,0,0,14,265,20,343.128173828125,1582.647216796875,302.1378479003906,371.5596923828125,305.1343078613281,37.04,343.128173828125,338.744873046875,334.131591796875,416.1037902832031,338.744873046875,319.1958312988281,306.4897155761719,300.7331848144531,295.6659240722656,287.59930419921875,283.42022705078125,283.2774353027344,286.6083068847656,308.4755554199219,345.979248046875,446.08050537109375,487.59027099609375
2018294N08161,YUTU,2018,2018-10-30 00:00:00,16.7,121.6,90,105,0.8571428571428571,6.0,0,0,13,265,20,279.617919921875,1652.7337646484375,259.4721984863281,175.8448486328125,476.8148193359375,37.04,279.617919921875,277.68206787109375,275.15679931640625,119.2979507446289,277.68206787109375,374.0812683105469,452.43646240234375,481.10150146484375,508.2917175292969,529.3859252929688,552.3941650390625,572.811767578125,585.4611206054688,586.3402709960938,565.0557861328125,490.060546875,409.12066650390625
2018294N08161,YUTU,2018,2018-10-30 03:00:00,16.7,120.9,83,105,0.7904761904761904,9.0,0,0,13,265,20,1030.306640625,2896.312255859375,554.907470703125,1230.363525390625,795.4407958984375,37.04,1030.306640625,1032.869873046875,1036.0272216796875,1507.0272216796875,1032.869873046875,919.6102294921875,824.7317504882812,787.0689086914062,751.0913696289062,721.75634765625,690.2779541015625,659.7916259765625,630.8189086914062,575.90673828125,509.7916564941406,458.8133850097656,403.4228515625
2018294N08161,YUTU,2018,2018-10-30 06:00:00,16.6,120.2,75,105,0.7142857142857143,12.0,10,10,12,270,20,323.13861083984375,2215.28759765625,439.89202880859375,163.13169860839844,505.5660095214844,37.04,323.13861083984375,308.56219482421875,291.88677978515625,41.68023681640625,308.56219482421875,416.8224182128906,470.8204040527344,499.7229919433594,521.673095703125,533.8740844726562,539.8190307617188,542.4476318359375,542.2321166992188,539.9151611328125,541.83349609375,514.5030517578125,422.1844787597656
2018294N08161,YUTU,2018,2018-10-30 09:00:00,16.7,119.6,70,105,0.6666666666666666,15.0,49,49,10,275,33,21.210908889770508,152.79541015625,35.00307083129883,39.709808349609375,308.87823486328125,61.116,21.210908889770508,17.564929962158203,13.933740615844727,,17.564929962158203,36.935874938964844,29.283395767211914,26.278234481811523,24.3021240234375,29.233287811279297,39.28525161743164,57.49066162109375,86.80807495117188,168.95706176757812,317.5766906738281,469.4526672363281,506.9955749511719
2019314N14136,KALMAEGI,2019,2019-11-19 18:00:00,18.5,122.2,65,65,1.0,0.0,11,0,11,200,15,185.34523010253906,1120.253173828125,238.1246337890625,126.16165924072266,187.64364624023438,27.78,185.34523010253906,175.6687469482422,163.03749084472656,100.95342254638672,175.6687469482422,173.5751495361328,149.2857666015625,142.3317413330078,138.96754455566406,141.4420166015625,145.69754028320312,147.87472534179688,151.59469604492188,169.552490234375,199.97299194335938,284.7712097167969,348.5791931152344
2019314N14136,KALMAEGI,2019,2019-11-19 21:00:00,18.0,122.0,55,65,0.8461538461538461,3.0,0,0,12,205,18,224.1351318359375,1774.1026611328125,294.0249938964844,261.1520690917969,204.2427520751953,33.336,224.1351318359375,221.25587463378906,216.3330078125,265.40106201171875,221.25587463378906,203.88111877441406,200.51051330566406,202.77316284179688,208.16604614257812,215.4471893310547,225.0947265625,237.7235107421875,251.34750366210938,289.1830139160156,338.1405029296875,372.978759765625,417.77447509765625
2019314N14136,KALMAEGI,2019,2019-11-20 00:00:00,17.4,121.6,45,65,0.6923076923076923,6.0,0,0,12,210,20,290.47174072265625,2183.717041015625,348.8693542480469,159.49545288085938,441.717041015625,37.04,290.47174072265625,288.2003173828125,285.712158203125,123.79239654541016,288.2003173828125,387.72711181640625,434.05389404296875,441.79620361328125,444.9420166015625,446.96685791015625,448.68646240234375,450.9022216796875,452.390380859375,459.3225402832031,474.6078796386719,468.81622314453125,443.87530517578125
2019314N14136,KALMAEGI,2019,2019-11-20 03:00:00,16.9,121.3,40,65,0.6153846153846154,9.0,0,0,12,220,35,656.8436279296875,2814.622314453125,602.033447265625,687.0569458007812,521.7299194335938,64.82000000000001,656.8436279296875,655.8812866210938,654.8619995117188,608.3706665039062,655.8812866210938,680.1030883789062,680.0328979492188,668.9410400390625,656.3621826171875,645.6620483398438,635.6674194335938,628.2810668945312,621.7633056640625,591.830810546875,532.1904296875,475.045654296875,404.0992431640625
2019314N14136,KALMAEGI,2019,2019-11-20 06:00:00,16.5,120.8,35,65,0.5384615384615384,12.0,0,0,13,220,50,909.0429077148438,2895.916015625,575.3568115234375,632.6884155273438,418.5558166503906,92.60000000000001,909.0429077148438,912.4992065429688,917.0989379882812,1349.506591796875,912.4992065429688,793.123291015625,744.3458862304688,723.9954223632812,702.1189575195312,676.7988891601562,644.153076171875,616.7274169921875,590.5090942382812,539.1741333007812,495.5637512207031,449.6475830078125,401.49981689453125
2019314N14136,KALMAEGI,2019,2019-11-20 09:00:00,16.0,120.4,33,65,0.5076923076923077,15.0,0,0,12,220,58,203.89955139160156,2220.06689453125,328.4051208496094,409.966552734375,387.12109375,107.41600000000001,203.89955139160156,200.54696655273438,196.80653381347656,17.784271240234375,200.54696655273438,260.1372375488281,293.3878173828125,305.8677978515625,323.1006164550781,337.955078125,355.0262756347656,370.64508056640625,386.78564453125,410.5782470703125,422.631103515625,416.0279846191406,393.5407409667969
2019314N14136,KALMAEGI,2019,2019-11-20 12:00:00,15.5,120.0,30,65,0.4615384615384615,18.0,0,0,12,220,65,317.8075256347656,2016.1070556640625,350.7564392089844,178.7230682373047,358.03045654296875,120.38000000000001,317.8075256347656,314.3971862792969,311.5867004394531,432.5320739746094,314.3971862792969,272.83740234375,232.598388671875,215.6939239501953,199.3063507080078,184.14149475097656,171.66522216796875,161.31813049316406,155.86990356445312,154.33375549316406,187.3533935546875,274.18438720703125,351.12042236328125
2019314N14136,KALMAEGI,2019,2019-11-20 15:00:00,15.0,119.6,28,65,0.4307692307692308,21.0,53,53,13,225,45,0.2740376889705658,91.4198989868164,2.3105053901672363,276.56500244140625,129.6455078125,83.34,0.2740376889705658,0.17282137274742126,0.1286962628364563,,0.17282137274742126,68.87771606445312,143.11441040039062,181.88865661621094,235.7723846435547,277.3545837402344,299.9634704589844,308.22186279296875,301.7404479980469,267.0934143066406,211.7858428955078,144.21253967285156,201.2238006591797
2019329N09160,KAMMURI,2019,2019-12-02 12:00:00,12.9,124.7,120,120,1.0,0.0,46,0,11,275,27,9.206506729125977,245.60391235351562,22.263601303100586,9.214414596557617,87.01545715332031,50.004000000000005,9.206506729125977,7.973824501037598,6.818013668060303,,7.973824501037598,25.67902374267578,53.94660949707031,64.50424194335938,69.14816284179688,75.96170806884766,78.7204360961914,81.29634094238281,83.21348571777344,87.81097412109375,87.83971405029297,90.40636444091797,88.04981994628906
2019329N09160,KAMMURI,2019,2019-12-02 15:00:00,13.0,124.1,118,120,0.9833333333333332,3.0,0,0,12,275,22,76.23759460449219,1528.81201171875,140.39256286621094,84.9971923828125,92.21343231201172,40.744,76.23759460449219,72.34200286865234,67.81024932861328,84.35692596435547,72.34200286865234,75.40206146240234,76.24384307861328,83.4337158203125,86.6467056274414,87.97315979003906,88.34329223632812,88.1233139038086,89.71259307861328,91.77293395996094,81.9979248046875,78.05211639404297,84.00255584716797
2019329N09160,KAMMURI,2019,2019-12-02 18:00:00,13.1,123.5,115,120,0.9583333333333334,6.0,0,0,12,275,17,106.82801818847656,2426.35888671875,180.9918212890625,119.6020278930664,96.07862091064453,31.484,106.82801818847656,103.08740234375,98.60885620117188,108.00874328613281,103.08740234375,92.4367904663086,90.92086029052734,90.01007080078125,92.84809875488281,92.3270034790039,89.39764404296875,85.79104614257812,84.36373138427734,83.09004974365234,83.05685424804688,82.67060089111328,74.5469741821289
2019329N09160,KAMMURI,2019,2019-12-02 21:00:00,13.1,122.8,110,120,0.9166666666666666,9.0,15,11,12,275,16,47.94453430175781,432.6483459472656,77.40640258789062,34.0052604675293,54.868690490722656,29.632,47.94453430175781,43.989837646484375,39.432762145996094,19.31749725341797,43.989837646484375,52.17903137207031,55.01413345336914,53.60002899169922,58.20771789550781,67.91468811035156,79.88147735595703,91.3498306274414,98.33345794677734,96.2667007446289,90.14735412597656,77.47595977783203,115.58406829833984
2019329N09160,KAMMURI,2019,2019-12-03 00:00:00,13.1,122.2,105,120,0.875,12.0,44,21,12,275,15,90.900634765625,1153.0869140625,150.23973083496094,64.82352447509766,87.08281707763672,27.78,90.900634765625,83.59031677246094,75.89461517333984,44.645206451416016,83.59031677246094,76.49661254882812,71.11234283447266,70.00040435791016,69.0921630859375,70.38895416259766,71.36886596679688,70.48365020751953,71.46131896972656,88.35773468017578,132.38626098632812,154.90406799316406,136.2616424560547
2019329N09160,KAMMURI,2019,2019-12-03 03:00:00,13.2,121.6,98,120,0.8166666666666667,15.0,21,0,12,275,18,119.63033294677734,1380.55517578125,189.62857055664062,35.99213790893555,255.70982360839844,33.336,119.63033294677734,112.8476791381836,105.39342498779297,52.8901252746582,112.8476791381836,184.59408569335938,263.3244323730469,283.8787536621094,287.23956298828125,275.714599609375,262.91656494140625,248.06076049804688,234.95448303222656,210.40858459472656,185.1379852294922,166.47817993164062,146.64466857910156
2019329N09160,KAMMURI,2019,2019-12-03 06:00:00,13.2,121.0,90,120,0.75,18.0,0,0,11,275,20,400.2383728027344,2536.582275390625,484.376953125,441.9509582519531,329.89837646484375,37.04,400.2383728027344,392.052001953125,381.8111572265625,606.2965698242188,392.052001953125,360.2112731933594,328.7991943359375,318.1656799316406,302.26220703125,284.2825622558594,270.9076843261719,259.0854187011719,247.0164031982422,237.7997283935547,213.5912628173828,176.6186065673828,152.36529541015625
2019329N09160,KAMMURI,2019,2019-12-03 09:00:00,13.2,120.5,85,120,0.7083333333333334,21.0,0,0,11,280,20,330.7620849609375,2287.50830078125,421.20831298828125,246.92083740234375,329.7270812988281,37.04,330.7620849609375,315.7342834472656,300.06585693359375,119.9171142578125,315.7342834472656,337.91656494140625,319.83038330078125,314.00091552734375,308.94989013671875,307.31427001953125,299.7839660644531,290.03387451171875,279.3232421875,261.63714599609375,232.8872528076172,195.5476837158203,157.9154510498047
2019329N09160,KAMMURI,2019,2019-12-03 12:00:00,13.4,119.9,80,120,0.6666666666666666,24.0,43,43,11,290,20,47.38645935058594,578.6694946289062,99.98966979980469,,121.4864501953125,37.04,47.38645935058594,37.97661590576172,30.63605499267578,,37.97661590576172,80.10382080078125,89.66158294677734,113.28622436523438,127.89909362792969,128.65391540527344,129.8395538330078,136.42674255371094,149.12840270996094,186.08470153808594,206.91287231445312,213.71910095214844,175.91615295410156
2019354N05151,PHANFONE,2019,2019-12-24 06:00:00,11.0,126.4,85,85,1.0,0.0,65,0,15,280,15,0.0,0.0,0.0,,2.553610324859619,27.78,0.0,0.0,0.0,,0.0,1.1408370733261108,1.5884774923324585,5.46190881729126,9.997965812683105,13.001791954040527,12.142375946044922,11.088677406311035,14.647461891174316,35.706298828125,58.84908676147461,80.32369232177734,117.79754638671875
2019354N05151,PHANFONE,2019,2019-12-24 09:00:00,11.2,125.7,88,85,1.035294117647059,3.0,11,0,15,285,15,80.43624877929688,702.6655883789062,113.49470520019531,34.281761169433594,87.60963439941406,27.78,80.43624877929688,75.74950408935547,69.94625091552734,26.341934204101562,75.74950408935547,84.2666015625,98.76382446289062,102.54104614257812,101.57858276367188,97.90828704833984,94.3853530883789,92.93170166015625,96.0828628540039,119.12351989746094,128.02090454101562,115.1938247680664,95.76421356201172
2019354N05151,PHANFONE,2019,2019-12-24 12:00:00,11.4,124.9,90,85,1.0588235294117647,6.0,10,0,15,285,15,142.68443298339844,1293.4078369140625,193.23426818847656,41.42268371582031,146.16123962402344,27.78,142.68443298339844,139.86363220214844,136.93666076660156,38.5877571105957,139.86363220214844,142.70298767089844,134.0127410888672,129.5556640625,126.55998992919922,123.55976104736328,121.03472137451172,119.69377899169922,118.07707214355469,114.23529815673828,106.68950653076172,96.32731628417969,92.91792297363281
2019354N05151,PHANFONE,2019,2019-12-24 15:00:00,11.6,124.1,93,85,1.0941176470588236,9.0,11,11,15,285,14,60.79570388793945,1330.700927734375,149.27650451660156,6.208988666534424,60.59756088256836,25.928,60.79570388793945,55.556732177734375,49.7277946472168,4.410710334777832,55.556732177734375,50.6875114440918,47.160858154296875,46.8481559753418,50.271514892578125,56.85442352294922,61.655208587646484,64.20414733886719,65.96853637695312,70.77544403076172,82.56070709228516,98.48705291748047,101.64830017089844
2019354N05151,PHANFONE,2019,2019-12-24 18:00:00,11.7,123.4,95,85,1.1176470588235294,12.0,39,31,13,280,12,10.412832260131836,541.3308715820312,32.035621643066406,3.333486795425415,10.412832260131836,25.0,10.412832260131836,9.226455688476562,7.86154317855835,2.8610167503356934,9.226455688476562,19.04509925842285,30.23431968688965,34.91303634643555,35.242671966552734,34.38114547729492,34.368648529052734,35.05830001831055,37.22532272338867,45.741554260253906,70.79285430908203,112.74103546142578,116.76973724365234
2020129N07134,VONGFONG,2020,2020-05-14 03:00:00,12.1,125.8,98,98,1.0,0.0,34,0,9,275,5,13.667827606201172,144.13232421875,23.35169219970703,1.0043134352599736e-05,13.667827606201172,25.0,13.667827606201172,12.628005027770996,11.896500587463379,0.0008192601380869746,12.628005027770996,23.94795799255371,64.69477081298828,89.9428482055664,109.65618133544922,120.21411895751953,126.54754638671875,132.9927215576172,133.5560302734375,123.89069366455078,105.50021362304688,94.21998596191406,101.07910919189453
2020129N07134,VONGFONG,2020,2020-05-14 06:00:00,12.2,125.3,100,98,1.020408163265306,3.0,0,0,8,275,5,119.1159439086914,823.1806030273438,135.42337036132812,91.42170715332031,119.1159439086914,25.0,119.1159439086914,116.99136352539062,114.5925521850586,89.67662048339844,116.99136352539062,117.68008422851562,115.37030029296875,112.3281021118164,108.4559097290039,105.52325439453125,104.77704620361328,105.46772003173828,105.54764556884766,105.08995056152344,98.1562271118164,98.12110137939453,90.89347839355469
2020129N07134,VONGFONG,2020,2020-05-14 09:00:00,12.2,124.9,93,98,0.9489795918367347,6.0,0,0,8,280,5,114.30139923095703,823.7056884765625,126.11032104492188,160.63954162597656,114.30139923095703,25.0,114.30139923095703,113.58097076416016,112.51976776123047,160.89004516601562,113.58097076416016,103.2979507446289,98.18760681152344,96.26272583007812,98.25975036621094,100.3505630493164,100.02468872070312,97.23833465576172,94.44229888916016,92.8890609741211,94.214111328125,90.7847900390625,91.65764617919922
2020129N07134,VONGFONG,2020,2020-05-14 12:00:00,12.3,124.5,85,98,0.8673469387755102,9.0,0,0,9,285,5,73.06857299804688,809.1514282226562,98.08335876464844,117.42962646484375,73.06857299804688,25.0,73.06857299804688,69.93264770507812,66.40507507324219,116.4056625366211,69.93264770507812,69.61833953857422,77.15457153320312,85.55172729492188,86.55972290039062,84.81785583496094,83.65204620361328,81.32218933105469,80.77308654785156,81.04277038574219,81.0177001953125,85.072998046875,87.29251861572266
2020129N07134,VONGFONG,2020,2020-05-14 15:00:00,12.5,124.1,75,98,0.7653061224489796,12.0,0,0,9,290,5,64.17505645751953,1532.981201171875,117.940185546875,44.72251510620117,64.17505645751953,25.0,64.17505645751953,60.267189025878906,56.1051139831543,41.40182876586914,60.267189025878906,62.230770111083984,65.13983154296875,62.86441421508789,60.62514877319336,58.619651794433594,58.327510833740234,59.156402587890625,62.161033630371094,66.92007446289062,76.28594207763672,80.16163635253906,84.93978881835938
2020129N07134,VONGFONG,2020,2020-05-14 18:00:00,12.6,123.6,65,98,0.6632653061224489,15.0,24,15,10,300,5,54.624263763427734,801.7572021484375,83.16265869140625,41.33918380737305,54.624263763427734,25.0,54.624263763427734,51.748252868652344,48.673160552978516,37.7095832824707,51.748252868652344,59.09642791748047,61.669410705566406,63.009159088134766,63.04889678955078,61.542396545410156,61.85102462768555,63.59377670288086,65.10079956054688,67.42231750488281,71.19140625,75.08377838134766,82.79212188720703
2020129N07134,VONGFONG,2020,2020-05-14 21:00:00,12.9,123.1,65,98,0.6632653061224489,18.0,24,10,10,305,5,45.650081634521484,499.5694274902344,71.13899230957031,29.46184539794922,45.650081634521484,25.0,45.650081634521484,41.77924346923828,37.61213302612305,26.96420669555664,41.77924346923828,45.42359161376953,53.01642990112305,67.22527313232422,82.82642364501953,90.0893325805664,90.04161834716797,88.6305923461914,86.694580078125,83.48664855957031,83.5163345336914,78.13983154296875,83.38630676269531
2020129N07134,VONGFONG,2020,2020-05-15 00:00:00,13.3,122.7,65,98,0.6632653061224489,21.0,0,0,10,310,5,62.70871353149414,734.1199340820312,89.23454284667969,76.94432830810547,62.70871353149414,25.0,62.70871353149414,58.13902282714844,53.7817497253418,72.92964935302734,58.13902282714844,55.59928512573242,55.351097106933594,64.20100402832031,78.36787414550781,89.19038391113281,90.29474639892578,88.5558853149414,91.59595489501953,93.87639617919922,85.44190216064453,77.93697357177734,124.38406372070312
2020129N07134,VONGFONG,2020,2020-05-15 03:00:00,13.5,122.4,63,98,0.6428571428571429,24.0,0,0,10,315,8,72.73533630371094,891.3607177734375,101.84745788574219,70.85559844970703,72.73533630371094,25.0,72.73533630371094,69.2457046508789,64.4554672241211,67.78955841064453,69.2457046508789,71.64776611328125,80.46389770507812,82.83135223388672,81.9259262084961,80.1842269897461,77.05391693115234,73.84513854980469,70.50965118408203,72.0897445678711,87.46906280517578,111.00772094726562,141.23170471191406
2020129N07134,VONGFONG,2020,2020-05-15 06:00:00,13.9,122.0,60,98,0.6122448979591837,27.0,0,0,11,325,10,53.346195220947266,642.419189453125,80.03221130371094,41.63248825073242,53.346195220947266,25.0,53.346195220947266,50.5347900390625,47.53971481323242,39.40936279296875,50.5347900390625,85.90399169921875,98.92799377441406,100.95440673828125,101.49017333984375,105.45024871826172,109.55758666992188,110.9407730102539,107.55622100830078,104.15328979492188,108.49845123291016,152.21441650390625,157.55592346191406
2020129N07134,VONGFONG,2020,2020-05-15 09:00:00,14.4,121.7,58,98,0.5918367346938775,30.0,0,0,12,325,10,198.79881286621094,2129.724853515625,239.40744018554688,213.22274780273438,198.79881286621094,25.0,198.79881286621094,192.0489501953125,183.604736328125,205.66966247558594,192.0489501953125,177.18502807617188,164.86354064941406,158.86483764648438,152.34231567382812,148.76516723632812,147.65786743164062,146.91212463378906,146.68409729003906,140.11685180664062,132.76144409179688,139.75599670410156,187.78680419921875
2020129N07134,VONGFONG,2020,2020-05-15 12:00:00,14.9,121.3,55,98,0.5612244897959183,33.0,0,0,12,330,10,254.69810485839844,1500.4501953125,258.4089050292969,460.32720947265625,254.69810485839844,25.0,254.69810485839844,253.53321838378906,251.32933044433594,462.400634765625,253.53321838378906,210.7516326904297,187.5474853515625,178.46615600585938,173.5535888671875,171.25685119628906,169.3253173828125,170.58151245117188,175.29531860351562,179.87301635742188,183.18142700195312,211.44088745117188,252.04942321777344
2020129N07134,VONGFONG,2020,2020-05-15 15:00:00,15.5,121.1,48,98,0.4897959183673469,36.0,0,0,13,335,10,229.27984619140625,1860.7681884765625,293.16253662109375,162.12356567382812,229.27984619140625,25.0,229.27984619140625,228.02430725097656,226.6602020263672,161.2238006591797,228.02430725097656,234.15628051757812,247.79469299316406,258.7174377441406,268.3271789550781,278.9462890625,289.2735595703125,300.4200134277344,314.48382568359375,331.9079895019531,330.1896667480469,326.6874694824219,336.02197265625
2020129N07134,VONGFONG,2020,2020-05-15 18:00:00,16.1,120.7,40,98,0.4081632653061224,39.0,0,0,15,335,10,446.45391845703125,2314.985107421875,494.173583984375,406.6700134277344,446.45391845703125,25.0,446.45391845703125,444.0932922363281,441.1824035644531,405.1385803222656,444.0932922363281,452.6263427734375,475.37274169921875,482.7492370605469,483.4249267578125,482.5905456542969,479.1181335449219,473.5254211425781,465.6669006347656,452.8912658691406,444.98834228515625,426.58209228515625,388.65460205078125
2020129N07134,VONGFONG,2020,2020-05-15 21:00:00,16.8,120.4,40,98,0.4081632653061224,42.0,0,0,15,335,10,667.293212890625,2698.42626953125,618.803955078125,284.67431640625,667.293212890625,25.0,667.293212890625,655.2861938476562,643.9190673828125,273.1901550292969,655.2861938476562,748.1581420898438,790.5194702148438,783.126708984375,764.4270629882812,732.8577880859375,698.8538208007812,671.5997314453125,652.5745849609375,618.6934814453125,571.9102783203125,503.09820556640625,424.5497741699219
2020129N07134,VONGFONG,2020,2020-05-16 00:00:00,17.5,120.1,40,98,0.4081632653061224,45.0,23,21,13,340,10,63.80168151855469,1077.955322265625,121.41393280029297,0.0,63.80168151855469,25.0,63.80168151855469,60.5506477355957,56.372161865234375,0.0,60.5506477355957,123.72571563720703,176.24395751953125,206.196044921875,244.34527587890625,283.5392150878906,333.09661865234375,400.9262390136719,461.8681335449219,570.8252563476562,669.5787353515625,629.7122802734375,443.1181945800781
2020129N07134,VONGFONG,2020,2020-05-16 03:00:00,18.1,120.0,33,98,0.336734693877551,48.0,52,52,10,350,15,0.12841880321502686,31.46489143371582,1.429352045059204,,6.513859272003174,27.78,0.12841880321502686,0.08892931044101715,0.07806713134050369,,0.08892931044101715,12.541086196899414,59.11965560913086,98.20880889892578,133.72726440429688,155.219482421875,178.2076416015625,213.31304931640625,263.5508117675781,335.13409423828125,398.08740234375,496.23114013671875,496.47991943359375
2020291N06141,SAUDEL,2020,2020-10-20 09:00:00,15.9,122.6,45,45,1.0,0.0,54,0,13,275,43,0.0,0.0,0.0,137.199951171875,350.7650146484375,79.63600000000001,0.0,0.0,0.0,,0.0,20.732463836669922,28.92035675048828,51.06511688232422,133.09974670410156,247.56874084472656,338.15985107421875,387.1889953613281,416.9383544921875,395.4487609863281,344.77471923828125,343.6158447265625,352.0641784667969
2020291N06141,SAUDEL,2020,2020-10-20 12:00:00,16.0,122.0,45,45,1.0,3.0,0,0,15,275,40,385.78753662109375,1799.72705078125,387.38995361328125,437.49749755859375,407.4439392089844,74.08,385.78753662109375,373.22308349609375,355.7054138183594,79.45892333984375,373.22308349609375,397.0827331542969,420.5592346191406,430.8296813964844,445.2787780761719,458.063720703125,464.27813720703125,457.1879577636719,440.7038879394531,405.7479553222656,386.0110778808594,406.4844665527344,400.7671203613281
2020291N06141,SAUDEL,2020,2020-10-20 15:00:00,16.1,121.1,43,45,0.9555555555555556,6.0,0,0,18,275,40,640.9815673828125,2267.223388671875,415.99652099609375,546.937744140625,429.1401672363281,74.08,640.9815673828125,642.0802612304688,643.7213745117188,773.9383544921875,642.0802612304688,590.6640014648438,561.0051879882812,543.0931396484375,526.549560546875,513.5486450195312,502.4736328125,491.96539306640625,483.76263427734375,472.1936950683594,456.4147033691406,423.3009033203125,378.8008117675781
2020291N06141,SAUDEL,2020,2020-10-20 18:00:00,16.2,120.1,40,45,0.8888888888888888,9.0,11,0,15,270,40,87.2463607788086,1598.5347900390625,154.6315460205078,239.99424743652344,458.3311767578125,74.08,87.2463607788086,83.21560668945312,79.27433013916016,35.86322021484375,83.21560668945312,155.3512725830078,216.614501953125,238.72938537597656,269.0939025878906,303.7945861816406,338.5938415527344,366.57568359375,389.6287536621094,409.6517639160156,434.5173645019531,454.6039733886719,421.1211242675781
2020291N06141,SAUDEL,2020,2020-10-20 21:00:00,16.1,119.5,43,45,0.9555555555555556,12.0,24,24,11,265,38,33.75926971435547,212.19371032714844,41.93366622924805,64.37216186523438,263.1846618652344,70.376,33.75926971435547,32.757808685302734,30.949758529663086,0.0,32.757808685302734,37.23973083496094,60.02655029296875,77.80795288085938,93.72531127929688,107.86869812011719,122.4639663696289,142.80062866210938,155.8658905029297,169.0525360107422,210.9956512451172,301.6747741699219,402.3204345703125
2020291N06141,SAUDEL,2020,2020-10-21 00:00:00,16.0,119.0,45,45,1.0,15.0,74,74,9,265,35,,,,,126.6069107055664,64.82000000000001,,,,,,,,,0.0,10.335845947265625,24.00530433654785,28.742965698242188,29.390026092529297,36.29454040527344,96.60324096679688,195.2490997314453,264.0157775878906
2020296N09137,MOLAVE,2020,2020-10-25 09:00:00,13.4,124.1,68,68,1.0,0.0,15,0,15,265,15,122.195556640625,2430.315673828125,201.19796752929688,45.328548431396484,134.53515625,27.78,122.195556640625,114.00558471679688,104.9719467163086,32.33938217163086,114.00558471679688,127.83247375488281,119.2493896484375,115.7390365600586,113.83399200439453,115.2955093383789,114.05785369873047,109.60852813720703,103.66018676757812,94.69621276855469,83.969482421875,82.97137451171875,84.23104095458984
2020296N09137,MOLAVE,2020,2020-10-25 12:00:00,13.3,123.2,70,68,1.0294117647058822,3.0,10,0,15,265,15,114.7344741821289,1950.4090576171875,192.93222045898438,56.85663986206055,114.85894775390625,27.78,114.7344741821289,110.77998352050781,106.04792022705078,53.516448974609375,110.77998352050781,104.48492431640625,99.84918975830078,100.73783874511719,98.97943115234375,96.59170532226562,94.35641479492188,92.45494079589844,89.7308120727539,87.62236022949219,90.3668441772461,81.4525146484375,73.60124969482422
2020296N09137,MOLAVE,2020,2020-10-25 15:00:00,13.2,122.5,73,68,1.0735294117647058,6.0,10,10,14,265,13,58.07932662963867,449.0736389160156,82.07211303710938,89.39110565185547,58.07932662963867,25.0,58.07932662963867,54.195064544677734,49.809757232666016,84.14261627197266,54.195064544677734,66.17352294921875,68.53668212890625,66.34635162353516,62.66126251220703,64.37611389160156,70.51461029052734,75.89292907714844,81.50078582763672,85.68861389160156,82.82225799560547,105.78032684326172,127.23291778564453
2020296N09137,MOLAVE,2020,2020-10-25 18:00:00,13.2,121.8,75,68,1.1029411764705883,9.0,39,0,13,265,10,81.3159408569336,1149.009033203125,143.71119689941406,114.53395080566406,81.3159408569336,25.0,81.3159408569336,76.4096908569336,70.70008850097656,105.38861083984375,76.4096908569336,69.33182525634766,95.76553344726562,114.36447143554688,142.83140563964844,175.14340209960938,195.46141052246094,204.08079528808594,209.9110565185547,209.55015563964844,182.1626739501953,166.31719970703125,144.77394104003906
2020296N09137,MOLAVE,2020,2020-10-25 21:00:00,13.1,121.2,78,68,1.1470588235294117,12.0,0,0,13,270,10,442.6256103515625,2541.97216796875,491.911376953125,438.09478759765625,442.6256103515625,25.0,442.6256103515625,436.10638427734375,426.97955322265625,437.4855041503906,436.10638427734375,380.7681884765625,333.1022644042969,315.7052917480469,298.6856689453125,282.5711669921875,270.85748291015625,258.0600280761719,245.62957763671875,225.070556640625,210.8131103515625,171.63462829589844,151.3173370361328
2020296N09137,MOLAVE,2020,2020-10-26 00:00:00,13.1,120.4,80,68,1.1764705882352942,15.0,15,15,15,270,10,201.4999542236328,1490.8521728515625,273.1013488769531,20.639850616455078,201.4999542236328,25.0,201.4999542236328,192.60623168945312,182.04904174804688,16.605588912963867,192.60623168945312,265.95587158203125,325.1498107910156,345.4927673339844,346.9175109863281,333.4751892089844,323.76422119140625,309.3736572265625,293.2167663574219,262.3672790527344,233.12771606445312,195.2701873779297,157.20260620117188
2020296N09137,MOLAVE,2020,2020-10-26 03:00:00,13.2,119.7,83,68,1.2205882352941178,18.0,68,68,15,275,10,,,,,,25.0,,,,,,,6.452302386605879e-06,47.145668029785156,62.9135856628418,90.9157943725586,76.62678527832031,88.94405364990234,98.51611328125,102.1519775390625,123.10698699951172,188.8146514892578,185.90139770507812
2020299N11144,GONI,2020,2020-10-31 18:00:00,13.7,125.0,170,170,1.0,0.0,64,0,15,255,5,,,,,,25.0,,,,,,0.0,54.353431701660156,92.74978637695312,103.78577423095703,125.38348388671875,144.7632293701172,151.15728759765625,137.1256866455078,117.04513549804688,85.5106430053711,79.65975952148438,95.09547424316406
2020299N11144,GONI,2020,2020-10-31 21:00:00,13.6,124.3,150,170,0.8823529411764706,3.0,0,0,15,265,5,124.12580871582031,804.8955078125,160.7403106689453,183.15113830566406,124.12580871582031,25.0,124.12580871582031,117.18597412109375,109.67428588867188,175.444091796875,117.18597412109375,94.99079895019531,85.03799438476562,94.24423217773438,111.6839599609375,118.57685089111328,116.65164184570312,116.55616760253906,120.15613555908203,113.41586303710938,97.70806884765625,86.20833587646484,82.6346435546875
2020299N11144,GONI,2020,2020-11-01 00:00:00,13.5,123.6,130,170,0.7647058823529411,6.0,0,0,14,270,5,136.0355682373047,2425.95947265625,210.8965301513672,177.70973205566406,136.0355682373047,25.0,136.0355682373047,134.10247802734375,131.39508056640625,173.230224609375,134.10247802734375,112.0791244506836,106.01532745361328,104.15874481201172,102.34467315673828,100.2443618774414,96.45269012451172,94.33734130859375,93.4721908569336,95.23849487304688,90.24962615966797,83.48150634765625,75.49688720703125
2020299N11144,GONI,2020,2020-11-01 03:00:00,13.6,122.8,103,170,0.6058823529411764,9.0,10,0,14,275,5,98.81494140625,1486.0299072265625,143.2324676513672,69.43251037597656,98.81494140625,25.0,98.81494140625,95.45372009277344,91.4999008178711,65.65818786621094,95.45372009277344,89.62516784667969,89.46723175048828,87.11003875732422,84.8412857055664,83.30308532714844,84.95494842529297,87.95999145507812,88.87464141845703,88.15259552001953,80.73622131347656,84.53141784667969,114.08861541748047
2020299N11144,GONI,2020,2020-11-01 06:00:00,13.7,122.2,75,170,0.4411764705882353,12.0,0,0,12,285,5,62.887969970703125,840.5482788085938,95.36311340332031,55.391414642333984,62.887969970703125,25.0,62.887969970703125,60.63127899169922,58.3073616027832,53.153690338134766,60.63127899169922,67.16923522949219,73.5929183959961,78.08364868164062,80.56808471679688,85.55113983154297,93.19612121582031,96.2330093383789,95.51338958740234,92.22213745117188,88.76021575927734,136.79449462890625,149.06146240234375
2020299N11144,GONI,2020,2020-11-01 09:00:00,13.9,121.6,68,170,0.4,15.0,0,0,11,295,5,154.09629821777344,2129.593994140625,204.29832458496094,179.6231231689453,154.09629821777344,25.0,154.09629821777344,149.91893005371094,144.4145965576172,174.18106079101562,149.91893005371094,133.28057861328125,119.87738037109375,116.31558227539062,115.47430419921875,115.0691909790039,116.94918823242188,123.12895202636719,133.12489318847656,153.65602111816406,170.66600036621094,173.3729705810547,161.43267822265625
2020299N11144,GONI,2020,2020-11-01 12:00:00,14.1,121.2,60,170,0.3529411764705882,18.0,0,0,12,290,5,156.00723266601562,2128.088623046875,191.11514282226562,148.06968688964844,156.00723266601562,25.0,156.00723266601562,155.6839141845703,154.8303680419922,147.636962890625,155.6839141845703,146.1210174560547,139.45449829101562,139.16244506835938,141.1996612548828,145.84571838378906,152.48988342285156,161.42416381835938,167.73582458496094,174.5160369873047,166.64303588867188,173.9132843017578,179.41818237304688
2020299N11144,GONI,2020,2020-11-01 15:00:00,14.3,120.5,55,170,0.3235294117647059,21.0,11,10,14,285,18,142.78488159179688,1371.30517578125,192.24327087402344,118.50153350830078,104.43230438232422,33.336,142.78488159179688,135.695556640625,127.42831420898438,91.15728759765625,135.695556640625,121.68531799316406,95.58647155761719,91.53656005859375,93.11109924316406,94.23054504394531,97.84529876708984,109.86682891845703,122.86136627197266,149.9839324951172,181.10386657714844,193.8675994873047,197.2718505859375
2020299N11144,GONI,2020,2020-11-01 18:00:00,14.5,119.8,50,170,0.2941176470588235,24.0,46,46,13,280,30,57.54520797729492,888.8496704101562,123.00186920166016,104.56623840332031,177.63134765625,55.56,57.54520797729492,47.50651550292969,36.70532989501953,,47.50651550292969,87.13684844970703,110.98186492919922,148.56900024414062,158.610107421875,164.28182983398438,159.68875122070312,159.47581481933594,161.93544006347656,169.91680908203125,172.69607543945312,157.65878295898438,180.80679321289062
2020313N08135,VAMCO,2020,2020-11-11 15:00:00,14.9,122.1,98,98,1.0,0.0,48,0,15,285,8,19.190139770507812,314.39453125,38.474876403808594,26.02028465270996,19.190139770507812,25.0,19.190139770507812,17.705778121948242,15.729975700378418,24.886493682861328,17.705778121948242,30.65761375427246,86.8545913696289,120.20549011230469,140.43209838867188,154.50320434570312,170.80780029296875,177.05982971191406,181.34706115722656,186.23326110839844,171.59011840820312,170.59608459472656,202.64688110351562
2020313N08135,VAMCO,2020,2020-11-11 18:00:00,15.1,121.3,95,98,0.9693877551020408,3.0,0,0,15,280,10,286.87652587890625,1862.2667236328125,280.23052978515625,368.4744567871094,286.87652587890625,25.0,286.87652587890625,284.18194580078125,280.1646423339844,367.8853759765625,284.18194580078125,252.67283630371094,219.39193725585938,203.92408752441406,191.53404235839844,182.099853515625,178.003662109375,179.3229522705078,184.6940460205078,204.9209747314453,229.51028442382812,251.06442260742188,272.4056396484375
2020313N08135,VAMCO,2020,2020-11-11 21:00:00,15.2,120.6,88,98,0.8979591836734694,6.0,0,0,15,275,10,145.3815460205078,1645.4786376953125,224.88829040527344,132.68399047851562,145.3815460205078,25.0,145.3815460205078,145.2067413330078,145.0311737060547,132.3445587158203,145.2067413330078,156.03713989257812,170.14605712890625,174.06631469726562,180.2296142578125,182.01046752929688,187.2483673095703,194.3763885498047,198.89334106445312,210.7200469970703,235.80230712890625,268.6802062988281,304.47552490234375
2020313N08135,VAMCO,2020,2020-11-12 00:00:00,15.2,119.8,80,98,0.8163265306122449,9.0,24,24,14,275,10,272.4161376953125,2016.385009765625,372.04931640625,1.6023443937301636,272.4161376953125,25.0,272.4161376953125,262.80865478515625,249.64849853515625,1.1035634279251099,262.80865478515625,318.1825256347656,341.9906005859375,324.83721923828125,298.7241516113281,275.5200500488281,253.61685180664062,231.74526977539062,211.70787048339844,183.477294921875,151.7039031982422,144.6582794189453,283.41766357421875
2020313N08135,VAMCO,2020,2020-11-12 03:00:00,15.3,119.1,78,98,0.7959183673469388,12.0,86,86,13,270,13,,,,,,25.0,,,,,,,,,,0.0,1.207648515701294,3.739032506942749,9.536218643188477,115.83292388916016,251.13719177246094,231.12001037597656,155.00645446777344
2021248N11131,CONSON,2021,2021-09-06 12:00:00,11.2,126.0,60,60,1.0,0.0,31,0,11,295,20,9.993086814880371,266.62890625,29.805631637573242,5.861713409423828,56.261474609375,37.04,9.993086814880371,8.913568496704102,7.903576374053955,0.0,8.913568496704102,27.113435745239258,42.80698776245117,54.00884246826172,65.24052429199219,77.5549545288086,86.58772277832031,94.77996826171875,100.42070007324219,98.23597717285156,89.9894790649414,121.66514587402344,102.42871856689453
2021248N11131,CONSON,2021,2021-09-06 15:00:00,11.4,125.5,60,60,1.0,3.0,0,0,11,290,15,130.18063354492188,700.751953125,140.80992126464844,121.72020721435547,126.53085327148438,27.78,130.18063354492188,127.0648422241211,123.24089813232422,116.0986099243164,127.0648422241211,118.02546691894531,102.57707214355469,98.97391510009766,97.57263946533203,99.23754119873047,103.62744903564453,111.23243713378906,121.13763427734375,121.11772155761719,123.99111938476562,111.33795928955078,90.05579376220703
2021248N11131,CONSON,2021,2021-09-06 18:00:00,11.6,124.9,60,60,1.0,6.0,10,10,10,295,10,129.10873413085938,1331.9117431640625,159.68348693847656,46.26295471191406,129.10873413085938,25.0,129.10873413085938,126.22853088378906,122.98199462890625,44.227291107177734,126.22853088378906,140.1204833984375,135.04112243652344,130.40452575683594,126.61050415039062,123.32418823242188,119.78160858154297,116.03551483154297,111.57455444335938,104.58880615234375,99.34233856201172,95.06234741210938,86.83826446533203
2021248N11131,CONSON,2021,2021-09-06 21:00:00,11.8,124.6,58,60,0.9666666666666668,9.0,24,21,8,300,10,82.80601501464844,1322.3671875,144.92608642578125,62.965553283691406,82.80601501464844,25.0,82.80601501464844,79.1152572631836,74.89093017578125,56.93369674682617,79.1152572631836,96.24755096435547,108.86878204345703,113.49899291992188,114.18143463134766,111.4067611694336,108.35568237304688,105.34111785888672,101.7728042602539,94.56423950195312,91.11236572265625,88.09684753417969,91.4947280883789
2021248N11131,CONSON,2021,2021-09-07 00:00:00,12.0,124.2,55,60,0.9166666666666666,12.0,10,0,8,300,10,58.900001525878906,1323.4439697265625,120.7318344116211,18.874679565429688,58.900001525878906,25.0,58.900001525878906,54.65032196044922,50.085594177246094,16.697961807250977,54.65032196044922,60.701786041259766,61.69225311279297,60.074222564697266,60.179134368896484,63.852806091308594,67.0667495727539,69.00341033935547,70.21885681152344,74.5126953125,80.55621337890625,80.83544158935547,96.89537048339844
2021248N11131,CONSON,2021,2021-09-07 03:00:00,12.2,123.9,53,60,0.8833333333333333,15.0,10,0,8,300,13,37.52267074584961,639.8893432617188,71.43714141845703,50.00898742675781,37.52267074584961,25.0,37.52267074584961,35.385955810546875,33.053810119628906,47.896060943603516,35.385955810546875,46.69218826293945,55.6854362487793,53.65336608886719,50.4238166809082,49.538352966308594,50.84608459472656,55.31690216064453,57.096702575683594,56.36441421508789,62.9351806640625,75.8011703491211,96.57978057861328
2021248N11131,CONSON,2021,2021-09-07 06:00:00,12.4,123.5,50,60,0.8333333333333334,18.0,0,0,9,300,15,45.3653564453125,684.4588012695312,74.7265396118164,70.93163299560547,41.8341178894043,27.78,45.3653564453125,43.01296615600586,40.75859451293945,69.1532211303711,43.01296615600586,39.8065185546875,40.56480407714844,43.317100524902344,46.102752685546875,49.560577392578125,51.872276306152344,53.397098541259766,59.387916564941406,64.00794982910156,64.80038452148438,66.53846740722656,98.97299194335938
2021248N11131,CONSON,2021,2021-09-07 09:00:00,12.7,123.1,53,60,0.8833333333333333,21.0,31,31,9,305,15,33.60308837890625,446.71429443359375,55.66151809692383,27.32416534423828,39.66337203979492,27.78,33.60308837890625,30.55483055114746,27.110464096069336,21.431909561157227,30.55483055114746,44.99625015258789,66.7738265991211,65.40573120117188,62.78004837036133,63.44111251831055,69.16986846923828,73.73119354248047,77.02497863769531,79.52375030517578,74.78519439697266,73.907958984375,89.43167114257812
2021346N05145,RAI,2021,2021-12-16 09:00:00,10.0,125.1,128,128,1.0,0.0,10,0,18,275,13,107.38790130615234,971.5513916015625,162.5776824951172,83.19255065917969,107.38790130615234,25.0,107.38790130615234,100.17823791503906,91.69839477539062,74.02677917480469,100.17823791503906,110.4044418334961,109.24742889404297,104.34576416015625,100.74029541015625,101.72954559326172,105.87997436523438,109.73316192626953,117.9857177734375,128.99472045898438,132.0769500732422,158.2682342529297,184.88067626953125
2021346N05145,RAI,2021,2021-12-16 12:00:00,10.1,124.2,120,128,0.9375,3.0,0,0,18,275,20,100.18743133544922,858.6116943359375,143.32821655273438,68.5307388305664,109.96515655517578,37.04,100.18743133544922,96.9161148071289,93.04904174804688,48.76593780517578,96.9161148071289,110.16780090332031,107.81553649902344,105.46307373046875,106.97061157226562,112.01655578613281,114.90054321289062,114.65945434570312,115.34861755371094,128.60321044921875,153.1101837158203,155.6781005859375,158.26942443847656
2021346N05145,RAI,2021,2021-12-16 15:00:00,10.1,123.3,115,128,0.8984375,6.0,10,0,17,270,20,286.84027099609375,2412.04443359375,306.6811828613281,280.5529479980469,235.10472106933594,37.04,286.84027099609375,278.787841796875,268.6067810058594,241.69691467285156,278.787841796875,251.09500122070312,237.42529296875,225.73745727539062,215.86135864257812,209.3323974609375,204.58717346191406,199.9295654296875,194.50662231445312,182.13807678222656,165.22418212890625,155.52110290527344,161.6466827392578
2021346N05145,RAI,2021,2021-12-16 18:00:00,10.1,122.5,110,128,0.859375,9.0,22,22,15,270,20,119.32962799072266,625.4437866210938,138.32162475585938,121.57286834716797,171.6681365966797,37.04,119.32962799072266,113.91545104980469,108.46908569335938,100.35125732421875,113.91545104980469,140.59771728515625,159.38475036621094,168.16331481933594,180.762451171875,188.88943481445312,192.24057006835938,193.6666259765625,195.92823791503906,209.4323272705078,217.1234588623047,198.2821807861328,160.47073364257812
2021346N05145,RAI,2021,2021-12-16 21:00:00,10.1,121.7,103,128,0.8046875,12.0,40,40,14,265,20,44.57047653198242,380.4603271484375,72.37301635742188,,64.8458023071289,37.04,44.57047653198242,37.664817810058594,34.96662902832031,,37.664817810058594,43.554344177246094,54.40513610839844,57.61002731323242,65.7716293334961,68.832763671875,82.9593276977539,99.99723052978516,114.25872039794922,132.49000549316406,143.6857452392578,170.4136199951172,186.5554962158203
2022232N18131,MA-ON,2022,2022-08-23 03:00:00,17.5,122.2,65,65,1.0,0.0,10,0,14,305,20,382.41253662109375,1803.9739990234375,373.70098876953125,514.3762817382812,259.8693542480469,37.04,382.41253662109375,378.9061279296875,371.40850830078125,529.5948486328125,378.9061279296875,309.62939453125,267.20196533203125,255.60154724121094,248.71841430664062,243.9625701904297,237.77239990234375,236.43760681152344,239.51316833496094,262.7425537109375,320.9402770996094,407.87872314453125,459.7596740722656
2022232N18131,MA-ON,2022,2022-08-23 06:00:00,17.9,121.6,55,65,0.8461538461538461,3.0,0,0,14,300,20,190.64242553710938,1588.4573974609375,238.04811096191406,114.60274505615234,340.53729248046875,37.04,190.64242553710938,189.07571411132812,187.5748291015625,85.74266815185547,189.07571411132812,262.15838623046875,315.20648193359375,341.8401184082031,364.5289001464844,381.3085632324219,390.80938720703125,393.72283935546875,395.6268615722656,398.82879638671875,390.1163330078125,394.512939453125,446.4954833984375
2022232N18131,MA-ON,2022,2022-08-23 09:00:00,18.2,121.0,53,65,0.8153846153846154,6.0,0,0,13,295,20,419.69000244140625,2329.100830078125,378.37823486328125,547.3590087890625,378.038818359375,37.04,419.69000244140625,420.11383056640625,420.7434387207031,715.26953125,420.11383056640625,383.864013671875,377.56890869140625,372.4624938964844,365.8406677246094,360.38348388671875,357.8404541015625,354.5646057128906,354.6243591308594,362.16156005859375,382.99835205078125,404.6112060546875,427.8730163574219
2022232N18131,MA-ON,2022,2022-08-23 12:00:00,18.4,120.4,50,65,0.7692307692307693,9.0,21,21,14,295,20,151.4549102783203,1286.9920654296875,202.54737854003906,93.8226089477539,367.9612731933594,37.04,151.4549102783203,144.37002563476562,135.7364044189453,32.18803024291992,144.37002563476562,220.6572265625,323.2071228027344,365.1687316894531,385.2549133300781,387.103759765625,380.2942810058594,373.0360107421875,369.1640319824219,359.7682189941406,369.0452880859375,397.18707275390625,442.4637451171875
2022232N18131,MA-ON,2022,2022-08-23 15:00:00,18.8,119.6,53,65,0.8153846153846154,12.0,114,114,16,290,20,,,,,,37.04,,,,,,,,,,,,,,1.987491250038147,71.30696105957031,180.03518676757812,334.400146484375
2022264N17132,NORU,2022,2022-09-25 12:00:00,15.2,121.4,115,115,1.0,0.0,0,0,13,280,5,347.5776062011719,1862.4945068359375,319.055419921875,336.4664611816406,347.5776062011719,25.0,347.5776062011719,341.9703369140625,334.0604248046875,325.60198974609375,341.9703369140625,289.8396911621094,242.8160858154297,227.9034423828125,217.10597229003906,211.20254516601562,207.71432495117188,207.6354522705078,210.31788635253906,220.8252716064453,244.22549438476562,268.43011474609375,285.36077880859375
2022264N17132,NORU,2022,2022-09-25 15:00:00,15.3,120.7,103,115,0.8956521739130435,3.0,0,0,15,280,8,112.46246337890625,1561.1767578125,187.8807373046875,47.607059478759766,112.46246337890625,25.0,112.46246337890625,111.83964538574219,111.27934265136719,47.284217834472656,111.83964538574219,147.74212646484375,180.42115783691406,190.2392578125,199.9686737060547,206.7364501953125,212.5817413330078,221.3122100830078,230.16632080078125,245.55140686035156,264.4586181640625,293.56903076171875,316.5376281738281
2022264N17132,NORU,2022,2022-09-25 18:00:00,15.5,119.9,90,115,0.782608695652174,6.0,10,10,16,285,10,347.1139221191406,2014.118896484375,376.55615234375,237.07638549804688,347.1139221191406,25.0,347.1139221191406,341.8711242675781,336.4942932128906,223.31971740722656,341.8711242675781,290.0466613769531,252.89366149902344,237.17916870117188,221.44309997558594,205.7166290283203,190.2041473388672,176.51019287109375,166.09103393554688,155.5732421875,170.9755096435547,239.6171112060547,350.6868896484375
2022264N17132,NORU,2022,2022-09-25 21:00:00,15.7,119.1,85,115,0.7391304347826086,9.0,72,67,15,290,10,,,,,,25.0,,,,,,,0.0,0.11059973388910294,2.425045967102051,6.261657238006592,11.009761810302734,22.27826690673828,50.701297760009766,118.3637924194336,214.8479766845703,203.48989868164062,230.42652893066406
2022299N11134,NALGAE,2022,2022-10-28 15:00:00,13.4,124.7,53,53,1.0,0.0,46,0,14,285,25,36.465126037597656,383.28955078125,69.82642364501953,20.621797561645508,94.03313446044922,46.300000000000004,36.465126037597656,31.566011428833008,27.717679977416992,,31.566011428833008,119.18033599853516,127.79653930664062,125.37528228759766,115.46025848388672,98.56034088134766,90.15616607666016,84.41400909423828,79.68132781982422,77.78096008300781,91.35375213623047,99.5665054321289,84.91746520996094
2022299N11134,NALGAE,2022,2022-10-28 18:00:00,13.5,123.9,55,53,1.0377358490566038,3.0,22,0,15,280,25,142.8917236328125,2425.282958984375,213.15916442871094,142.79122924804688,107.1581039428711,46.300000000000004,142.8917236328125,135.74229431152344,127.79751586914062,11.521797180175781,135.74229431152344,141.46673583984375,124.80216217041016,115.7716293334961,108.84930419921875,107.12870788574219,104.38786315917969,100.76419830322266,97.39055633544922,94.26667022705078,86.16062927246094,86.3304443359375,78.66825103759766
2022299N11134,NALGAE,2022,2022-10-28 21:00:00,13.6,123.1,55,53,1.0377358490566038,6.0,0,0,15,275,25,102.69181823730469,1948.83837890625,170.44239807128906,103.8702392578125,98.74263000488281,46.300000000000004,102.69181823730469,99.73290252685547,96.0697250366211,57.26084518432617,99.73290252685547,107.70708465576172,107.77548217773438,106.4149398803711,104.6393814086914,101.37129974365234,97.26545715332031,93.54158782958984,90.20587921142578,85.23519897460938,85.22594451904297,84.75680541992188,82.65937042236328
2022299N11134,NALGAE,2022,2022-10-29 00:00:00,13.7,122.4,55,53,1.0377358490566038,9.0,0,0,11,280,25,69.46154022216797,979.7200317382812,97.5633316040039,60.32634735107422,75.13429260253906,46.300000000000004,69.46154022216797,66.71991729736328,63.29909896850586,72.79177856445312,66.71991729736328,85.8984375,87.491455078125,84.47084045410156,80.10979461669922,76.40680694580078,72.98970794677734,71.07714080810547,72.08795166015625,84.07286071777344,88.1159439086914,99.83832550048828,149.16371154785156
2022299N11134,NALGAE,2022,2022-10-29 03:00:00,13.8,122.1,55,53,1.0377358490566038,12.0,0,0,7,290,25,56.25419998168945,840.6635131835938,86.50202941894531,52.67824935913086,107.53978729248047,46.300000000000004,56.25419998168945,54.03125762939453,51.36970901489258,42.48516845703125,54.03125762939453,63.59515380859375,77.44976806640625,90.02313995361328,99.43292236328125,103.19749450683594,103.51148223876953,102.97318267822266,103.01300811767578,99.09305572509766,93.32633972167969,148.44509887695312,152.10816955566406
2022299N11134,NALGAE,2022,2022-10-29 06:00:00,13.9,121.8,55,53,1.0377358490566038,15.0,11,0,7,305,25,114.22409057617188,2129.811767578125,201.73033142089844,116.56075286865234,109.30447387695312,46.300000000000004,114.22409057617188,109.24246978759766,103.8173599243164,61.20011901855469,109.24246978759766,108.0927505493164,113.60324096679688,115.01103210449219,114.06855010986328,110.18513488769531,106.66625213623047,106.1379623413086,108.01873779296875,119.5130615234375,146.35223388671875,167.6582794189453,157.5134735107422
2022299N11134,NALGAE,2022,2022-10-29 09:00:00,14.2,121.5,50,53,0.9433962264150944,18.0,0,0,10,315,25,160.81912231445312,2130.2578125,202.9663543701172,163.56228637695312,150.75503540039062,46.300000000000004,160.81912231445312,157.95443725585938,154.00094604492188,267.52215576171875,157.95443725585938,158.0760498046875,162.25157165527344,161.57455444335938,158.65362548828125,154.78982543945312,149.41944885253906,143.37554931640625,136.6036834716797,131.73040771484375,142.92886352539062,160.7029266357422,177.01858520507812
2022299N11134,NALGAE,2022,2022-10-29 12:00:00,14.6,121.1,45,53,0.8490566037735849,21.0,0,0,13,315,25,172.22149658203125,1503.6566162109375,235.09796142578125,166.2404327392578,168.54037475585938,46.300000000000004,172.22149658203125,170.43231201171875,168.16299438476562,81.36561584472656,170.43231201171875,181.24142456054688,178.34803771972656,181.2284393310547,179.03201293945312,173.35365295410156,168.0914764404297,164.407958984375,162.82777404785156,161.3772735595703,161.2398681640625,175.72921752929688,226.57737731933594
2022299N11134,NALGAE,2022,2022-10-29 15:00:00,15.1,120.5,43,53,0.8113207547169812,24.0,0,0,15,310,23,173.58668518066406,1646.8489990234375,244.8075714111328,174.07228088378906,172.94541931152344,42.596000000000004,173.58668518066406,173.1337890625,172.2129669189453,249.05938720703125,173.1337890625,165.7134246826172,171.0770263671875,169.98367309570312,168.15792846679688,170.57598876953125,175.44595336914062,176.1901092529297,175.69158935546875,187.66404724121094,206.39964294433594,239.3845977783203,294.1843566894531
2022299N11134,NALGAE,2022,2022-10-29 18:00:00,15.6,119.9,40,53,0.7547169811320755,27.0,10,10,14,295,20,310.3851013183594,2014.0120849609375,369.9293212890625,342.8355407714844,220.15945434570312,37.04,310.3851013183594,306.189208984375,301.56298828125,183.67491149902344,306.189208984375,255.63185119628906,225.0574951171875,215.36390686035156,206.1335906982422,196.1416778564453,185.6588897705078,175.6158447265625,168.73709106445312,167.78311157226562,194.43756103515625,267.51898193359375,367.9421081542969
2022299N11134,NALGAE,2022,2022-10-29 21:00:00,15.7,119.2,40,53,0.7547169811320755,30.0,63,63,13,275,20,,,,,5.288458347320557,37.04,,,,,,0.0,2.064896583557129,5.404430866241455,9.645122528076172,23.66945457458496,54.06219482421875,88.33845520019531,125.47540283203125,204.73255920410156,216.55418395996094,194.08314514160156,257.5090026855469
