SID,ISO_TIME,LAT,LON,hmean_res5,hmean_res20,hmean_res90,hmax_r50,hstd_r50,npx_r50,hmean_res500,hmean_res1000,hmean_rad25,hmean_rad50,hmean_rad75,hmean_rad100,hmean_rmw,hmean_2rmw,rmw_km
1977194N06142,1977-07-16 21:00:00,11.7,126.0,,0.0,0.0,0.0,0.0,208,0.0,0.0,,0.0,55.8740348815918,120.10844421386719,,,
1977194N06142,1977-07-17 00:00:00,12.2,125.4,,112.19668579101562,111.58690643310547,821.3469848632812,135.94598388671875,575701,108.8912124633789,106.01023864746094,35.3509521484375,111.58690643310547,121.08695983886719,108.32234954833984,,,
1977194N06142,1977-07-17 03:00:00,12.6,124.8,,72.82299041748047,72.33831787109375,568.65478515625,79.798583984375,528339,70.18222045898438,67.60088348388672,31.198453903198242,72.33831787109375,94.4027099609375,87.22824096679688,,,
1977194N06142,1977-07-17 06:00:00,12.9,124.4,,61.603790283203125,60.44576644897461,1532.0677490234375,132.4190216064453,304432,55.663002014160156,51.17118453979492,0.6542272567749023,60.44576644897461,69.59222412109375,83.43804168701172,,,
1977194N06142,1977-07-17 09:00:00,13.2,123.9,,110.5302734375,109.53113555908203,2427.0966796875,193.32333374023438,638914,105.08711242675781,99.8844223022461,119.86605834960938,109.53113555908203,112.38790130615234,94.20213317871094,,,
1977194N06142,1977-07-17 12:00:00,13.6,123.4,,126.6640396118164,126.05249786376953,2428.6015625,208.14060974121094,807986,123.25609588623047,119.7391357421875,149.09072875976562,126.05249786376953,101.67166900634766,103.58873748779297,,,
1977194N06142,1977-07-17 15:00:00,13.9,122.8,,99.96214294433594,99.34889221191406,1484.8709716796875,141.13739013671875,778258,97.05025482177734,93.99054718017578,177.6184539794922,99.34889221191406,83.38972473144531,81.21599578857422,,,
1977194N06142,1977-07-17 18:00:00,14.2,122.2,,54.50429153442383,53.98297119140625,705.7647705078125,77.06906127929688,582778,51.69186782836914,48.877593994140625,16.609350204467773,53.98297119140625,90.13865661621094,104.97832489013672,,,
1977194N06142,1977-07-17 21:00:00,14.6,121.6,,245.1350555419922,243.782470703125,1499.87109375,253.12342834472656,723675,238.88442993164062,231.27586364746094,269.2055358886719,243.782470703125,188.37640380859375,158.89599609375,,,
1977194N06142,1977-07-18 00:00:00,15.0,121.1,,203.9171142578125,203.65357971191406,1500.3531494140625,251.31146240234375,980907,202.7218475341797,202.0865478515625,232.18624877929688,203.65357971191406,178.2017364501953,185.4629669189453,,,
1977194N06142,1977-07-18 03:00:00,15.4,120.5,,228.8834228515625,229.0106964111328,2012.4306640625,324.49188232421875,1009560,229.83213806152344,230.79269409179688,163.81361389160156,229.0106964111328,159.52957153320312,213.43624877929688,,,
1977194N06142,1977-07-18 06:00:00,15.7,120.0,,248.23919677734375,247.6053009033203,2012.1854248046875,347.7221374511719,729251,245.2608184814453,242.63697814941406,314.01025390625,247.6053009033203,188.2025909423828,191.1731719970703,,,
1977194N06142,1977-07-18 09:00:00,15.9,119.4,,13.881327629089355,13.63081169128418,139.66969299316406,24.954696655273438,69947,12.501396179199219,11.211910247802734,,13.63081169128418,80.36279296875,202.62677001953125,,,
1977254N19147,1977-09-15 12:00:00,18.2,122.6,,224.8255615234375,221.7613525390625,1116.408203125,242.51800537109375,112079,206.7342071533203,192.28759765625,,221.7613525390625,234.9705810546875,251.3714141845703,,,
1977254N19147,1977-09-15 15:00:00,18.0,122.0,,224.79251098632812,224.1351318359375,1774.1026611328125,294.0249938964844,776945,221.25587463378906,216.3330078125,267.2922058105469,224.1351318359375,206.45921325683594,255.5053253173828,,,
1977254N19147,1977-09-15 18:00:00,17.7,121.3,,506.6171569824219,506.62451171875,2414.4658203125,475.3567199707031,1021820,506.5616760253906,506.99212646484375,534.3209228515625,506.62451171875,475.1543273925781,443.2498779296875,,,
1977254N19147,1977-09-15 21:00:00,17.5,120.6,,490.46917724609375,489.09912109375,2538.0810546875,499.6614990234375,815744,483.0811462402344,474.7789306640625,207.1780548095703,489.09912109375,660.529296875,656.7560424804688,,,
1977254N19147,1977-09-16 00:00:00,17.4,120.1,,57.18903732299805,56.353851318359375,732.675048828125,99.71121978759766,162240,52.91691970825195,48.2777214050293,0.0,56.353851318359375,235.2764892578125,518.6520385742188,,,
1977254N19147,1977-09-16 03:00:00,17.3,119.6,,,,,,0,,,,,,35.17232131958008,,,
1977308N07156,1977-11-13 18:00:00,14.8,121.9,,118.44520568847656,116.34613037109375,1200.72119140625,200.43316650390625,416850,107.020751953125,96.89323425292969,32.30264663696289,116.34613037109375,213.82470703125,189.31158447265625,,,
1977308N07156,1977-11-13 21:00:00,15.0,121.3,,272.16387939453125,271.7442321777344,1505.3778076171875,260.9759216308594,846299,270.01666259765625,267.0779724121094,439.4906005859375,271.7442321777344,198.59410095214844,175.14572143554688,,,
1977308N07156,1977-11-14 00:00:00,15.1,120.7,,116.2040023803711,115.98998260498047,1559.1138916015625,190.77488708496094,973133,114.93595886230469,113.44976043701172,41.46880340576172,115.98998260498047,181.5273895263672,205.5071563720703,,,
1977308N07156,1977-11-14 03:00:00,15.2,120.0,,365.3780517578125,364.08404541015625,2013.8284912109375,356.372802734375,541580,357.8228759765625,351.71746826171875,197.74349975585938,364.08404541015625,256.4594421386719,173.6177978515625,,,
1977308N07156,1977-11-14 06:00:00,15.4,119.4,,,,,,0,,,,,110.64126586914062,286.5840759277344,,,
1978105N04149,1978-04-19 18:00:00,10.8,126.0,,14.357426643371582,13.886672973632812,366.77166748046875,42.63853073120117,114666,12.020356178283691,10.257195472717285,7.410218238830566,13.886672973632812,35.26784896850586,70.65363311767578,,,
1978105N04149,1978-04-19 21:00:00,11.1,125.4,,85.81782531738281,84.961669921875,701.627197265625,116.1827392578125,537019,81.36640167236328,77.56480407714844,107.12456512451172,84.961669921875,128.33604431152344,132.38427734375,,,
1978105N04149,1978-04-20 00:00:00,11.3,124.7,,119.76233673095703,119.14769744873047,1334.185791015625,197.34207153320312,818038,116.44886779785156,113.2514419555664,151.88291931152344,119.14769744873047,122.31419372558594,120.939453125,,,
1978105N04149,1978-04-20 03:00:00,11.6,124.0,,31.61496353149414,30.80112075805664,1193.17138671875,87.7547836303711,385244,27.249629974365234,23.41231918334961,4.7877583503723145,30.80112075805664,48.331302642822266,61.69575119018555,,,
1978105N04149,1978-04-20 06:00:00,11.9,123.4,,32.9340934753418,32.38117599487305,573.9427490234375,63.078914642333984,411151,29.97955894470215,27.171276092529297,12.775647163391113,32.38117599487305,37.80061721801758,37.658870697021484,,,
1978105N04149,1978-04-20 09:00:00,12.1,122.8,,141.84909057617188,138.38597106933594,2019.571044921875,283.6546630859375,138621,124.84164428710938,110.67105865478516,0.008850153535604477,138.38597106933594,56.33401107788086,81.05415344238281,,,
1978264N08147,1978-09-26 15:00:00,12.9,124.2,,72.95745849609375,71.97541809082031,1531.249755859375,141.83177185058594,491433,67.7129898071289,63.739253997802734,75.94276428222656,71.97541809082031,73.47618865966797,91.22709655761719,,,
1978264N08147,1978-09-26 18:00:00,13.1,123.7,,108.14917755126953,107.21401977539062,2429.736572265625,183.42771911621094,748144,103.49329376220703,99.09781646728516,137.30642700195312,107.21401977539062,96.78254699707031,92.11078643798828,,,
1978264N08147,1978-09-26 21:00:00,13.3,123.0,,60.17559814453125,59.541805267333984,734.1522216796875,86.57991790771484,567829,56.64765930175781,53.901065826416016,13.808586120605469,59.541805267333984,104.81233978271484,96.1883773803711,,,
1978264N08147,1978-09-27 00:00:00,13.5,122.4,,73.64460754394531,72.73533630371094,891.3607177734375,101.84745788574219,564284,69.2457046508789,64.4554672241211,70.85559844970703,72.73533630371094,86.18148803710938,73.64837646484375,,,
1978264N08147,1978-09-27 03:00:00,13.7,121.9,,71.49852752685547,70.72509002685547,840.4855346679688,109.49826049804688,570554,67.65985870361328,64.37615203857422,28.405601501464844,70.72509002685547,99.39986419677734,101.79267883300781,,,
1978264N08147,1978-09-27 06:00:00,13.9,121.4,,155.08560180664062,154.68629455566406,2129.73486328125,198.7668914794922,754470,152.70582580566406,150.35447692871094,192.06076049804688,154.68629455566406,130.08126831054688,170.1563262939453,,,
1978264N08147,1978-09-27 09:00:00,14.1,120.9,,107.72069549560547,107.17681884765625,1062.5640869140625,138.4424591064453,801262,104.68341827392578,102.17333221435547,180.5028839111328,107.17681884765625,126.71931457519531,178.57952880859375,,,
1978264N08147,1978-09-27 12:00:00,14.3,120.3,,133.6688690185547,131.50172424316406,1370.1719970703125,207.8849639892578,255931,123.4422836303711,111.42371368408203,33.607521057128906,131.50172424316406,115.93109893798828,122.01441192626953,,,
1978264N08147,1978-09-27 15:00:00,14.5,119.7,,0.0016246888553723693,0.001303271041251719,0.7811927199363708,0.027056319639086723,1532,0.0005453015328384936,0.00031510202097706497,,0.001303271041251719,82.54195404052734,168.55950927734375,,,
1978279N14142,1978-10-09 18:00:00,15.0,121.5,,324.2586364746094,322.6301574707031,1501.5269775390625,264.3875732421875,674675,316.1236572265625,307.3977355957031,367.708251953125,322.6301574707031,226.08840942382812,175.8284912109375,,,
1978279N14142,1978-10-09 21:00:00,14.9,121.0,,170.7805938720703,170.54747009277344,1499.83251953125,243.43199157714844,918511,169.45127868652344,168.43792724609375,95.1922607421875,170.54747009277344,176.72698974609375,187.7613067626953,,,
1978279N14142,1978-10-10 00:00:00,14.8,120.5,,149.279541015625,148.6291046142578,1560.5986328125,229.58123779296875,768221,145.8738555908203,142.2855224609375,130.36846923828125,148.6291046142578,134.478515625,184.2900390625,,,
1978279N14142,1978-10-10 03:00:00,14.7,120.1,,188.242431640625,187.09181213378906,1371.143310546875,226.93141174316406,383811,181.44308471679688,175.5050506591797,98.33892059326172,187.09181213378906,192.37193298339844,172.8831329345703,,,
1978279N14142,1978-10-10 06:00:00,14.7,119.9,,105.28348541259766,103.86931610107422,1067.7540283203125,159.266845703125,173032,96.94932556152344,89.49481964111328,19.894163131713867,103.86931610107422,209.37509155273438,217.5301513671875,,,
1978279N14142,1978-10-10 09:00:00,14.7,119.5,,,,,,0,,,,,109.32875061035156,183.70318603515625,,,
1978288N10185,1978-10-26 15:00:00,15.1,121.8,,138.28555297851562,136.28836059570312,1184.0731201171875,204.91246032714844,365778,128.2628936767578,118.1609115600586,35.75391387939453,136.28836059570312,296.7837829589844,228.43377685546875,,,
1978288N10185,1978-10-26 18:00:00,15.5,121.2,,258.9903869628906,258.6105041503906,1864.112060546875,310.2317810058594,922013,256.5324401855469,253.8922119140625,345.39654541015625,258.6105041503906,284.3546447753906,306.1290283203125,,,
1978288N10185,1978-10-26 21:00:00,16.0,120.4,,204.49867248535156,203.89955139160156,2220.06689453125,328.4051208496094,899081,200.54696655273438,196.80653381347656,18.512340545654297,203.89955139160156,310.06561279296875,391.4516296386719,,,
1978288N10185,1978-10-27 00:00:00,16.4,119.7,,31.181455612182617,30.85062026977539,189.3212890625,39.63312911987305,197725,29.348817825317383,27.450056076049805,54.601627349853516,30.85062026977539,52.196834564208984,194.3574676513672,,,
1978288N10185,1978-10-27 03:00:00,16.7,119.0,,,,,,0,,,,,,45.76564407348633,,,
1979098N02144,1979-04-15 12:00:00,10.8,125.4,,66.430908203125,65.25541687011719,908.9522705078125,124.02889251708984,399316,59.95559310913086,54.46745681762695,0.0,65.25541687011719,131.0904998779297,128.94369506835938,,,
1979098N02144,1979-04-15 15:00:00,11.1,124.9,,136.8651580810547,136.12843322753906,1298.4580078125,203.30838012695312,761485,132.81185913085938,129.22296142578125,176.94540405273438,136.12843322753906,140.4280242919922,123.6983642578125,,,
1979098N02144,1979-04-15 18:00:00,11.4,124.4,,114.7016372680664,113.16716003417969,1322.0045166015625,196.35964965820312,540611,106.38270568847656,99.05339813232422,97.11666870117188,113.16716003417969,81.92216491699219,102.4186019897461,,,
1979098N02144,1979-04-15 21:00:00,11.7,123.8,,20.686410903930664,20.250154495239258,402.21917724609375,39.67986297607422,318397,18.567853927612305,16.468814849853516,0.9154115915298462,20.250154495239258,33.33116149902344,48.25164794921875,,,
1979098N02144,1979-04-16 00:00:00,12.0,123.3,,42.87065887451172,42.27238082885742,680.5018920898438,77.94718170166016,402953,39.73354721069336,36.703182220458984,18.901891708374023,42.27238082885742,37.85382080078125,47.16786575317383,,,
1979098N02144,1979-04-16 03:00:00,12.2,122.9,,97.2464599609375,95.90489959716797,2024.9671630859375,231.11244201660156,217795,90.47175598144531,84.0877456665039,0.01731710694730282,95.90489959716797,69.59644317626953,57.7271842956543,,,
1979254N10140,1979-09-17 15:00:00,13.8,124.7,,117.81613159179688,116.45613098144531,728.2697143554688,143.82415771484375,117512,110.33402252197266,103.29339599609375,,116.45613098144531,135.40228271484375,103.55204010009766,,,
1979254N10140,1979-09-17 18:00:00,13.8,124.3,,121.76563262939453,119.9017105102539,804.2809448242188,159.78485107421875,336075,111.96952056884766,102.9051513671875,174.77357482910156,119.9017105102539,102.84882354736328,131.47312927246094,,,
1979254N10140,1979-09-17 21:00:00,13.8,124.1,,116.52686309814453,114.79886627197266,1001.625,159.75250244140625,434423,106.38495635986328,97.85806274414062,175.32566833496094,114.79886627197266,120.41162109375,119.05699920654297,,,
1979254N10140,1979-09-18 00:00:00,13.7,123.8,,157.95346069335938,156.30015563964844,1952.1214599609375,231.01966857910156,620000,148.62530517578125,139.4642791748047,105.68689727783203,156.30015563964844,119.51759338378906,105.05181884765625,,,
1979254N10140,1979-09-18 03:00:00,13.6,123.5,,127.55461120605469,127.0282211303711,2424.213623046875,212.6104736328125,809491,124.67298126220703,121.79261016845703,221.3306121826172,127.0282211303711,105.7017593383789,102.96844482421875,,,
1979254N10140,1979-09-18 06:00:00,13.6,123.2,,116.68443298339844,116.02729034423828,1955.29541015625,188.85665893554688,739792,113.32276916503906,108.98896026611328,110.14164733886719,116.02729034423828,112.30840301513672,95.95496368408203,,,
1979254N10140,1979-09-18 09:00:00,13.5,122.9,,73.57372283935547,72.8252944946289,944.288818359375,104.17166900634766,627823,69.45259094238281,65.91436004638672,74.85340118408203,72.8252944946289,98.48878479003906,96.72079467773438,,,
1979254N10140,1979-09-18 12:00:00,13.6,122.7,,99.98175048828125,99.1806640625,1493.970947265625,137.52442932128906,682469,95.43212127685547,91.8198471069336,48.874366760253906,99.1806640625,84.08346557617188,85.64066314697266,,,
1979254N10140,1979-09-18 15:00:00,13.6,122.3,,74.51960754394531,73.8233871459961,894.8474731445312,105.62321472167969,647778,70.8287582397461,67.80123901367188,67.28656768798828,73.8233871459961,86.07768249511719,80.86115264892578,,,
1979254N10140,1979-09-18 18:00:00,13.7,122.0,,73.80032348632812,73.0676040649414,840.2578735351562,108.65480041503906,611930,70.15076446533203,66.85758972167969,31.766902923583984,73.0676040649414,92.92088317871094,106.41451263427734,,,
1979254N10140,1979-09-18 21:00:00,13.8,121.7,,132.69964599609375,131.3765411376953,2129.40673828125,208.82118225097656,570793,125.80769348144531,119.36673736572266,35.57103729248047,131.3765411376953,115.42532348632812,127.974609375,,,
1979254N10140,1979-09-19 00:00:00,13.9,121.3,,153.54246520996094,152.8876495361328,2129.626220703125,199.4700927734375,796382,149.89312744140625,146.50680541992188,171.66859436035156,152.8876495361328,138.7527313232422,180.94659423828125,,,
1979254N10140,1979-09-19 03:00:00,14.0,120.9,,119.97992706298828,119.35807037353516,1072.4219970703125,142.23980712890625,778354,116.82691192626953,113.08195495605469,178.71153259277344,119.35807037353516,142.8292236328125,182.718994140625,,,
1979254N10140,1979-09-19 06:00:00,14.2,120.6,,129.9303741455078,128.7460479736328,1376.0032958984375,172.5065155029297,501130,123.68328857421875,117.81796264648438,81.17488861083984,128.7460479736328,97.07489776611328,140.002685546875,,,
1979254N10140,1979-09-19 09:00:00,14.5,120.3,,141.52572631835938,139.9262237548828,1375.50048828125,205.97799682617188,362676,133.7904510498047,125.32616424560547,208.2080535888672,139.9262237548828,133.56329345703125,128.3124237060547,,,
1979254N10140,1979-09-19 12:00:00,14.8,120.1,,215.73391723632812,214.67425537109375,1560.19140625,253.13809204101562,446737,210.00601196289062,203.89459228515625,89.44727325439453,214.67425537109375,214.9263916015625,184.63414001464844,,,
1979254N10140,1979-09-19 15:00:00,15.1,119.8,,188.94232177734375,187.09552001953125,1647.7083740234375,254.36248779296875,251387,178.90025329589844,168.24818420410156,0.0,187.09552001953125,326.81982421875,230.49887084960938,,,
1979350N07153,1979-12-21 06:00:00,11.5,125.9,,29.891611099243164,29.340431213378906,315.7571105957031,52.81763458251953,118303,26.73332977294922,24.13267707824707,,29.340431213378906,103.99227142333984,107.76727294921875,,,
1979350N07153,1979-12-21 09:00:00,11.6,125.1,,132.70501708984375,132.42340087890625,823.6312866210938,142.31565856933594,919453,131.19215393066406,130.00180053710938,170.92112731933594,132.42340087890625,131.71405029296875,116.79501342773438,,,
1979350N07153,1979-12-21 12:00:00,11.8,124.4,,65.94734954833984,64.92528533935547,1330.51123046875,146.79237365722656,570989,60.62226104736328,55.783592224121094,99.87576293945312,64.92528533935547,83.3438720703125,98.94293975830078,,,
1979350N07153,1979-12-21 15:00:00,12.0,123.7,,41.186180114746094,40.73961639404297,676.4369506835938,71.06071472167969,542552,38.96322250366211,36.73358154296875,33.89653396606445,40.73961639404297,36.50350570678711,51.25071334838867,,,
1979350N07153,1979-12-21 18:00:00,12.2,123.0,,60.89268493652344,59.9185676574707,1445.2498779296875,135.68804931640625,269976,55.07936477661133,50.38679122924805,0.4720032811164856,59.9185676574707,66.20287322998047,48.91165542602539,,,
1979350N07153,1979-12-21 21:00:00,12.4,122.3,,111.93574523925781,109.82463073730469,2020.486083984375,215.01327514648438,312480,100.2170181274414,89.56624603271484,82.32524108886719,109.82463073730469,98.47512817382812,84.80182647705078,,,
1979350N07153,1979-12-22 00:00:00,12.7,121.7,,177.2943572998047,174.75167846679688,1557.11279296875,264.4696044921875,384806,160.76544189453125,145.40863037109375,6.884284973144531,174.75167846679688,244.87026977539062,225.03457641601562,,,
1979350N07153,1979-12-22 03:00:00,12.9,121.0,,447.0303649902344,446.4324645996094,2539.583251953125,476.19677734375,821960,443.8564147949219,438.5337219238281,617.9373168945312,446.4324645996094,327.888916015625,280.9278564453125,,,
1979350N07153,1979-12-22 06:00:00,13.1,120.4,,203.6001434326172,201.4999542236328,1490.8521728515625,273.1013488769531,285844,192.60623168945312,182.04904174804688,20.639850616455078,201.4999542236328,361.1813659667969,308.16839599609375,,,
1979350N07153,1979-12-22 09:00:00,13.4,119.8,,0.0,0.0,0.0,0.0,2179,0.0,0.0,,0.0,82.33340454101562,139.56369018554688,,,
1980137N04158,1980-05-24 09:00:00,13.7,124.5,,150.10824584960938,148.65281677246094,806.8009643554688,169.20274353027344,259433,142.32537841796875,134.78639221191406,130.68475341796875,148.65281677246094,108.28253173828125,104.99976348876953,,,
1980137N04158,1980-05-24 12:00:00,14.0,123.9,,116.93585968017578,115.3192138671875,1002.759521484375,163.58328247070312,408291,108.54133605957031,100.62420654296875,11.94881820678711,115.3192138671875,125.34086608886719,113.69561004638672,,,
1980137N04158,1980-05-24 15:00:00,14.3,123.3,,20.326210021972656,19.89396095275879,876.3322143554688,59.03473663330078,262170,17.877412796020508,15.80268383026123,5.975510120391846,19.89396095275879,107.60932159423828,97.47100067138672,,,
1980197N07154,1980-07-20 15:00:00,16.7,123.0,,,,,,0,,,,,157.00938415527344,346.8056335449219,,,
1980197N07154,1980-07-20 18:00:00,17.0,122.2,,308.1239318847656,307.3819580078125,1808.544189453125,311.8931579589844,848889,303.6193542480469,299.874267578125,372.4587097167969,307.3819580078125,289.13592529296875,294.2598876953125,,,
1980197N07154,1980-07-20 21:00:00,17.0,121.4,,496.6051940917969,496.49468994140625,2656.9296875,528.0158081054688,1017450,495.7981262207031,495.29541015625,444.2365417480469,496.49468994140625,578.1522216796875,602.8662109375,,,
1980197N07154,1980-07-21 00:00:00,17.1,120.5,,629.506103515625,627.466552734375,2565.287109375,585.6096801757812,684094,617.6636962890625,608.4755859375,332.13482666015625,627.466552734375,795.3238525390625,751.7597045898438,,,
1980197N07154,1980-07-21 03:00:00,17.5,119.8,,,,,,0,,,,,35.27125930786133,179.74424743652344,,,
1980201N08155,1980-07-24 21:00:00,16.5,122.9,,,,,,0,,,,,259.6224060058594,362.2024230957031,,,
1980201N08155,1980-07-25 00:00:00,16.8,122.4,,359.2439270019531,357.9700622558594,1577.8424072265625,304.9414367675781,542600,351.126953125,345.0852966308594,403.7928161621094,357.9700622558594,319.6456604003906,289.9800720214844,,,
1980201N08155,1980-07-25 03:00:00,17.1,122.0,,262.0716552734375,261.9416198730469,1801.286865234375,302.9556884765625,1007816,261.3426513671875,260.6474304199219,232.50743103027344,261.9416198730469,279.2203063964844,347.1927795410156,,,
1980201N08155,1980-07-25 06:00:00,17.4,121.5,,382.72552490234375,382.4339599609375,2329.857666015625,469.0953369140625,1020116,380.6208190917969,378.50140380859375,215.6673583984375,382.4339599609375,498.7890625,474.90118408203125,,,
1980201N08155,1980-07-25 09:00:00,17.7,121.0,,670.7057495117188,670.8982543945312,2542.742919921875,482.5180969238281,1021820,672.2792358398438,673.5021362304688,869.4404907226562,670.8982543945312,527.554931640625,466.8082275390625,,,
1980201N08155,1980-07-25 12:00:00,18.0,120.4,,212.66427612304688,211.68637084960938,1929.89404296875,282.7935791015625,463966,207.1634521484375,200.67637634277344,56.96376037597656,211.68637084960938,376.41839599609375,480.383056640625,,,
1980201N08155,1980-07-25 15:00:00,18.3,119.9,,,,,,0,,,,,8.890152931213379,165.20684814453125,,,
1980296N05165,1980-11-04 15:00:00,15.9,122.2,,157.587158203125,154.85569763183594,1561.24267578125,274.0102233886719,151743,143.0973358154297,129.3284454345703,1.0535645484924316,154.85569763183594,389.4743957519531,446.3713073730469,,,
1980296N05165,1980-11-04 18:00:00,16.0,121.6,,563.1297607421875,561.483642578125,1913.5765380859375,394.2772216796875,767550,554.894287109375,544.12109375,501.9422302246094,561.483642578125,477.8578186035156,444.1134033203125,,,
1980296N05165,1980-11-04 21:00:00,16.2,121.1,,721.4566040039062,721.6358032226562,2896.1279296875,426.0401916503906,1013112,722.7073364257812,724.2349853515625,784.0515747070312,721.6358032226562,593.1104125976562,517.2188110351562,,,
1980296N05165,1980-11-05 00:00:00,16.4,120.8,,843.28955078125,843.6094360351562,2898.233642578125,576.2871704101562,1014451,845.7789916992188,848.7611694335938,1176.1368408203125,843.6094360351562,677.0724487304688,558.5121459960938,,,
1980296N05165,1980-11-05 03:00:00,16.8,120.6,,903.0133666992188,901.447509765625,2895.0361328125,661.7437744140625,853642,891.1812133789062,887.5619506835938,842.0125732421875,901.447509765625,832.3606567382812,666.8890380859375,,,
1980296N05165,1980-11-05 06:00:00,17.3,120.5,,459.4345703125,457.8037414550781,2435.510009765625,499.5589904785156,682013,450.4881896972656,442.3773498535156,215.3336944580078,457.8037414550781,727.057373046875,731.4049682617188,,,
1980296N05165,1980-11-05 09:00:00,17.8,120.5,,279.3396911621094,278.2886657714844,2079.913330078125,331.84014892578125,654797,273.16058349609375,268.6813049316406,221.585205078125,278.2886657714844,489.5750732421875,552.1940307617188,,,
1980296N05165,1980-11-05 12:00:00,18.3,120.5,,265.2980651855469,263.7680358886719,1827.904296875,328.4510192871094,451091,255.53065490722656,245.0117950439453,85.24523162841797,263.7680358886719,401.51934814453125,383.4650573730469,,,
1980296N05165,1980-11-05 15:00:00,18.7,120.4,,125.870361328125,124.06280517578125,965.7907104492188,155.77764892578125,105230,115.83040618896484,105.1424560546875,0.0,124.06280517578125,266.3390197753906,338.88330078125,,,
1981176N08150,1981-06-30 09:00:00,13.9,124.6,,160.7753143310547,159.35231018066406,804.1699829101562,170.1604766845703,191952,153.63763427734375,146.33612060546875,21.77094078063965,159.35231018066406,125.82164764404297,100.87690734863281,,,
1981176N08150,1981-06-30 12:00:00,13.8,123.8,,143.87841796875,142.1720733642578,1949.8861083984375,219.31863403320312,555868,134.1788330078125,125.30864715576172,101.16073608398438,142.1720733642578,118.97500610351562,109.41968536376953,,,
1981176N08150,1981-06-30 15:00:00,13.7,123.1,,111.86060333251953,111.26175689697266,1954.0574951171875,184.27537536621094,733948,108.49452209472656,104.83197021484375,76.51614379882812,111.26175689697266,107.47499084472656,93.064697265625,,,
1981176N08150,1981-06-30 18:00:00,13.6,122.5,,72.71952819824219,71.94463348388672,965.0628051757812,94.85320281982422,658918,68.74951171875,65.08146667480469,72.35237884521484,71.94463348388672,88.0357894897461,78.15762329101562,,,
1981176N08150,1981-06-30 21:00:00,13.5,121.8,,71.48796081542969,70.25898742675781,1147.0040283203125,135.69003295898438,352121,65.82805633544922,60.27566146850586,118.44815063476562,70.25898742675781,90.22505187988281,161.87393188476562,,,
1981176N08150,1981-07-01 00:00:00,13.5,121.2,,263.7325439453125,261.44677734375,2539.554931640625,415.6681213378906,668879,251.5840606689453,241.35694885253906,71.37598419189453,261.44677734375,269.8288269042969,237.7187042236328,,,
1981176N08150,1981-07-01 03:00:00,13.5,120.5,,244.96810913085938,241.2217559814453,1859.4769287109375,352.1004638671875,432466,225.45950317382812,208.63465881347656,232.7046356201172,241.2217559814453,236.28582763671875,246.4009246826172,,,
1981176N08150,1981-07-01 06:00:00,13.5,119.9,,46.063331604003906,44.77676773071289,646.732666015625,94.75792694091797,86377,39.71004867553711,34.51099395751953,,44.77676773071289,123.70663452148438,150.58445739746094,,,
1981178N05160,1981-07-04 06:00:00,15.3,121.7,,312.1215515136719,308.66229248046875,1862.134521484375,339.7165222167969,360329,293.39453125,275.21588134765625,0.0,308.66229248046875,294.5470886230469,274.84228515625,,,
1981178N05160,1981-07-04 09:00:00,15.6,121.4,,366.72821044921875,365.6242980957031,1910.1107177734375,369.30712890625,731721,359.9239807128906,352.5492858886719,441.5340270996094,365.6242980957031,374.3346862792969,342.10797119140625,,,
1981178N05160,1981-07-04 12:00:00,15.9,120.9,,358.37713623046875,358.2532958984375,2138.486083984375,408.5120849609375,1012233,357.4636535644531,356.3516540527344,271.0345153808594,358.2532958984375,414.9942932128906,438.3927001953125,,,
1981178N05160,1981-07-04 15:00:00,16.2,120.5,,408.81475830078125,407.68408203125,2216.24072265625,502.35089111328125,857982,401.5667724609375,395.2326965332031,339.54998779296875,407.68408203125,450.6851501464844,475.9919128417969,,,
1981178N05160,1981-07-04 18:00:00,16.6,120.0,,54.86717224121094,54.07035446166992,730.8383178710938,95.34866333007812,244823,49.234893798828125,45.78865432739258,2.716431140899658,54.07035446166992,287.3877868652344,458.6697998046875,,,
1981317N14153,1981-11-19 09:00:00,13.5,124.4,,140.4342498779297,138.6336669921875,806.0808715820312,171.81808471679688,264403,132.1478271484375,124.53367614746094,109.54313659667969,138.6336669921875,96.59876251220703,118.57740783691406,,,
1981317N14153,1981-11-19 12:00:00,13.5,123.9,,144.53103637695312,142.8917236328125,2425.282958984375,213.15916442871094,625148,135.74229431152344,127.79751586914062,13.683319091796875,142.8917236328125,119.72541046142578,102.2453384399414,,,
1981317N14153,1981-11-19 15:00:00,13.4,123.4,,133.69155883789062,132.9407196044922,2426.992431640625,211.60165405273438,759380,129.593017578125,125.50524139404297,143.7477264404297,132.9407196044922,100.12394714355469,98.64488220214844,,,
1981317N14153,1981-11-19 18:00:00,13.4,122.8,,59.179588317871094,58.354766845703125,733.3239135742188,83.94154357910156,514519,55.44932174682617,51.77573776245117,70.75592041015625,58.354766845703125,94.71985626220703,100.49089813232422,,,
1981317N14153,1981-11-19 21:00:00,13.4,122.1,,83.89083099365234,82.7657241821289,1153.4202880859375,125.8460922241211,440096,78.03153228759766,72.34535217285156,145.76304626464844,82.7657241821289,65.8899154663086,83.2413558959961,,,
1981317N14153,1981-11-20 00:00:00,13.4,121.4,,171.5730438232422,169.6187744140625,2543.758056640625,326.49798583984375,526573,161.3875274658203,152.88656616210938,23.19386863708496,169.6187744140625,289.062255859375,241.55194091796875,,,
1981317N14153,1981-11-20 03:00:00,13.5,120.7,,286.63995361328125,283.2130126953125,2537.545166015625,426.3386535644531,611446,269.10760498046875,253.62806701660156,398.4633483886719,283.2130126953125,239.81980895996094,248.619140625,,,
1981317N14153,1981-11-20 06:00:00,13.5,120.0,,85.37034606933594,83.38516998291016,1488.2891845703125,192.7150421142578,145560,75.42786407470703,66.91535949707031,,83.38516998291016,142.1214141845703,193.60935974121094,,,
1981319N07163,1981-11-24 06:00:00,15.3,122.0,,26.001480102539062,25.575115203857422,227.6022491455078,43.54433822631836,110476,24.006576538085938,21.954824447631836,0.0,25.575115203857422,180.9633026123047,303.1134338378906,,,
1981319N07163,1981-11-24 09:00:00,15.7,121.2,,366.873779296875,366.25335693359375,1911.0802001953125,381.1742248535156,970869,363.0359191894531,359.922607421875,356.7281799316406,366.25335693359375,358.7254943847656,363.60186767578125,,,
1981319N07163,1981-11-24 12:00:00,16.2,120.6,,501.4359130859375,500.5586242675781,2495.2421875,535.1069946289062,906128,496.1043395996094,491.35113525390625,459.419921875,500.5586242675781,498.4652099609375,486.3707580566406,,,
1981319N07163,1981-11-24 15:00:00,16.6,120.0,,54.86717224121094,54.07035446166992,730.8383178710938,95.34866333007812,244823,49.234893798828125,45.78865432739258,2.716431140899658,54.07035446166992,287.3877868652344,458.6697998046875,,,
1981355N07149,1981-12-25 15:00:00,12.7,124.1,,69.20476531982422,68.19273376464844,1530.059326171875,134.033935546875,569679,64.01032257080078,59.50188064575195,92.78904724121094,68.19273376464844,70.79014587402344,73.08900451660156,,,
1981355N07149,1981-12-25 18:00:00,12.8,123.3,,54.02764129638672,53.13776779174805,679.9287109375,76.2578125,483929,49.135135650634766,45.23394775390625,20.862716674804688,53.13776779174805,77.2744369506836,85.89424133300781,,,
1981355N07149,1981-12-25 21:00:00,12.9,122.6,,51.794761657714844,50.46902847290039,1217.1500244140625,93.67639923095703,157902,44.27415084838867,37.79838943481445,,50.46902847290039,80.2073745727539,76.61569213867188,,,
1982073N07153,1982-03-19 09:00:00,8.3,127.2,,,,,,0,,,,,,31.93972396850586,,,
1982073N07153,1982-03-19 12:00:00,8.3,126.3,,98.5618896484375,98.08792877197266,1316.907958984375,142.1404266357422,641697,95.70464324951172,92.79872131347656,81.25778198242188,98.08792877197266,146.89083862304688,219.20652770996094,,,
1982073N07153,1982-03-19 15:00:00,8.4,125.4,,495.61309814453125,495.7701416015625,2447.662109375,431.50592041015625,983368,496.7185363769531,498.0130615234375,532.30615234375,495.7701416015625,456.0712890625,429.9771728515625,,,
1982073N07153,1982-03-19 18:00:00,8.4,124.5,,462.1144714355469,459.9802551269531,2580.964599609375,402.7190246582031,687558,449.7061462402344,436.11346435546875,245.65341186523438,459.9802551269531,715.3577270507812,637.3392944335938,,,
1982073N07153,1982-03-19 21:00:00,8.4,123.6,,268.29443359375,267.2790832519531,2365.646484375,348.84735107421875,712880,263.66461181640625,258.4826965332031,441.9571533203125,267.2790832519531,272.9930725097656,294.09881591796875,,,
1982073N07153,1982-03-20 00:00:00,8.5,122.7,,98.23107147216797,96.46956634521484,721.1569213867188,128.09255981445312,157452,89.21946716308594,80.92588806152344,,96.46956634521484,220.80323791503906,233.79635620117188,,,
1982077N04161,1982-03-25 18:00:00,10.4,125.5,,117.6639633178711,115.79331970214844,970.3955078125,178.2086181640625,371436,108.8333740234375,97.65349578857422,75.06695556640625,115.79331970214844,106.08001708984375,99.501220703125,,,
1982077N04161,1982-03-25 21:00:00,10.4,125.1,,153.6960906982422,151.9788818359375,1136.072509765625,196.40884399414062,609034,145.2047882080078,136.5036163330078,203.61758422851562,151.9788818359375,126.62333679199219,106.38358306884766,,,
1982077N04161,1982-03-26 00:00:00,10.4,124.7,,139.9998321533203,138.74868774414062,1182.446533203125,199.5650177001953,622741,133.58262634277344,127.33080291748047,142.1742401123047,138.74868774414062,120.2365493774414,131.02220153808594,,,
1982077N04161,1982-03-26 03:00:00,10.5,124.3,,64.93465423583984,63.92601776123047,855.0972290039062,131.20443725585938,476836,59.329837799072266,54.26130676269531,25.840370178222656,63.92601776123047,115.06123352050781,125.45146942138672,,,
1982077N04161,1982-03-26 06:00:00,10.6,124.0,,124.16838073730469,122.86650085449219,972.6148071289062,169.5072021484375,501247,116.95508575439453,110.82830047607422,196.37310791015625,122.86650085449219,83.12078094482422,153.67201232910156,,,
1982077N04161,1982-03-26 09:00:00,10.7,123.6,,219.4925994873047,217.81773376464844,1848.1588134765625,267.7599182128906,674315,210.33184814453125,201.7572784423828,57.975711822509766,217.81773376464844,172.5665283203125,138.38380432128906,,,
1982077N04161,1982-03-26 12:00:00,10.9,123.3,,169.96546936035156,168.24339294433594,1846.042236328125,271.6958312988281,648189,160.59005737304688,152.4553985595703,162.82867431640625,168.24339294433594,140.14268493652344,126.27775573730469,,,
1982077N04161,1982-03-26 15:00:00,11.0,122.9,,88.07514953613281,87.50100708007812,1670.519775390625,156.39913940429688,850148,85.03694152832031,82.32884216308594,54.396881103515625,87.50100708007812,157.01148986816406,174.48880004882812,,,
1982077N04161,1982-03-26 18:00:00,11.2,122.5,,227.9567108154297,227.87562561035156,2067.25,309.36077880859375,976569,228.02505493164062,228.10809326171875,202.43472290039062,227.87562561035156,170.76124572753906,154.37579345703125,,,
1982077N04161,1982-03-26 21:00:00,11.4,122.2,,271.07720947265625,269.9018249511719,2073.803466796875,336.9475402832031,715221,264.5397644042969,257.6845703125,425.6427917480469,269.9018249511719,212.4225616455078,163.97369384765625,,,
1982077N04161,1982-03-27 00:00:00,11.5,121.8,,260.57464599609375,257.572998046875,2070.037109375,336.4030456542969,284738,241.737548828125,217.0514678955078,1.6769665479660034,257.572998046875,236.46487426757812,201.68577575683594,,,
1982190N09148,1982-07-15 03:00:00,15.5,121.8,,318.538818359375,314.54608154296875,1863.267333984375,417.2648010253906,186793,297.2377014160156,278.97088623046875,1.676863757893443e-05,314.54608154296875,346.1726379394531,356.2715148925781,,,
1982190N09148,1982-07-15 06:00:00,15.8,121.3,,476.681884765625,475.7808837890625,1909.3138427734375,405.9167785644531,917197,471.7248229980469,466.9737854003906,520.9747314453125,475.7808837890625,417.724365234375,393.6319580078125,,,
1982190N09148,1982-07-15 09:00:00,16.0,120.7,,338.6956787109375,338.3733825683594,2220.115234375,439.7631530761719,990672,336.8000793457031,334.6848449707031,215.70889282226562,338.3733825683594,429.87530517578125,442.3540954589844,,,
1982190N09148,1982-07-15 12:00:00,16.3,120.1,,104.80736541748047,103.7802734375,2221.57177734375,203.35986328125,565757,97.95677185058594,92.1726303100586,12.469886779785156,103.7802734375,268.8450622558594,434.3775634765625,,,
1982190N09148,1982-07-15 15:00:00,16.6,119.4,,0.0,0.0,0.0,0.0,2496,0.0,1.6513866967216018e-06,,0.0,33.848514556884766,37.920326232910156,,,
1982248N14133,1982-09-08 09:00:00,13.1,124.2,,82.09043884277344,80.85845947265625,1532.37255859375,154.6415557861328,379663,75.89351654052734,70.01148223876953,40.31570053100586,80.85845947265625,98.98316192626953,96.93364715576172,,,
1982248N14133,1982-09-08 12:00:00,13.2,123.9,,110.5302734375,109.53113555908203,2427.0966796875,193.32333374023438,638914,105.08711242675781,99.8844223022461,119.86605834960938,109.53113555908203,112.38790130615234,94.20213317871094,,,
1982248N14133,1982-09-08 15:00:00,13.2,123.5,,113.50785827636719,112.77522277832031,2427.2626953125,183.27793884277344,741173,109.25371551513672,104.72412109375,161.84219360351562,112.77522277832031,101.7801513671875,92.50669860839844,,,
1982248N14133,1982-09-08 18:00:00,13.3,123.0,,60.17559814453125,59.541805267333984,734.1522216796875,86.57991790771484,567829,56.64765930175781,53.901065826416016,13.808586120605469,59.541805267333984,104.81233978271484,96.1883773803711,,,
1982248N14133,1982-09-08 21:00:00,13.4,122.6,,66.44701385498047,65.35537719726562,733.7178344726562,88.00123596191406,424830,61.49201202392578,56.73740768432617,79.30520629882812,65.35537719726562,88.52981567382812,82.82089233398438,,,
1982248N14133,1982-09-09 00:00:00,13.5,122.2,,82.745849609375,81.92868041992188,1148.655517578125,115.49817657470703,597779,79.0196533203125,75.83186340332031,56.920738220214844,81.92868041992188,65.32731628417969,87.1166763305664,,,
1982248N14133,1982-09-09 03:00:00,13.6,121.8,,75.20516967773438,74.29790496826172,1153.10205078125,124.56958770751953,467660,70.6045150756836,66.45973205566406,66.77166748046875,74.29790496826172,102.2899169921875,133.76754760742188,,,
1982248N14133,1982-09-09 06:00:00,13.8,121.5,,167.391357421875,166.52975463867188,2126.833251953125,208.60768127441406,604676,163.35243225097656,159.55593872070312,89.64598846435547,166.52975463867188,121.97003936767578,168.92523193359375,,,
1982248N14133,1982-09-09 09:00:00,14.0,121.1,,143.38131713867188,143.02932739257812,2126.044921875,190.44021606445312,932924,141.44760131835938,140.13365173339844,175.0646209716797,143.02932739257812,141.62249755859375,188.68612670898438,,,
1982248N14133,1982-09-09 12:00:00,14.2,120.6,,129.9303741455078,128.7460479736328,1376.0032958984375,172.5065155029297,501130,123.68328857421875,117.81796264648438,81.17488861083984,128.7460479736328,97.07489776611328,140.002685546875,,,
1982248N14133,1982-09-09 15:00:00,14.4,120.3,,139.18238830566406,137.34742736816406,1373.22900390625,204.8970947265625,301842,130.16529846191406,120.14444732666016,158.92037963867188,137.34742736816406,118.3429946899414,119.5982437133789,,,
1982248N14133,1982-09-09 18:00:00,14.6,119.9,,88.23181915283203,87.0127944946289,1062.46923828125,153.7107391357422,124073,81.97434997558594,77.15370178222656,0.0,87.0127944946289,193.23976135253906,192.66104125976562,,,
1982283N17148,1982-10-14 12:00:00,17.5,122.3,,447.9666442871094,446.3404541015625,1802.3846435546875,386.2951965332031,515626,439.4584655761719,427.343017578125,266.11083984375,446.3404541015625,282.46331787109375,239.13722229003906,,,
1982283N17148,1982-10-14 15:00:00,17.5,121.6,,286.9967041015625,286.6309509277344,2186.952880859375,346.0558166503906,1020116,284.31463623046875,282.0714111328125,109.30738830566406,286.6309509277344,424.551513671875,442.0428161621094,,,
1982283N17148,1982-10-14 18:00:00,17.5,120.9,,773.6353149414062,773.8245849609375,2541.29443359375,519.3778686523438,1020116,774.9585571289062,775.8930053710938,848.7420043945312,773.8245849609375,634.0870971679688,554.8616943359375,,,
1982283N17148,1982-10-14 21:00:00,17.5,120.3,,175.3336181640625,174.4392547607422,1217.890625,207.6376495361328,412576,169.3959197998047,165.77293395996094,43.330474853515625,174.4392547607422,415.3402099609375,653.5496826171875,,,
1982283N17148,1982-10-15 00:00:00,17.5,119.7,,,,,,0,,,,,1.2467581033706665,119.5167236328125,,,
1982325N08176,1982-12-07 06:00:00,12.7,124.2,,69.63312530517578,68.56837463378906,1532.2628173828125,132.85791015625,519452,64.21072387695312,59.15904998779297,87.60599517822266,68.56837463378906,66.57110595703125,70.81474304199219,,,
1982325N08176,1982-12-07 09:00:00,12.4,123.5,,45.8887825012207,45.3653564453125,684.4588012695312,74.7265396118164,597982,43.01296615600586,40.75859451293945,71.1443099975586,45.3653564453125,45.93923568725586,63.67344665527344,,,
1982325N08176,1982-12-07 12:00:00,12.0,122.7,,114.74896240234375,111.46862030029297,2023.4169921875,273.3011169433594,122390,96.17070770263672,85.19549560546875,0.016222283244132996,111.46862030029297,71.85099792480469,113.53999328613281,,,
1982325N08176,1982-12-07 15:00:00,11.6,122.0,,230.19369506835938,227.71981811523438,2066.772705078125,328.0251159667969,467941,216.55429077148438,203.80142211914062,213.3178253173828,227.71981811523438,218.235595703125,186.5729217529297,,,
1982325N08176,1982-12-07 18:00:00,11.3,121.2,,2.860532522201538,2.724951982498169,254.8435516357422,15.690964698791504,124339,2.210801601409912,1.8202604055404663,0.63177889585495,2.724951982498169,3.0957162380218506,22.006267547607422,,,
1982339N07139,1982-12-08 00:00:00,12.3,125.7,,18.87811279296875,18.6597957611084,182.79879760742188,27.919246673583984,187849,17.749114990234375,16.553016662597656,0.21557943522930145,18.6597957611084,92.63044738769531,123.40795135498047,,,
1982339N07139,1982-12-08 03:00:00,12.7,125.0,,51.07422637939453,50.634220123291016,425.3366394042969,62.05064392089844,333973,48.87724685668945,46.05461120605469,9.757098197937012,50.634220123291016,94.85198974609375,92.0585708618164,,,
1982339N07139,1982-12-08 06:00:00,13.0,124.3,,87.86319732666016,86.48722076416016,1530.4298095703125,163.6631317138672,326839,80.32733917236328,73.7305679321289,18.314022064208984,86.48722076416016,75.1195068359375,94.6534423828125,,,
1982339N07139,1982-12-08 09:00:00,13.4,123.9,,140.79852294921875,139.400634765625,2427.83447265625,211.845947265625,634018,133.10179138183594,125.64993286132812,40.47541809082031,139.400634765625,124.06117248535156,99.2884292602539,,,
1982339N07139,1982-12-08 12:00:00,13.8,123.5,,111.39666748046875,110.44681549072266,1951.078125,204.10101318359375,671123,106.07435607910156,100.99425506591797,166.6976776123047,110.44681549072266,112.40505981445312,109.41498565673828,,,
1982339N07139,1982-12-08 15:00:00,14.1,123.0,,89.46473693847656,88.75503540039062,1485.041015625,144.696044921875,649605,85.62989807128906,82.26817321777344,113.5329818725586,88.75503540039062,93.53730010986328,88.7259292602539,,,
1982339N07139,1982-12-08 18:00:00,14.4,122.5,,63.194766998291016,62.40468215942383,971.352294921875,100.16246795654297,451241,59.22698974609375,55.183502197265625,52.980010986328125,62.40468215942383,65.78988647460938,71.2386474609375,,,
1982339N07139,1982-12-08 21:00:00,14.7,122.2,,20.68770980834961,20.239839553833008,314.7059631347656,39.40956115722656,251531,18.47776985168457,16.604005813598633,7.628803730010986,20.239839553833008,69.62020111083984,140.51808166503906,,,
1983186N04153,1983-07-14 09:00:00,13.2,124.0,,106.78164672851562,105.64065551757812,2427.947509765625,199.79039001464844,559544,100.86275482177734,94.19180297851562,88.67740631103516,105.64065551757812,112.82603454589844,98.27519226074219,,,
1983186N04153,1983-07-14 12:00:00,13.4,123.4,,133.69155883789062,132.9407196044922,2426.992431640625,211.60165405273438,759380,129.593017578125,125.50524139404297,143.7477264404297,132.9407196044922,100.12394714355469,98.64488220214844,,,
1983186N04153,1983-07-14 15:00:00,13.6,122.9,,99.44375610351562,98.60706329345703,1484.3880615234375,147.51071166992188,657014,94.68830108642578,90.96978759765625,66.8525619506836,98.60706329345703,94.8231201171875,92.8760986328125,,,
1983186N04153,1983-07-14 18:00:00,13.8,122.3,,58.923065185546875,58.41625213623047,701.24072265625,82.24126434326172,756696,56.21470260620117,53.675838470458984,63.96281433105469,58.41625213623047,84.79179382324219,94.01964569091797,,,
1983186N04153,1983-07-14 21:00:00,14.0,121.8,,127.645263671875,126.4332046508789,2131.1767578125,205.34828186035156,632257,121.12841033935547,114.9662094116211,75.73836517333984,126.4332046508789,120.86896514892578,121.18134307861328,,,
1983186N04153,1983-07-15 00:00:00,14.2,121.3,,169.4036407470703,169.35794067382812,2129.887939453125,196.85670471191406,998268,169.15658569335938,169.1806640625,135.8586883544922,169.35794067382812,163.90843200683594,151.44065856933594,,,
1983186N04153,1983-07-15 03:00:00,14.5,120.8,,97.2353286743164,96.66646575927734,1372.320556640625,159.00958251953125,790885,94.318115234375,90.91936492919922,15.02469539642334,96.66646575927734,136.40846252441406,175.38233947753906,,,
1983186N04153,1983-07-15 06:00:00,14.7,120.3,,169.16650390625,167.978271484375,1561.117919921875,236.3227081298828,543093,162.5745391845703,155.90748596191406,163.38162231445312,167.978271484375,148.8748779296875,159.92198181152344,,,
1983186N04153,1983-07-15 09:00:00,15.1,119.7,,98.04951477050781,96.37622833251953,1078.7437744140625,169.0664520263672,134705,87.31088256835938,77.52864837646484,,96.37622833251953,318.4189453125,260.6937255859375,,,
1984238N18137,1984-08-28 15:00:00,18.1,122.7,,83.28971099853516,80.48595428466797,627.7852783203125,115.66751098632812,30479,69.37129211425781,58.2754020690918,,80.48595428466797,243.86505126953125,277.49285888671875,,,
1984238N18137,1984-08-28 18:00:00,18.3,122.1,,173.52638244628906,172.43887329101562,1115.2760009765625,210.80128479003906,485675,167.6543426513672,161.087646484375,228.76480102539062,172.43887329101562,168.78245544433594,197.55999755859375,,,
1984238N18137,1984-08-28 21:00:00,18.5,121.6,,66.71142578125,66.04926300048828,1099.25,112.78626251220703,470888,62.60386276245117,58.726078033447266,3.7519471645355225,66.04926300048828,209.25682067871094,267.8131103515625,,,
1984238N18137,1984-08-29 00:00:00,18.7,121.0,,288.23895263671875,285.4538269042969,1824.11669921875,331.4811096191406,433928,273.6887512207031,257.4033203125,140.93060302734375,285.4538269042969,293.1746826171875,288.4700927734375,,,
1984238N18137,1984-08-29 03:00:00,18.8,120.5,,149.6522216796875,147.28408813476562,993.1431884765625,183.9906005859375,97922,135.688232421875,122.30359649658203,,147.28408813476562,285.0251159667969,304.10711669921875,,,
1984239N08146,1984-09-01 15:00:00,9.5,126.2,,123.53146362304688,121.59090423583984,1156.1365966796875,201.4261474609375,386530,113.9004135131836,104.78795623779297,3.139807939529419,121.59090423583984,217.3917694091797,200.386962890625,,,
1984239N08146,1984-09-01 18:00:00,9.7,125.5,,143.11888122558594,141.62466430664062,1729.4276123046875,233.0142822265625,542498,134.20314025878906,126.18692779541016,74.33112335205078,141.62466430664062,159.2447967529297,172.71836853027344,,,
1984239N08146,1984-09-01 21:00:00,9.8,124.9,,87.6167984008789,86.06378936767578,829.06201171875,136.10079956054688,243283,79.34087371826172,72.08866119384766,7.465010643005371,86.06378936767578,115.4687271118164,128.07394409179688,,,
1984239N08146,1984-09-02 00:00:00,10.0,124.2,,97.87822723388672,97.25284576416016,862.0113525390625,139.46240234375,793171,94.71218872070312,91.95966339111328,98.19799041748047,97.25284576416016,111.44539642333984,123.65691375732422,,,
1984239N08146,1984-09-02 03:00:00,10.1,123.6,,165.20443725585938,163.2767791748047,1026.98583984375,213.8782196044922,656944,155.0948486328125,145.97796630859375,139.02294921875,163.2767791748047,217.86965942382812,189.7024383544922,,,
1984239N08146,1984-09-02 06:00:00,10.3,123.0,,262.8717346191406,261.3793640136719,2413.60986328125,330.1952819824219,758500,254.22021484375,245.9723358154297,239.1303253173828,261.3793640136719,211.12017822265625,186.00698852539062,,,
1984239N08146,1984-09-02 09:00:00,10.5,122.5,,86.47380828857422,85.4466781616211,1343.970458984375,175.58859252929688,503011,80.80192565917969,75.67434692382812,34.40555953979492,85.4466781616211,158.5436248779297,218.16302490234375,,,
1984239N08146,1984-09-02 12:00:00,10.8,122.0,,272.9447937011719,271.0464172363281,1923.0887451171875,318.3228454589844,480396,263.14422607421875,250.10614013671875,226.04782104492188,271.0464172363281,253.66510009765625,191.94729614257812,,,
1984239N08146,1984-09-02 15:00:00,11.1,121.5,,1.0288439989089966,0.9663528800010681,147.58724975585938,8.236416816711426,39600,0.7370120286941528,0.5601248145103455,,0.9663528800010681,92.390625,235.7535858154297,,,
1984302N00149,1984-11-04 18:00:00,11.2,125.8,,54.34296417236328,53.492435455322266,637.997802734375,86.8422622680664,282749,49.63079833984375,45.48222732543945,8.27523136138916,53.492435455322266,98.63640594482422,98.11226654052734,,,
1984302N00149,1984-11-04 21:00:00,11.3,124.9,,137.45883178710938,136.88531494140625,1294.4737548828125,192.50372314453125,852869,134.14732360839844,131.3408203125,47.6646842956543,136.88531494140625,130.1350860595703,127.02388000488281,,,
1984302N00149,1984-11-05 00:00:00,11.5,124.0,,25.771753311157227,25.144882202148438,1047.5184326171875,69.62622833251953,361646,22.270618438720703,19.356204986572266,0.916520893573761,25.144882202148438,52.76519775390625,63.60578918457031,,,
1984302N00149,1984-11-05 03:00:00,11.5,123.2,,41.78105163574219,41.15460968017578,786.2845458984375,77.62617492675781,398043,38.48196029663086,35.207855224609375,29.050168991088867,41.15460968017578,40.47417449951172,77.70294952392578,,,
1984302N00149,1984-11-05 06:00:00,11.6,122.4,,203.26144409179688,202.19248962402344,2077.115478515625,302.4034729003906,629559,197.38131713867188,192.6851043701172,95.77745819091797,202.19248962402344,194.511474609375,161.88499450683594,,,
1984302N00149,1984-11-05 09:00:00,11.7,121.6,,61.59552001953125,59.59095764160156,866.01123046875,140.89112854003906,168259,51.86116409301758,43.40518569946289,6.911247730255127,59.59095764160156,125.46778869628906,161.893310546875,,,
1984302N00149,1984-11-05 12:00:00,11.8,120.9,,7.057241916656494,6.711300849914551,257.7348327636719,23.79269790649414,43339,5.471134185791016,4.233714580535889,,6.711300849914551,24.709754943847656,69.70013427734375,,,
1985240N08148,1985-09-03 03:00:00,16.1,122.5,,35.25440216064453,34.59992218017578,612.6611328125,67.00585174560547,86533,31.212343215942383,27.8969783782959,,34.59992218017578,426.794921875,375.053955078125,,,
1985240N08148,1985-09-03 06:00:00,16.5,122.2,,392.0754089355469,391.05828857421875,1802.587158203125,347.36376953125,658486,387.1216735839844,381.1753845214844,489.10321044921875,391.05828857421875,304.5237731933594,330.3452453613281,,,
1985240N08148,1985-09-03 09:00:00,16.9,121.8,,204.0087890625,203.6465606689453,1556.8214111328125,214.2246551513672,1017450,201.55316162109375,199.03201293945312,67.73884582519531,203.6465606689453,349.6862487792969,472.3233642578125,,,
1985240N08148,1985-09-03 12:00:00,17.2,121.2,,843.8464965820312,844.2020874023438,2655.4072265625,591.37109375,1018316,846.383544921875,849.2274780273438,1040.3577880859375,844.2020874023438,635.9097290039062,554.0989990234375,,,
1985240N08148,1985-09-03 15:00:00,17.4,120.5,,404.19427490234375,402.688720703125,2431.30322265625,439.42047119140625,685415,395.1752014160156,386.5614013671875,168.50584411621094,402.688720703125,671.0584106445312,701.9835815429688,,,
1985240N08148,1985-09-03 18:00:00,17.6,119.8,,,,,,0,,,,,40.95017623901367,166.37322998046875,,,
1985284N05159,1985-10-18 15:00:00,15.3,121.6,,368.4354553222656,365.818115234375,1862.34912109375,337.25299072265625,474003,353.7789001464844,342.2346496582031,99.55415344238281,365.818115234375,285.29534912109375,262.3986511230469,,,
1985284N05159,1985-10-18 18:00:00,15.5,120.9,,129.3656463623047,129.16302490234375,1836.3790283203125,197.1058349609375,1009560,127.82770538330078,126.28074645996094,34.61627960205078,129.16302490234375,242.05526733398438,312.32305908203125,,,
1985284N05159,1985-10-18 21:00:00,15.5,120.1,,300.19110107421875,299.6092834472656,2012.9296875,341.17132568359375,773852,297.33282470703125,294.74615478515625,519.5961303710938,299.6092834472656,197.1188507080078,153.8919677734375,,,
1985284N05159,1985-10-19 00:00:00,15.6,119.4,,0.4820359945297241,0.4713684022426605,34.76738739013672,2.52573561668396,16477,0.41165003180503845,0.3461100459098816,,0.4713684022426605,110.42176055908203,242.94252014160156,,,
1986179N11175,1986-07-08 21:00:00,17.9,122.4,,389.19549560546875,386.4433898925781,1775.407958984375,353.4998779296875,290971,374.41143798828125,360.47381591796875,22.905284881591797,386.4433898925781,301.5278625488281,231.80459594726562,,,
1986179N11175,1986-07-09 00:00:00,17.9,122.0,,247.27554321289062,246.80929565429688,1778.3538818359375,311.46429443359375,796795,243.5429229736328,240.4746551513672,321.9298095703125,246.80929565429688,217.8656005859375,265.0457458496094,,,
1986179N11175,1986-07-09 03:00:00,18.0,121.7,,170.18487548828125,169.89820861816406,1777.7451171875,228.80422973632812,969448,168.0272216796875,166.25830078125,71.08963775634766,169.89820861816406,274.60638427734375,370.8684997558594,,,
1986179N11175,1986-07-09 06:00:00,18.1,121.3,,373.2771911621094,372.8793029785156,2332.91015625,395.2639465332031,1007018,370.9810485839844,368.49859619140625,307.0935363769531,372.8793029785156,361.7742919921875,370.4017333984375,,,
1986179N11175,1986-07-09 09:00:00,18.3,121.0,,380.8392639160156,379.9580383300781,2335.120849609375,383.9591064453125,927669,375.9973449707031,371.6893615722656,661.2393798828125,379.9580383300781,360.177490234375,346.1577453613281,,,
1986179N11175,1986-07-09 12:00:00,18.6,120.7,,333.29803466796875,331.1343688964844,1828.209228515625,349.7978210449219,380218,322.9808349609375,311.3641357421875,194.5220184326172,331.1343688964844,339.70123291015625,338.8168029785156,,,
1986179N11175,1986-07-09 15:00:00,18.8,120.4,,67.28791046142578,65.91638946533203,470.32269287109375,95.83082580566406,56988,58.0203742980957,51.05974578857422,,65.91638946533203,232.24827575683594,292.864990234375,,,
1986276N07177,1986-10-11 03:00:00,11.0,126.0,,13.902188301086426,13.505834579467773,367.43878173828125,39.30731964111328,149421,11.987128257751465,10.654634475708008,2.3109652996063232,13.505834579467773,42.740848541259766,86.20282745361328,,,
1986276N07177,1986-10-11 06:00:00,11.2,125.3,,99.72073364257812,99.14678192138672,701.4479370117188,126.9221420288086,680820,96.48316955566406,93.71217346191406,150.01930236816406,99.14678192138672,132.54345703125,133.29322814941406,,,
1986276N07177,1986-10-11 09:00:00,11.4,124.6,,113.61032104492188,112.9434585571289,1330.23583984375,198.55052185058594,735221,109.80540466308594,106.31956481933594,126.33199310302734,112.9434585571289,109.35022735595703,117.90666198730469,,,
1986276N07177,1986-10-11 12:00:00,11.6,123.9,,13.924176216125488,13.542634010314941,755.0792236328125,29.880828857421875,332818,12.062088966369629,10.28563404083252,3.7899227142333984,13.542634010314941,46.81639862060547,54.111392974853516,,,
1986276N07177,1986-10-11 15:00:00,11.8,123.2,,17.721712112426758,17.28325843811035,708.9226684570312,48.74715805053711,300343,15.529948234558105,13.550881385803223,8.991219520568848,17.28325843811035,41.82997131347656,49.80425262451172,,,
1986287N09141,1986-10-18 15:00:00,12.2,125.7,,19.12183380126953,18.91013526916504,206.0176544189453,27.762575149536133,217307,18.001224517822266,17.040790557861328,0.9118169546127319,18.91013526916504,110.38575744628906,124.70500183105469,,,
1986287N09141,1986-10-18 18:00:00,12.3,125.2,,109.2867660522461,108.8749008178711,820.4053955078125,130.85696411132812,747757,107.15636444091797,105.224609375,97.75382232666016,108.8749008178711,106.59052276611328,103.08961486816406,,,
1986287N09141,1986-10-18 21:00:00,12.4,124.7,,91.02071380615234,90.50896453857422,819.1947021484375,112.013427734375,752705,88.36453247070312,85.94115447998047,88.47311401367188,90.50896453857422,91.9412612915039,90.59058380126953,,,
1986287N09141,1986-10-19 00:00:00,12.6,124.1,,60.24845886230469,59.34648132324219,1528.91015625,114.21104431152344,581622,55.441062927246094,51.49787139892578,85.2372817993164,59.34648132324219,67.98445892333984,67.22822570800781,,,
1986287N09141,1986-10-19 03:00:00,12.7,123.5,,54.882850646972656,54.12369918823242,806.1942138671875,76.81444549560547,624013,50.94668960571289,47.33462905883789,25.623517990112305,54.12369918823242,74.13803100585938,69.03628540039062,,,
1986287N09141,1986-10-19 06:00:00,12.8,122.8,,65.39275360107422,63.737831115722656,2025.611328125,180.5589141845703,184496,57.36363983154297,50.458091735839844,,63.737831115722656,71.22557830810547,70.73944854736328,,,
1986309N07162,1986-11-12 15:00:00,10.2,125.7,,46.84205627441406,46.19363021850586,912.8236694335938,104.8173599243164,356972,43.39179611206055,39.602447509765625,108.24443817138672,46.19363021850586,68.50466918945312,116.89393615722656,,,
1986309N07162,1986-11-12 18:00:00,10.7,125.1,,183.0065460205078,181.8705596923828,1296.5562744140625,222.20272827148438,543715,176.76495361328125,170.33152770996094,155.8367462158203,181.8705596923828,140.53089904785156,113.65093994140625,,,
1986309N07162,1986-11-12 21:00:00,11.3,124.4,,123.29376220703125,121.86758422851562,1332.432373046875,203.3718719482422,582720,115.23673248291016,109.27623748779297,71.03494262695312,121.86758422851562,89.59435272216797,100.61839294433594,,,
1986309N07162,1986-11-13 00:00:00,11.9,123.6,,38.03932571411133,37.68551254272461,575.9872436523438,64.2155532836914,502523,36.23248291015625,34.37683868408203,4.930457592010498,37.68551254272461,33.556983947753906,39.429630279541016,,,
1986309N07162,1986-11-13 03:00:00,12.3,122.8,,155.4069061279297,152.4963836669922,2022.2203369140625,291.0728454589844,136218,141.2955322265625,126.03224182128906,178.21929931640625,152.4963836669922,75.14323425292969,56.63737487792969,,,
1986343N05176,1986-12-21 09:00:00,9.5,126.2,,123.53146362304688,121.59090423583984,1156.1365966796875,201.4261474609375,386530,113.9004135131836,104.78795623779297,3.139807939529419,121.59090423583984,217.3917694091797,200.386962890625,,,
1986343N05176,1986-12-21 12:00:00,9.7,125.4,,111.87825775146484,110.48565673828125,1259.959716796875,178.77171325683594,464433,104.20565032958984,97.66796875,95.37660217285156,110.48565673828125,158.87110900878906,169.18527221679688,,,
1986343N05176,1986-12-21 15:00:00,9.9,124.7,,98.29646301269531,97.24073028564453,860.5711669921875,152.31790161132812,421925,92.76405334472656,87.20406341552734,39.58269119262695,97.24073028564453,128.13758850097656,111.10279846191406,,,
1986343N05176,1986-12-21 18:00:00,10.0,123.9,,126.98721313476562,126.12814331054688,930.8773803710938,153.25369262695312,789880,122.37369537353516,117.88052368164062,68.50172424316406,126.12814331054688,131.6331024169922,170.71551513671875,,,
1986343N05176,1986-12-21 21:00:00,10.1,123.1,,262.9242858886719,261.1750183105469,2419.03466796875,300.87042236328125,770982,254.7415313720703,245.92979431152344,326.6549987792969,261.1750183105469,241.98524475097656,202.57423400878906,,,
1986343N05176,1986-12-22 00:00:00,10.2,122.4,,82.64431762695312,81.19630432128906,586.3797607421875,116.59040069580078,265944,75.68827819824219,69.1689453125,0.00044740806333720684,81.19630432128906,140.15711975097656,207.7238311767578,,,
1986343N05176,1986-12-22 03:00:00,10.3,121.9,,103.99842834472656,102.21434783935547,1009.7618408203125,140.8150177001953,111481,94.69036102294922,87.31645965576172,53.759185791015625,102.21434783935547,150.72232055664062,170.12017822265625,,,
1986343N05176,1986-12-22 06:00:00,10.4,121.3,,0.3561403453350067,0.334065318107605,62.09070587158203,3.3913753032684326,6208,0.26364865899086,0.20668157935142517,,0.334065318107605,12.64464282989502,52.567325592041016,,,
1986353N03178,1986-12-31 09:00:00,10.3,125.7,,55.64435958862305,54.650691986083984,912.4426879882812,112.97598266601562,297452,51.111122131347656,46.474246978759766,90.94412994384766,54.650691986083984,72.15386962890625,100.41573333740234,,,
1986353N03178,1986-12-31 12:00:00,10.4,124.8,,148.869384765625,147.58334350585938,1186.2672119140625,200.01734924316406,644050,142.60137939453125,135.9104461669922,181.07080078125,147.58334350585938,121.9892578125,119.67829895019531,,,
1986353N03178,1986-12-31 15:00:00,10.5,123.9,,119.18655395507812,117.73014068603516,973.1510620117188,165.45040893554688,553641,111.90888214111328,106.8216552734375,208.4535675048828,117.73014068603516,117.33198547363281,150.1995849609375,,,
1986353N03178,1986-12-31 18:00:00,10.6,122.9,,181.89076232910156,180.80870056152344,2406.9111328125,306.2826232910156,815370,175.93862915039062,171.64488220214844,59.102630615234375,180.80870056152344,167.07037353515625,185.4881591796875,,,
1986353N03178,1986-12-31 21:00:00,10.7,121.9,,209.12933349609375,207.12571716308594,1344.4462890625,258.20257568359375,336149,199.318359375,189.492431640625,119.25646209716797,207.12571716308594,260.89862060546875,207.67926025390625,,,
1986353N03178,1987-01-01 00:00:00,10.8,120.8,,3.1845951080322266,3.021406888961792,243.8066864013672,14.185531616210938,163458,2.4654619693756104,1.9921785593032837,1.741588830947876,3.021406888961792,3.062509059906006,3.537302255630493,,,
1986353N03178,1987-01-01 03:00:00,11.0,119.8,,36.62544631958008,36.25685119628906,641.3006591796875,72.71062469482422,453725,34.74814987182617,32.51351547241211,7.250393867492676,36.25685119628906,34.993858337402344,35.253868103027344,,,
1986353N03178,1987-01-01 06:00:00,11.3,119.0,,21.826011657714844,21.287263870239258,575.0562744140625,54.04441833496094,98250,18.791446685791016,16.188451766967773,,21.287263870239258,42.786460876464844,39.197818756103516,,,
1987219N08134,1987-08-12 00:00:00,12.4,125.5,,58.352622985839844,57.9560432434082,593.0471801757812,89.67770385742188,349157,56.04682540893555,53.75453567504883,14.931550979614258,57.9560432434082,104.3912124633789,114.55292510986328,,,
1987219N08134,1987-08-12 03:00:00,12.5,124.9,,96.66544342041016,96.1857681274414,815.2151489257812,110.99481201171875,632023,94.03431701660156,91.40878295898438,47.60052490234375,96.1857681274414,99.86322021484375,91.83325958251953,,,
1987219N08134,1987-08-12 06:00:00,12.6,124.3,,76.09007263183594,75.13980865478516,1532.0087890625,126.28315734863281,532540,71.5603256225586,67.08277130126953,29.21550178527832,75.13980865478516,71.16339874267578,71.26468658447266,,,
1987219N08134,1987-08-12 09:00:00,12.7,123.6,,65.98548889160156,65.11988067626953,1519.3319091796875,101.20008087158203,669571,61.15483474731445,56.94475173950195,29.097929000854492,65.11988067626953,72.33882141113281,69.47681427001953,,,
1987219N08134,1987-08-12 12:00:00,12.9,122.9,,25.431053161621094,24.75667953491211,413.85418701171875,49.32771301269531,199688,21.955297470092773,19.02696990966797,30.008378982543945,24.75667953491211,76.59522247314453,88.56564331054688,,,
1987219N08155,1987-08-17 18:00:00,16.2,122.5,,125.6942138671875,123.36402130126953,1098.24169921875,210.32855224609375,130324,111.7242431640625,99.65919494628906,,123.36402130126953,442.2919616699219,350.0544738769531,,,
1987219N08155,1987-08-17 21:00:00,16.1,122.0,,410.14556884765625,407.9610290527344,1798.8077392578125,375.928466796875,489082,396.2474670410156,381.8773193359375,283.44573974609375,407.9610290527344,421.22344970703125,429.16571044921875,,,
1987219N08155,1987-08-18 00:00:00,16.0,121.6,,563.1297607421875,561.483642578125,1913.5765380859375,394.2772216796875,767550,554.894287109375,544.12109375,501.9422302246094,561.483642578125,477.8578186035156,444.1134033203125,,,
1987219N08155,1987-08-18 03:00:00,15.9,121.1,,467.1230773925781,467.1943054199219,1910.826904296875,408.458984375,1012233,467.7820739746094,468.7456970214844,497.9176330566406,467.1943054199219,437.2548828125,425.68951416015625,,,
1987219N08155,1987-08-18 06:00:00,15.7,120.6,,135.55856323242188,135.31411743164062,1595.5706787109375,241.9960174560547,1010442,133.8301239013672,132.10609436035156,32.32555389404297,135.31411743164062,263.0491638183594,321.80731201171875,,,
1987219N08155,1987-08-18 09:00:00,15.5,120.2,,282.33203125,281.9212951660156,2014.415771484375,335.549560546875,879986,280.5269775390625,279.0025329589844,560.6546630859375,281.9212951660156,180.4071502685547,163.69161987304688,,,
1987219N08155,1987-08-18 12:00:00,15.4,119.7,,235.19088745117188,232.66180419921875,2015.371337890625,365.882080078125,227548,220.37820434570312,207.8495330810547,2.541081666946411,232.66180419921875,307.4971923828125,215.37583923339844,,,
1987219N08155,1987-08-18 15:00:00,15.2,119.2,,,,,,0,,,,,,105.02387237548828,,,
1987320N03171,1987-11-25 12:00:00,13.1,124.5,,23.83666229248047,23.15618896484375,499.023681640625,62.697296142578125,104962,20.47653579711914,17.511625289916992,,23.15618896484375,81.0885238647461,90.85174560546875,,,
1987320N03171,1987-11-25 15:00:00,13.2,123.6,,114.393310546875,113.6368179321289,2425.937255859375,185.10426330566406,728633,110.55625915527344,106.4428482055664,168.44126892089844,113.6368179321289,103.18264770507812,93.30233764648438,,,
1987320N03171,1987-11-25 18:00:00,13.3,122.7,,63.77126693725586,62.70871353149414,734.1199340820312,89.23454284667969,360056,58.13902282714844,53.7817497253418,76.94432830810547,62.70871353149414,67.61933135986328,95.74435424804688,,,
1987320N03171,1987-11-25 21:00:00,13.4,121.7,,82.49201202392578,81.26982116699219,1151.821533203125,144.15423583984375,346432,76.32332611083984,70.99348449707031,73.09229278564453,81.26982116699219,118.9411849975586,220.50479125976562,,,
1987320N03171,1987-11-26 00:00:00,13.5,120.8,,287.0509338378906,284.3200378417969,2541.319091796875,421.59027099609375,699147,272.7804870605469,260.81854248046875,394.4624328613281,284.3200378417969,246.72984313964844,250.67613220214844,,,
1987320N03171,1987-11-26 03:00:00,13.8,120.0,,28.98032569885254,28.192140579223633,732.3569946289062,76.67900085449219,111391,25.314361572265625,22.057607650756836,39.390132904052734,28.192140579223633,91.66508483886719,140.24818420410156,,,
1987343N05154,1987-12-15 18:00:00,11.6,126.0,,1.711621880531311,1.5602678060531616,38.6715087890625,5.490720748901367,8460,1.0596095323562622,0.6051700115203857,,1.5602678060531616,61.676109313964844,114.22637176513672,,,
1987343N05154,1987-12-15 21:00:00,11.7,125.5,,147.65037536621094,147.07899475097656,702.4235229492188,140.8610076904297,581326,144.89695739746094,141.53897094726562,112.30585479736328,147.07899475097656,123.13113403320312,100.89302062988281,,,
1987343N05154,1987-12-16 00:00:00,11.8,125.0,,142.86634826660156,142.62722778320312,822.1304931640625,147.3186798095703,902948,141.8154754638672,140.64781188964844,144.2451171875,142.62722778320312,116.00804138183594,111.26555633544922,,,
1987343N05154,1987-12-16 03:00:00,11.9,124.5,,90.05722045898438,89.0082778930664,1324.028564453125,150.27801513671875,650747,84.86579132080078,79.23760223388672,19.389711380004883,89.0082778930664,94.32516479492188,98.91777038574219,,,
1987343N05154,1987-12-16 06:00:00,12.1,124.0,,36.80823516845703,36.1819953918457,877.9260864257812,75.88525390625,579843,33.60567855834961,30.888229370117188,41.033145904541016,36.1819953918457,61.140445709228516,58.022315979003906,,,
1987343N05154,1987-12-16 09:00:00,12.3,123.7,,47.14008331298828,46.65980529785156,681.909912109375,75.87725830078125,700781,44.73514175415039,42.37934875488281,60.001953125,46.65980529785156,45.5301399230957,56.15092086791992,,,
1987343N05154,1987-12-16 12:00:00,12.4,123.4,,47.334312438964844,46.79511642456055,679.2987670898438,76.6772232055664,561291,44.55305862426758,42.0783805847168,62.94408416748047,46.79511642456055,42.57905578613281,64.35405731201172,,,
1987343N05154,1987-12-16 15:00:00,12.6,123.2,,49.02718734741211,48.223297119140625,675.4334716796875,77.59363555908203,353603,45.10834884643555,40.55242919921875,19.726268768310547,48.223297119140625,63.69432830810547,79.51656341552734,,,
1987343N05154,1987-12-16 18:00:00,12.7,122.9,,84.08820343017578,82.17623138427734,2027.410400390625,212.3461456298828,213944,74.56058502197266,67.43981170654297,,82.17623138427734,71.18391418457031,68.1057357788086,,,
1988005N03174,1988-01-16 00:00:00,13.0,124.4,,70.4405288696289,68.94123840332031,1529.38623046875,157.22384643554688,231600,62.87702941894531,55.95254898071289,0.8379666209220886,68.94123840332031,65.19292449951172,92.84136199951172,,,
1988005N03174,1988-01-16 03:00:00,13.1,123.8,,111.06853485107422,110.06654357910156,2426.58349609375,189.87728881835938,725152,106.06214141845703,101.03303527832031,134.17169189453125,110.06654357910156,95.06364440917969,93.65848541259766,,,
1988005N03174,1988-01-16 06:00:00,13.2,123.2,,87.79334259033203,86.85687255859375,1594.8558349609375,133.66244506835938,605125,82.6290054321289,77.35752868652344,67.09175872802734,86.85687255859375,95.8095932006836,92.97505950927734,,,
1988005N03174,1988-01-16 09:00:00,13.4,122.7,,63.622562408447266,62.72812271118164,735.002197265625,86.16756439208984,460267,59.353668212890625,55.856712341308594,81.10201263427734,62.72812271118164,83.77499389648438,91.02468872070312,,,
1988005N03174,1988-01-16 12:00:00,13.6,122.2,,75.85874938964844,75.17833709716797,1153.649169921875,111.25325775146484,647543,72.61357879638672,70.37786865234375,46.88116455078125,75.17833709716797,73.98858642578125,96.98360443115234,,,
1988005N03174,1988-01-16 15:00:00,13.7,121.7,,125.45393371582031,124.21714782714844,2131.203369140625,209.7471466064453,514612,119.36091613769531,112.95330047607422,2.587298631668091,124.21714782714844,111.16336822509766,146.41749572753906,,,
1988005N03174,1988-01-16 18:00:00,13.7,121.1,,168.6921844482422,166.97161865234375,2541.35498046875,275.7343444824219,719984,159.3636474609375,150.78359985351562,119.49958038330078,166.97161865234375,221.8682861328125,208.33863830566406,,,
1988005N03174,1988-01-16 21:00:00,13.5,120.4,,189.55104064941406,186.32318115234375,1747.9722900390625,292.9075012207031,351381,172.81118774414062,156.88722229003906,203.745849609375,186.32318115234375,239.48194885253906,234.64495849609375,,,
1988005N03174,1988-01-17 00:00:00,13.4,119.7,,,,,,0,,,,,61.717227935791016,136.51300048828125,,,
1988177N07137,1988-06-27 06:00:00,10.1,126.1,,22.515674591064453,21.959501266479492,596.8245239257812,56.764949798583984,195328,19.646543502807617,16.58050537109375,16.097980499267578,21.959501266479492,39.32872009277344,100.40201568603516,,,
1988177N07137,1988-06-27 09:00:00,10.5,125.1,,167.10079956054688,165.67318725585938,1182.1697998046875,204.88763427734375,593534,160.34071350097656,152.986572265625,217.7485809326172,165.67318725585938,131.0291748046875,108.02301025390625,,,
1988177N07137,1988-06-27 12:00:00,10.9,124.1,,82.90492248535156,81.62451171875,779.9531860351562,124.13566589355469,466455,76.09019470214844,70.29534912109375,76.44093322753906,81.62451171875,102.20521545410156,120.91309356689453,,,
1988177N07137,1988-06-27 15:00:00,11.3,123.2,,48.18193054199219,47.580020904541016,789.5189208984375,80.12031555175781,524324,44.78763198852539,41.48640060424805,36.168983459472656,47.580020904541016,79.94027709960938,107.9214859008789,,,
1988177N07137,1988-06-27 18:00:00,11.7,122.2,,202.1345672607422,200.1446990966797,2066.285888671875,299.8492431640625,500107,191.54983520507812,180.2755126953125,142.8989715576172,200.1446990966797,193.76095581054688,180.60968017578125,,,
1988177N07137,1988-06-27 21:00:00,12.2,121.2,,127.71338653564453,125.89056396484375,1320.225830078125,205.13111877441406,416612,117.87080383300781,108.42386627197266,52.194576263427734,125.89056396484375,249.876220703125,232.3447265625,,,
1988177N07137,1988-06-28 00:00:00,12.7,120.2,,0.4065088629722595,0.3862505555152893,106.61029052734375,4.07435417175293,54217,0.3079197108745575,0.21266789734363556,0.027917474508285522,0.3862505555152893,33.575462341308594,197.0961456298828,,,
1988193N09149,1988-07-17 18:00:00,18.3,122.7,,120.30765533447266,117.39531707763672,762.2236938476562,146.3890380859375,51733,104.66827392578125,89.92974853515625,,117.39531707763672,216.5078125,243.20510864257812,,,
1988193N09149,1988-07-17 21:00:00,18.5,122.1,,174.88644409179688,172.98504638671875,1126.603759765625,228.53465270996094,332706,164.57980346679688,153.50634765625,92.58686065673828,172.98504638671875,133.3966522216797,164.1028289794922,,,
1988193N09149,1988-07-18 00:00:00,18.7,121.6,,36.857887268066406,36.15203094482422,789.001708984375,83.55619049072266,281181,33.1309928894043,30.00821304321289,3.19098162651062,36.15203094482422,137.782958984375,228.4024200439453,,,
1988193N09149,1988-07-18 03:00:00,19.0,121.1,,32.694217681884766,31.475154876708984,672.0079956054688,73.04232025146484,152890,26.95989418029785,22.062700271606445,24.641427993774414,31.475154876708984,190.3946990966797,248.138916015625,,,
1988290N08145,1988-10-20 12:00:00,16.5,122.8,,0.0,2.0995193084072383e-10,2.4799521725071827e-06,2.2817244982320517e-08,11812,0.0001245139428647235,0.0015514740953221917,,2.0995193084072383e-10,341.4175720214844,360.471923828125,,,
1988290N08145,1988-10-20 15:00:00,16.5,121.7,,388.154296875,388.16265869140625,1800.970458984375,333.5956726074219,1013904,388.2311096191406,388.9140930175781,222.2802734375,388.16265869140625,412.1436767578125,526.1983032226562,,,
1988290N08145,1988-10-20 18:00:00,16.5,120.5,,762.5608520507812,760.5796508789062,2895.896728515625,654.3311767578125,761104,748.7645874023438,741.6927490234375,611.8920288085938,760.5796508789062,625.3074340820312,574.3844604492188,,,
1988290N08145,1988-10-20 21:00:00,16.5,119.3,,,,,,0,,0.0,,,36.91216278076172,39.52742004394531,,,
1988295N10138,1988-10-24 03:00:00,13.3,124.9,,,,,,0,,,,,29.038694381713867,74.80093383789062,,,
1988295N10138,1988-10-24 06:00:00,13.8,124.3,,121.76563262939453,119.9017105102539,804.2809448242188,159.78485107421875,336075,111.96952056884766,102.9051513671875,174.77357482910156,119.9017105102539,102.84882354736328,131.47312927246094,,,
1988295N10138,1988-10-24 09:00:00,14.3,123.6,,21.954378128051758,21.43955421447754,611.6735229492188,50.00606155395508,153907,19.078632354736328,16.287120819091797,0.0,21.43955421447754,80.56649017333984,114.721435546875,,,
1988308N09140,1988-11-07 00:00:00,10.9,126.0,,14.449503898620605,13.963805198669434,367.36761474609375,41.171775817871094,132006,12.068867683410645,10.536576271057129,1.4142584800720215,13.963805198669434,43.60565948486328,77.86455535888672,,,
1988308N09140,1988-11-07 03:00:00,11.2,125.3,,99.72073364257812,99.14678192138672,701.4479370117188,126.9221420288086,680820,96.48316955566406,93.71217346191406,150.01930236816406,99.14678192138672,132.54345703125,133.29322814941406,,,
1988308N09140,1988-11-07 06:00:00,11.5,124.5,,94.87142181396484,93.83094787597656,1325.84130859375,179.07090759277344,619226,89.98113250732422,84.53759765625,134.53175354003906,93.83094787597656,91.71311950683594,116.723876953125,,,
1988308N09140,1988-11-07 09:00:00,12.0,123.8,,34.11990737915039,33.64187240600586,576.9666137695312,63.02748107910156,505678,31.868736267089844,29.757749557495117,34.553192138671875,33.64187240600586,41.024147033691406,54.18502426147461,,,
1988308N09140,1988-11-07 12:00:00,12.4,123.0,,95.72024536132812,94.45361328125,2022.40771484375,206.0923614501953,272541,88.26222229003906,83.13865661621094,0.016479691490530968,94.45361328125,66.92757415771484,52.380859375,,,
1989134N07138,1989-05-16 15:00:00,11.5,126.1,,,,,,0,,0.0,,,31.202890396118164,102.4562759399414,,,
1989134N07138,1989-05-16 18:00:00,11.8,125.4,,148.7926025390625,148.26173400878906,820.80517578125,147.56692504882812,696829,145.95860290527344,143.62330627441406,126.82522583007812,148.26173400878906,121.6464614868164,101.56484985351562,,,
1989134N07138,1989-05-16 21:00:00,12.1,124.6,,99.28610229492188,98.64140319824219,874.6874389648438,121.11395263671875,761043,95.60076141357422,92.28353881835938,89.69327545166016,98.64140319824219,97.19463348388672,92.33238983154297,,,
1989134N07138,1989-05-17 00:00:00,12.4,123.8,,58.530914306640625,57.8471794128418,1530.8955078125,97.68464660644531,670863,55.00813674926758,51.552162170410156,44.18559646606445,57.8471794128418,55.85084533691406,63.19760513305664,,,
1989134N07138,1989-05-17 03:00:00,12.8,123.1,,34.95042037963867,34.22897720336914,500.78778076171875,64.50739288330078,296299,30.950788497924805,27.52462387084961,25.81991195678711,34.22897720336914,70.92028045654297,87.71605682373047,,,
1989134N07138,1989-05-17 06:00:00,13.2,122.5,,59.14100646972656,58.07932662963867,449.0736389160156,82.07211303710938,268748,54.195064544677734,49.809757232666016,89.39110565185547,58.07932662963867,70.85638427734375,86.08787536621094,,,
1989134N07138,1989-05-17 09:00:00,13.6,121.9,,72.6959457397461,71.80133056640625,1153.62109375,121.1421127319336,486680,68.2651596069336,64.7662582397461,86.48159790039062,71.80133056640625,91.51136779785156,104.52469635009766,,,
1989134N07138,1989-05-17 12:00:00,13.9,121.3,,153.54246520996094,152.8876495361328,2129.626220703125,199.4700927734375,796382,149.89312744140625,146.50680541992188,171.66859436035156,152.8876495361328,138.7527313232422,180.94659423828125,,,
1989134N07138,1989-05-17 15:00:00,14.3,120.7,,112.83274841308594,111.9895248413086,1373.489013671875,161.96925354003906,617205,108.67390441894531,103.96511840820312,91.49742889404297,111.9895248413086,98.52105712890625,161.38656616210938,,,
1989134N07138,1989-05-17 18:00:00,14.7,120.1,,188.242431640625,187.09181213378906,1371.143310546875,226.93141174316406,383811,181.44308471679688,175.5050506591797,98.33892059326172,187.09181213378906,192.37193298339844,172.8831329345703,,,
1989134N07138,1989-05-17 21:00:00,15.0,119.7,,85.122802734375,83.52291870117188,1061.48291015625,152.64224243164062,106831,75.12158203125,66.79975891113281,,83.52291870117188,287.5733337402344,277.95660400390625,,,
1989153N04144,1989-06-06 00:00:00,11.4,125.6,,129.0755157470703,128.20693969726562,701.7050170898438,142.5155487060547,497674,124.57917022705078,120.35404968261719,65.38814544677734,128.20693969726562,107.72171783447266,106.98115539550781,,,
1989153N04144,1989-06-06 03:00:00,11.6,125.0,,129.5942840576172,129.1834716796875,1261.423828125,143.71148681640625,888057,127.52816772460938,125.29044342041016,104.71341705322266,129.1834716796875,134.0924835205078,116.5418472290039,,,
1989153N04144,1989-06-06 06:00:00,11.8,124.3,,66.56253051757812,65.31585693359375,1320.8792724609375,151.8168182373047,500802,60.26827621459961,55.17698669433594,59.9822998046875,65.31585693359375,67.97853088378906,88.22786712646484,,,
1989153N04144,1989-06-06 09:00:00,12.0,123.7,,41.186180114746094,40.73961639404297,676.4369506835938,71.06071472167969,542552,38.96322250366211,36.73358154296875,33.89653396606445,40.73961639404297,36.50350570678711,51.25071334838867,,,
1989153N04144,1989-06-06 12:00:00,12.3,123.0,,82.22999572753906,81.22611236572266,2019.2646484375,191.51084899902344,296984,76.39470672607422,72.67378997802734,0.38560324907302856,81.22611236572266,68.57267761230469,46.96493911743164,,,
1989153N04144,1989-06-06 15:00:00,12.5,122.3,,113.29012298583984,111.14118957519531,2022.3673095703125,215.83554077148438,309087,101.50362396240234,92.0971908569336,84.06388092041016,111.14118957519531,90.77070617675781,82.2740249633789,,,
1989153N04144,1989-06-06 18:00:00,12.7,121.6,,298.7684631347656,295.7716979980469,2296.7333984375,389.0142517089844,433853,282.0058898925781,264.0696105957031,41.802486419677734,295.7716979980469,255.49574279785156,235.21385192871094,,,
1989153N04144,1989-06-06 21:00:00,12.9,120.9,,493.15692138671875,492.0185241699219,2537.630859375,489.1377258300781,711292,487.7220764160156,480.9516296386719,385.8272705078125,492.0185241699219,340.01544189453125,281.83447265625,,,
1989153N04144,1989-06-07 00:00:00,13.1,120.2,,145.75247192382812,142.7149200439453,1490.9637451171875,229.74530029296875,94067,130.33773803710938,118.37931060791016,,142.7149200439453,202.5888671875,292.88177490234375,,,
1989187N15132,1989-07-08 09:00:00,16.8,123.0,,,,,,0,,,,,163.37838745117188,338.3672790527344,,,
1989187N15132,1989-07-08 12:00:00,16.9,122.3,,328.1442565917969,327.2840881347656,1615.764892578125,297.7532043457031,708355,323.4747314453125,319.0137939453125,384.01617431640625,327.2840881347656,302.18359375,289.6858825683594,,,
1989187N15132,1989-07-08 15:00:00,17.0,121.3,,682.247802734375,682.112548828125,2658.28369140625,614.6270751953125,1017450,681.4275512695312,680.755126953125,734.9387817382812,682.112548828125,648.9639282226562,590.9448852539062,,,
1989187N15132,1989-07-08 18:00:00,17.1,120.3,,333.0860595703125,331.1980285644531,2302.2392578125,379.2479248046875,417562,320.6589050292969,312.8369140625,43.77678680419922,331.1980285644531,632.0479125976562,753.0042114257812,,,
1989187N15132,1989-07-08 21:00:00,17.1,119.5,,,,,,0,,,,,,18.79764175415039,,,
1989190N20160,1989-07-15 18:00:00,17.9,122.6,,70.48932647705078,67.99371337890625,661.8536376953125,118.90393829345703,54210,54.65829086303711,44.97731018066406,,67.99371337890625,329.9604797363281,286.53515625,,,
1989190N20160,1989-07-15 21:00:00,18.1,121.9,,179.64395141601562,179.0792694091797,1778.2894287109375,253.6602783203125,807772,176.58555603027344,172.52517700195312,182.3566131591797,179.0792694091797,197.6210479736328,286.1029357910156,,,
1989190N20160,1989-07-16 00:00:00,18.1,121.3,,373.2771911621094,372.8793029785156,2332.91015625,395.2639465332031,1007018,370.9810485839844,368.49859619140625,307.0935363769531,372.8793029785156,361.7742919921875,370.4017333984375,,,
1989190N20160,1989-07-16 03:00:00,18.2,120.7,,443.25799560546875,442.1451721191406,2328.897216796875,408.3190612792969,758295,437.4706115722656,432.2196044921875,239.43731689453125,442.1451721191406,399.1821594238281,399.2058410644531,,,
1989190N20160,1989-07-16 06:00:00,18.2,120.1,,8.66858959197998,8.43175983428955,77.43051147460938,13.778581619262695,48794,7.393407821655273,6.43236780166626,,8.43175983428955,143.45895385742188,342.6834411621094,,,
1989279N07151,1989-10-10 12:00:00,13.0,124.4,,70.4405288696289,68.94123840332031,1529.38623046875,157.22384643554688,231600,62.87702941894531,55.95254898071289,0.8379666209220886,68.94123840332031,65.19292449951172,92.84136199951172,,,
1989279N07151,1989-10-10 15:00:00,13.3,123.4,,120.5914077758789,120.0071029663086,2426.36376953125,205.2300567626953,756611,117.21186065673828,113.94192504882812,130.30313110351562,120.0071029663086,102.14154052734375,93.32566833496094,,,
1989279N07151,1989-10-10 18:00:00,13.6,122.5,,72.71952819824219,71.94463348388672,965.0628051757812,94.85320281982422,658918,68.74951171875,65.08146667480469,72.35237884521484,71.94463348388672,88.0357894897461,78.15762329101562,,,
1989279N07151,1989-10-10 21:00:00,13.9,121.4,,155.08560180664062,154.68629455566406,2129.73486328125,198.7668914794922,754470,152.70582580566406,150.35447692871094,192.06076049804688,154.68629455566406,130.08126831054688,170.1563262939453,,,
1989279N07151,1989-10-11 00:00:00,14.2,120.4,,110.6220703125,109.06129455566406,1373.9537353515625,167.78262329101562,339000,102.76026916503906,93.7476806640625,12.592219352722168,109.06129455566406,105.62580871582031,118.694091796875,,,
1989279N07151,1989-10-11 03:00:00,14.7,119.5,,,,,,0,,,,,109.32875061035156,183.70318603515625,,,
1989286N14137,1989-10-19 00:00:00,16.6,123.0,,,,,,0,,,,,155.51763916015625,351.23321533203125,,,
1989286N14137,1989-10-19 03:00:00,16.6,122.2,,365.7554626464844,364.8479919433594,1643.8988037109375,332.89202880859375,716057,361.7156066894531,357.19720458984375,528.1337280273438,364.8479919433594,292.4466552734375,323.24078369140625,,,
1989286N14137,1989-10-19 06:00:00,16.6,121.4,,471.2348327636719,470.88189697265625,2298.034423828125,393.88885498046875,1015682,468.7539367675781,466.08447265625,295.30816650390625,470.88189697265625,659.3463134765625,616.0520629882812,,,
1989286N14137,1989-10-19 09:00:00,16.7,120.5,,828.3916625976562,826.2156372070312,2896.8740234375,674.4041748046875,745680,813.9076538085938,807.4632568359375,542.6922607421875,826.2156372070312,768.4153442382812,639.9417114257812,,,
1989286N14137,1989-10-19 12:00:00,16.7,119.8,,29.919103622436523,29.22602653503418,155.02017211914062,43.48434829711914,62539,26.289823532104492,22.916790008544922,,29.22602653503418,67.67295837402344,317.1453552246094,,,
1989314N10152,1989-11-21 18:00:00,15.4,121.8,,257.9058837890625,254.00511169433594,1862.6417236328125,371.775634765625,209174,236.96580505371094,219.08680725097656,,254.00511169433594,309.66357421875,324.40301513671875,,,
1989314N10152,1989-11-21 21:00:00,15.6,121.5,,398.14312744140625,396.5971374511719,1912.013427734375,380.22198486328125,606108,388.486572265625,379.0290832519531,437.21044921875,396.5971374511719,388.5267333984375,353.42559814453125,,,
1989314N10152,1989-11-22 00:00:00,15.8,121.1,,409.3070983886719,409.33551025390625,1910.7283935546875,405.20465087890625,1011312,409.660888671875,410.1648864746094,311.51165771484375,409.33551025390625,389.8291931152344,397.6336364746094,,,
1989314N10152,1989-11-22 03:00:00,16.0,120.7,,338.6956787109375,338.3733825683594,2220.115234375,439.7631530761719,990672,336.8000793457031,334.6848449707031,215.70889282226562,338.3733825683594,429.87530517578125,442.3540954589844,,,
1989314N10152,1989-11-22 06:00:00,16.2,120.4,,303.8077087402344,302.63922119140625,2218.003173828125,437.10003662109375,822091,296.6416015625,290.83465576171875,199.71656799316406,302.63922119140625,409.38177490234375,463.1683349609375,,,
1989314N10152,1989-11-22 09:00:00,16.3,120.0,,56.48828887939453,55.8825569152832,745.7778930664062,90.62619018554688,459614,53.056121826171875,50.173561096191406,28.11252212524414,55.8825569152832,215.75765991210938,382.00445556640625,,,
1989314N10152,1989-11-22 12:00:00,16.4,119.7,,31.181455612182617,30.85062026977539,189.3212890625,39.63312911987305,197725,29.348817825317383,27.450056076049805,54.601627349853516,30.85062026977539,52.196834564208984,194.3574676513672,,,
1989314N10152,1989-11-22 15:00:00,16.4,119.4,,59.97630310058594,58.56483840942383,155.21383666992188,59.13785934448242,34486,53.04928970336914,47.099334716796875,,58.56483840942383,29.54829216003418,62.37624740600586,,,
1990171N11148,1990-06-27 03:00:00,17.5,122.3,,447.9666442871094,446.3404541015625,1802.3846435546875,386.2951965332031,515626,439.4584655761719,427.343017578125,266.11083984375,446.3404541015625,282.46331787109375,239.13722229003906,,,
1990171N11148,1990-06-27 06:00:00,17.9,121.8,,202.3467559814453,202.03211975097656,1773.7711181640625,279.78363037109375,979999,200.66854858398438,199.12838745117188,115.1277847290039,202.03211975097656,254.58421325683594,354.1216735839844,,,
1990171N11148,1990-06-27 09:00:00,18.5,121.4,,193.04330444335938,191.66732788085938,1353.971435546875,276.3215637207031,576853,185.71875,177.47402954101562,56.07258224487305,191.66732788085938,262.1072082519531,281.24859619140625,,,
1990171N11148,1990-06-27 12:00:00,19.1,120.9,,22.510517120361328,21.416101455688477,278.60357666015625,53.58419418334961,49080,17.808095932006836,14.725199699401855,,21.416101455688477,131.19610595703125,248.9185028076172,,,
1990232N13141,1990-08-26 06:00:00,18.5,122.1,,174.88644409179688,172.98504638671875,1126.603759765625,228.53465270996094,332706,164.57980346679688,153.50634765625,92.58686065673828,172.98504638671875,133.3966522216797,164.1028289794922,,,
1990232N13141,1990-08-26 09:00:00,18.2,121.5,,179.6782989501953,179.21116638183594,1357.83056640625,232.23472595214844,849298,176.6675262451172,173.82716369628906,59.449302673339844,179.21116638183594,320.2694091796875,340.6163330078125,,,
1990232N13141,1990-08-26 12:00:00,18.0,121.0,,541.547119140625,541.7606201171875,2335.540283203125,401.1134948730469,1023572,543.1446533203125,544.1282958984375,716.97802734375,541.7606201171875,406.0629577636719,401.9671936035156,,,
1990232N13141,1990-08-26 15:00:00,17.9,120.5,,287.8073425292969,286.5822448730469,2331.179931640625,358.31939697265625,631935,280.5029296875,275.2880554199219,205.6791229248047,286.5822448730469,442.5921936035156,517.308349609375,,,
1990232N13141,1990-08-26 18:00:00,18.0,120.0,,2.1002511978149414,1.9871057271957397,63.57711410522461,7.217075824737549,24707,1.5309581756591797,1.1979444026947021,,1.9871057271957397,131.5286102294922,264.5408935546875,,,
1990310N07152,1990-11-12 15:00:00,10.3,125.7,,55.64435958862305,54.650691986083984,912.4426879882812,112.97598266601562,297452,51.111122131347656,46.474246978759766,90.94412994384766,54.650691986083984,72.15386962890625,100.41573333740234,,,
1990310N07152,1990-11-12 18:00:00,10.4,124.9,,157.5844268798828,156.00738525390625,1184.60546875,202.16615295410156,615206,148.62156677246094,139.72625732421875,228.87477111816406,156.00738525390625,120.10266876220703,112.2130355834961,,,
1990310N07152,1990-11-12 21:00:00,10.5,124.0,,115.11912536621094,113.88177490234375,972.6883544921875,165.35653686523438,556309,109.13160705566406,103.63545989990234,211.49171447753906,113.88177490234375,91.38308715820312,154.96971130371094,,,
1990310N07152,1990-11-13 00:00:00,10.6,123.3,,221.121826171875,219.81117248535156,2408.6328125,314.0311584472656,767737,214.603515625,209.49252319335938,438.72900390625,219.81117248535156,180.44711303710938,150.76956176757812,,,
1990310N07152,1990-11-13 03:00:00,10.7,122.4,,175.3867645263672,174.372802734375,1567.3621826171875,259.9344482421875,728231,170.52029418945312,166.3501434326172,125.4889907836914,174.372802734375,170.11819458007812,193.97445678710938,,,
1990310N07152,1990-11-13 06:00:00,10.9,121.7,,117.25675964355469,115.4566879272461,961.6277465820312,149.43560791015625,170992,106.58163452148438,99.91082000732422,0.0,115.4566879272461,291.85235595703125,225.30111694335938,,,
1990310N07152,1990-11-13 09:00:00,11.1,120.9,,3.1519460678100586,2.988604784011841,256.4625549316406,14.918998718261719,218605,2.406585931777954,1.9018926620483398,2.138359308242798,2.988604784011841,2.90012526512146,2.8558919429779053,,,
1991163N11128,1991-06-13 21:00:00,14.0,124.4,,151.13014221191406,149.27960205078125,807.9014282226562,170.61630249023438,249014,141.2329864501953,133.6822967529297,94.9813461303711,149.27960205078125,111.00635528564453,101.0347671508789,,,
1991163N11128,1991-06-14 00:00:00,14.1,124.2,,127.45719146728516,125.42253112792969,782.5914916992188,160.71766662597656,261764,117.36114501953125,108.00598907470703,71.60948944091797,125.42253112792969,115.8639144897461,110.9487075805664,,,
1991163N11128,1991-06-14 03:00:00,14.3,123.9,,27.402217864990234,26.4498233795166,312.2167053222656,58.27523422241211,97027,23.04141616821289,19.080699920654297,,26.4498233795166,102.16378784179688,113.31344604492188,,,
1991196N06153,1991-07-22 03:00:00,17.0,122.6,,321.7868957519531,319.8706359863281,1559.2064208984375,304.5466003417969,326131,310.3541259765625,298.3210754394531,46.4276123046875,319.8706359863281,350.4936828613281,326.3785705566406,,,
1991196N06153,1991-07-22 06:00:00,17.5,122.1,,330.5428466796875,330.01226806640625,1803.2706298828125,361.6550598144531,757691,326.6446228027344,322.8597717285156,593.2781372070312,330.01226806640625,241.48143005371094,267.8344421386719,,,
1991196N06153,1991-07-22 09:00:00,18.1,121.7,,152.36109924316406,151.94927978515625,1545.879638671875,200.5403594970703,890429,150.06942749023438,147.76454162597656,63.4981689453125,151.94927978515625,250.8640899658203,351.9618225097656,,,
1991196N06153,1991-07-22 12:00:00,18.7,121.2,,228.77137756347656,226.07223510742188,1449.3775634765625,306.84912109375,424148,213.76321411132812,197.96530151367188,52.85176467895508,226.07223510742188,264.87921142578125,265.7047424316406,,,
1991196N06153,1991-07-22 15:00:00,19.0,120.6,,15.046319961547852,14.46362018585205,192.72811889648438,30.008697509765625,13869,12.129095077514648,9.261818885803223,,14.46362018585205,181.4466552734375,264.1385498046875,,,
1991289N06156,1991-10-27 09:00:00,18.1,122.4,,251.81216430664062,249.9522705078125,1196.5111083984375,241.20924377441406,317693,241.50103759765625,230.00148010253906,128.1837158203125,249.9522705078125,256.33282470703125,230.08619689941406,,,
1991289N06156,1991-10-27 12:00:00,18.0,122.1,,250.090576171875,249.2771759033203,1779.924072265625,303.4049072265625,674264,245.49761962890625,239.0171356201172,304.58758544921875,249.2771759033203,215.0609893798828,229.0686798095703,,,
1991289N06156,1991-10-27 15:00:00,17.9,121.8,,202.3467559814453,202.03211975097656,1773.7711181640625,279.78363037109375,979999,200.66854858398438,199.12838745117188,115.1277847290039,202.03211975097656,254.58421325683594,354.1216735839844,,,
1991289N06156,1991-10-27 18:00:00,17.8,121.5,,273.03546142578125,272.8799743652344,2187.368896484375,346.6180419921875,1021820,271.8114929199219,270.8540954589844,141.81524658203125,272.8799743652344,403.76422119140625,431.17681884765625,,,
1991289N06156,1991-10-27 21:00:00,17.8,121.3,,475.7438659667969,475.7412414550781,2333.36865234375,456.05364990234375,1021820,475.72088623046875,475.8035888671875,458.3685302734375,475.7412414550781,439.46722412109375,429.9814147949219,,,
1991289N06156,1991-10-28 00:00:00,17.8,121.1,,607.4066772460938,607.7056274414062,2413.021484375,454.0869140625,1021820,609.7481079101562,611.4700927734375,763.2201538085938,607.7056274414062,473.2073669433594,433.3591003417969,,,
1991289N06156,1991-10-28 03:00:00,17.8,120.9,,590.6384887695312,590.759521484375,2414.389404296875,461.7300720214844,1021820,591.5904541015625,592.1920166015625,740.4605102539062,590.759521484375,516.9884643554688,461.8236389160156,,,
1991289N06156,1991-10-28 06:00:00,17.8,120.7,,448.0003662109375,447.1256408691406,2332.04052734375,427.3843688964844,908008,443.0771789550781,438.2071838378906,411.54046630859375,447.1256408691406,552.2086791992188,512.827880859375,,,
1991289N06156,1991-10-28 09:00:00,17.9,120.5,,287.8073425292969,286.5822448730469,2331.179931640625,358.31939697265625,631935,280.5029296875,275.2880554199219,205.6791229248047,286.5822448730469,442.5921936035156,517.308349609375,,,
1991289N06156,1991-10-28 12:00:00,18.1,120.3,,118.68191528320312,117.56547546386719,1218.8052978515625,191.84133911132812,295399,111.84600067138672,105.82860565185547,7.092787265777588,117.56547546386719,335.0060729980469,414.1819152832031,,,
1991289N06156,1991-10-28 15:00:00,18.2,120.1,,8.66858959197998,8.43175983428955,77.43051147460938,13.778581619262695,48794,7.393407821655273,6.43236780166626,,8.43175983428955,143.45895385742188,342.6834411621094,,,
1991304N08140,1991-11-04 18:00:00,11.8,125.9,,1.0562938451766968,1.0172194242477417,44.7771110534668,4.19047737121582,55400,0.8373062014579773,0.6781706213951111,,1.0172194242477417,85.1321792602539,126.84892272949219,,,
1991304N08140,1991-11-04 21:00:00,11.6,125.4,,143.16659545898438,142.8834686279297,700.9611206054688,136.31832885742188,715111,141.36587524414062,139.8534393310547,168.562744140625,142.8834686279297,113.19773864746094,118.97081756591797,,,
1991304N08140,1991-11-05 00:00:00,11.5,124.9,,135.86215209960938,135.23599243164062,1260.3760986328125,177.1021728515625,866600,132.07553100585938,129.07815551757812,47.03171157836914,135.23599243164062,134.5863037109375,116.75350952148438,,,
1991304N08140,1991-11-05 03:00:00,11.3,124.5,,134.00534057617188,132.9625701904297,1332.0281982421875,212.64093017578125,652382,127.9289779663086,122.98419189453125,109.97544860839844,132.9625701904297,91.99308776855469,111.1793441772461,,,
1991304N08140,1991-11-05 06:00:00,11.1,124.1,,51.99479675292969,50.98374557495117,553.2767333984375,76.79669189453125,447029,46.788856506347656,42.76079177856445,23.956262588500977,50.98374557495117,104.04796600341797,103.6456527709961,,,
1991304N08140,1991-11-05 09:00:00,10.9,123.5,,161.24110412597656,159.22494506835938,1844.2449951171875,268.80535888671875,568395,150.92120361328125,141.24578857421875,49.40122604370117,159.22494506835938,161.7706298828125,128.88763427734375,,,
1991304N08140,1991-11-05 12:00:00,10.8,122.9,,142.84181213378906,141.98854064941406,2391.764404296875,269.4630126953125,861992,137.85617065429688,134.17649841308594,24.712575912475586,141.98854064941406,156.57675170898438,176.0781707763672,,,
1991304N08140,1991-11-05 15:00:00,10.6,122.3,,167.36141967773438,166.13963317871094,1569.524169921875,251.8656768798828,619596,161.5135040283203,155.5747528076172,142.8841094970703,166.13963317871094,170.18154907226562,190.7484588623047,,,
1991304N08140,1991-11-05 18:00:00,10.5,121.7,,92.33352661132812,90.93617248535156,1001.6450805664062,128.1707305908203,125184,83.86192321777344,77.95355987548828,6.948724269866943,90.93617248535156,180.40267944335938,206.37258911132812,,,
1991304N08140,1991-11-05 21:00:00,10.3,120.9,,0.89844810962677,0.8680365085601807,124.92188262939453,7.339320659637451,17192,0.7390486598014832,0.6183884143829346,,0.8680365085601807,4.239466190338135,2.740419626235962,,,
1991317N09141,1991-11-16 09:00:00,13.5,123.7,,141.70140075683594,140.89199829101562,2427.883544921875,217.92727661132812,751348,137.23760986328125,132.70855712890625,178.4241180419922,140.89199829101562,111.75531768798828,98.50603485107422,,,
1991317N09141,1991-11-16 12:00:00,13.7,123.1,,111.86060333251953,111.26175689697266,1954.0574951171875,184.27537536621094,733948,108.49452209472656,104.83197021484375,76.51614379882812,111.26175689697266,107.47499084472656,93.064697265625,,,
1991317N09141,1991-11-16 15:00:00,13.8,122.5,,93.26175689697266,92.78511047363281,1485.2626953125,126.79054260253906,820861,90.81964874267578,88.14067077636719,66.61762237548828,92.78511047363281,78.84820556640625,77.25093841552734,,,
1991317N09141,1991-11-16 18:00:00,13.9,122.0,,54.00178527832031,53.346195220947266,642.419189453125,80.03221130371094,669905,50.5347900390625,47.53971481323242,41.63248825073242,53.346195220947266,104.75666046142578,111.70885467529297,,,
1991317N09141,1991-11-16 21:00:00,13.9,121.6,,155.10719299316406,154.09629821777344,2129.593994140625,204.29832458496094,664524,149.91893005371094,144.4145965576172,179.6231231689453,154.09629821777344,120.21501159667969,137.49957275390625,,,
1991317N09141,1991-11-17 00:00:00,14.0,121.2,,155.40985107421875,154.96397399902344,2129.52294921875,194.88128662109375,926241,153.26925659179688,151.52581787109375,153.34579467773438,154.96397399902344,136.58750915527344,186.20480346679688,,,
1991317N09141,1991-11-17 03:00:00,14.1,120.8,,113.60919952392578,112.913330078125,1065.3184814453125,143.0717315673828,683803,109.43291473388672,106.05300903320312,171.5887908935547,112.913330078125,113.08174133300781,172.951171875,,,
1991317N09141,1991-11-17 06:00:00,14.3,120.4,,130.43202209472656,128.60488891601562,1373.3082275390625,191.44239807128906,334365,121.49972534179688,111.51912689208984,84.77330017089844,128.60488891601562,105.76654052734375,121.26363372802734,,,
1991317N09141,1991-11-17 09:00:00,14.6,120.0,,149.82191467285156,148.19525146484375,1247.8404541015625,201.7558135986328,214614,141.23048400878906,133.6535186767578,21.503952026367188,148.19525146484375,188.67088317871094,175.78866577148438,,,
1991317N09141,1991-11-17 12:00:00,14.9,119.8,,132.15342712402344,130.57595825195312,1289.17236328125,195.95172119140625,168970,123.94905090332031,115.8592300415039,0.7478559017181396,130.57595825195312,281.66815185546875,256.69012451171875,,,
1992188N07156,1992-07-11 00:00:00,15.7,122.3,,13.708532333374023,12.569918632507324,533.8739624023438,47.81460189819336,11874,8.646288871765137,5.215856075286865,,12.569918632507324,156.79995727539062,355.2782897949219,,,
1992188N07156,1992-07-11 03:00:00,15.9,121.4,,550.3494262695312,549.3016967773438,1909.7857666015625,396.0829162597656,868360,544.01611328125,537.729736328125,571.280029296875,549.3016967773438,458.96966552734375,424.17333984375,,,
1992188N07156,1992-07-11 06:00:00,16.2,120.5,,408.81475830078125,407.68408203125,2216.24072265625,502.35089111328125,857982,401.5667724609375,395.2326965332031,339.54998779296875,407.68408203125,450.6851501464844,475.9919128417969,,,
1992188N07156,1992-07-11 09:00:00,16.5,119.5,,53.17005157470703,52.26967239379883,155.44200134277344,53.237632751464844,59305,49.645992279052734,45.10326385498047,,52.26967239379883,30.81173324584961,59.32561111450195,,,
1992289N08135,1992-10-25 21:00:00,14.9,121.7,,258.5487365722656,256.08831787109375,1504.2044677734375,282.0038146972656,558991,246.24253845214844,232.1415557861328,157.8267822265625,256.08831787109375,233.54847717285156,193.11705017089844,,,
1992289N08135,1992-10-26 00:00:00,14.8,121.0,,162.21560668945312,161.82997131347656,1507.2529296875,242.83285522460938,884498,160.09580993652344,157.97256469726562,75.8719253540039,161.82997131347656,171.8439178466797,186.14077758789062,,,
1992289N08135,1992-10-26 03:00:00,14.6,120.3,,143.46572875976562,142.20492553710938,1372.1480712890625,207.75827026367188,444104,137.1338653564453,130.96969604492188,208.1696014404297,142.20492553710938,141.21630859375,145.29110717773438,,,
1992289N08135,1992-10-26 06:00:00,14.4,119.5,,,,,,0,,,,,0.0008016477222554386,75.60132598876953,,,
1993164N04160,1993-06-25 18:00:00,16.9,122.6,,350.2078552246094,348.56298828125,1559.3330078125,316.0085144042969,316761,339.88568115234375,326.78515625,69.61641693115234,348.56298828125,351.35296630859375,321.9092712402344,,,
1993164N04160,1993-06-25 21:00:00,17.1,121.8,,216.73699951171875,216.5019073486328,1803.4219970703125,256.8119812011719,1018316,215.08920288085938,213.39517211914062,64.62972259521484,216.5019073486328,334.1376037597656,458.3902893066406,,,
1993164N04160,1993-06-26 00:00:00,17.3,121.2,,826.1949462890625,826.6378173828125,2657.519287109375,579.3956909179688,1019206,829.3406372070312,832.597412109375,1005.1082763671875,826.6378173828125,601.9346313476562,534.6788330078125,,,
1993164N04160,1993-06-26 03:00:00,17.6,120.6,,435.8987731933594,434.4308166503906,2429.77685546875,430.6940002441406,811451,428.3367919921875,420.3316955566406,217.9459991455078,434.4308166503906,602.7102661132812,625.52197265625,,,
1993164N04160,1993-06-26 06:00:00,18.0,120.0,,2.1002511978149414,1.9871057271957397,63.57711410522461,7.217075824737549,24707,1.5309581756591797,1.1979444026947021,,1.9871057271957397,131.5286102294922,264.5408935546875,,,
1993271N14134,1993-10-04 03:00:00,16.6,122.4,,401.855712890625,400.1862487792969,1583.6295166015625,329.33514404296875,462061,392.9484558105469,382.6965637207031,417.9884338378906,400.1862487792969,327.89837646484375,296.2738952636719,,,
1993271N14134,1993-10-04 06:00:00,16.5,122.0,,337.06805419921875,336.4651184082031,1800.603271484375,329.0703125,876440,333.7276611328125,330.977294921875,533.5569458007812,336.4651184082031,330.7743835449219,375.1968078613281,,,
1993271N14134,1993-10-04 09:00:00,16.4,121.5,,485.127197265625,484.99395751953125,1800.8216552734375,351.38262939453125,1014165,484.1936340332031,483.8818664550781,473.8576965332031,484.99395751953125,538.3065185546875,573.7899169921875,,,
1993271N14134,1993-10-04 12:00:00,16.3,121.1,,793.6953735351562,793.7928466796875,2894.8154296875,445.1357727050781,1013982,794.3295288085938,794.9414672851562,794.08837890625,793.7928466796875,646.2940673828125,543.5404052734375,,,
1993271N14134,1993-10-04 15:00:00,16.3,120.7,,684.9865112304688,684.4318237304688,2895.878173828125,594.0354614257812,967434,681.5457153320312,677.49365234375,888.7177124023438,684.4318237304688,589.0398559570312,525.78857421875,,,
1993271N14134,1993-10-04 18:00:00,16.4,120.3,,353.17633056640625,351.16473388671875,2219.3173828125,467.29815673828125,656395,342.6224060058594,331.62841796875,145.1818389892578,351.16473388671875,473.983642578125,500.1775207519531,,,
1993271N14134,1993-10-04 21:00:00,16.3,119.9,,53.73386001586914,53.15207290649414,745.7359008789062,90.16596221923828,350606,50.954715728759766,47.97038269042969,28.478294372558594,53.15207290649414,147.09429931640625,311.2958068847656,,,
1993271N14134,1993-10-05 00:00:00,16.2,119.7,,47.6514778137207,47.152591705322266,719.4706420898438,74.18680572509766,316835,44.94719696044922,42.27070236206055,47.707008361816406,47.152591705322266,94.77190399169922,203.86581420898438,,,
1993271N14134,1993-10-05 03:00:00,16.1,119.7,,58.154170989990234,57.56361389160156,742.0224609375,93.27055358886719,369242,54.839073181152344,52.04877853393555,40.90580749511719,57.56361389160156,123.41683959960938,198.8695526123047,,,
1993271N14134,1993-10-05 06:00:00,16.1,120.0,,89.30787658691406,88.54918670654297,1109.455078125,159.65403747558594,613181,85.16584777832031,81.61629486083984,72.91551208496094,88.54918670654297,199.99485778808594,304.61846923828125,,,
1993271N14134,1993-10-05 09:00:00,16.1,120.1,,95.70716857910156,94.9847640991211,1340.1785888671875,168.6410369873047,730150,91.56515502929688,87.93914794921875,75.9201431274414,94.9847640991211,230.9390869140625,348.1182556152344,,,
1993271N14134,1993-10-05 12:00:00,16.4,120.3,,353.17633056640625,351.16473388671875,2219.3173828125,467.29815673828125,656395,342.6224060058594,331.62841796875,145.1818389892578,351.16473388671875,473.983642578125,500.1775207519531,,,
1993271N14134,1993-10-05 15:00:00,16.6,120.5,,825.85009765625,823.7052001953125,2894.481201171875,667.8892211914062,753912,811.105224609375,803.3318481445312,599.1004028320312,823.7052001953125,693.6575927734375,609.5931396484375,,,
1993271N14134,1993-10-05 18:00:00,16.9,120.7,,967.873046875,966.8048706054688,2896.990234375,649.9677734375,934346,961.2579956054688,958.32275390625,1066.067138671875,966.8048706054688,836.3074951171875,682.7887573242188,,,
1993271N14134,1993-10-05 21:00:00,17.4,120.9,,821.518798828125,821.7559814453125,2655.8701171875,556.1470947265625,1020116,823.1930541992188,824.4766845703125,1029.947265625,821.7559814453125,676.1344604492188,573.963134765625,,,
1993271N14134,1993-10-06 00:00:00,17.9,121.3,,442.1514892578125,442.1637268066406,2329.47119140625,439.2038879394531,1022678,442.20440673828125,442.4194030761719,364.1847839355469,442.1637268066406,406.6628112792969,413.004150390625,,,
1993271N14134,1993-10-06 03:00:00,18.4,121.8,,119.26801300048828,118.55145263671875,1119.415771484375,191.7716522216797,559774,115.72456359863281,111.43601989746094,7.708652496337891,118.55145263671875,167.5173797607422,260.1658020019531,,,
1993271N14134,1993-10-06 06:00:00,19.0,122.3,,80.8104019165039,78.00524139404297,788.9702758789062,140.62594604492188,56878,67.8901138305664,56.678985595703125,0.7917894721031189,78.00524139404297,73.76256561279297,123.60050964355469,,,
1993298N11154,1993-11-01 06:00:00,16.1,122.2,,404.39227294921875,401.3277893066406,1800.9072265625,411.77117919921875,313220,386.2012939453125,369.3726501464844,39.75303268432617,401.3277893066406,405.4595947265625,396.00115966796875,,,
1993298N11154,1993-11-01 09:00:00,16.1,121.6,,552.4849243164062,551.370361328125,1908.3983154296875,394.2181396484375,835701,545.6110229492188,538.6383666992188,585.279296875,551.370361328125,477.0406494140625,465.59722900390625,,,
1993298N11154,1993-11-01 12:00:00,16.2,121.0,,729.2342529296875,729.2992553710938,2894.818603515625,470.89581298828125,1013112,729.6116943359375,729.8566284179688,793.1587524414062,729.2992553710938,591.4467163085938,509.8096618652344,,,
1993298N11154,1993-11-01 15:00:00,16.2,120.4,,303.8077087402344,302.63922119140625,2218.003173828125,437.10003662109375,822091,296.6416015625,290.83465576171875,199.71656799316406,302.63922119140625,409.38177490234375,463.1683349609375,,,
1993298N11154,1993-11-01 18:00:00,16.3,120.0,,56.48828887939453,55.8825569152832,745.7778930664062,90.62619018554688,459614,53.056121826171875,50.173561096191406,28.11252212524414,55.8825569152832,215.75765991210938,382.00445556640625,,,
1993298N11154,1993-11-01 21:00:00,16.5,119.6,,35.03053665161133,34.63861846923828,155.2440948486328,46.91371536254883,105409,32.75672149658203,30.772289276123047,0.0,34.63861846923828,36.98302459716797,104.77630615234375,,,
1993298N11154,1993-11-02 00:00:00,16.7,119.2,,,,,,0,,,,,0.03301190584897995,32.592037200927734,,,
1993322N09137,1993-11-20 06:00:00,10.8,125.3,,118.38567352294922,116.79795837402344,1117.41015625,181.3180694580078,448909,109.50469970703125,102.22135925292969,2.5564701557159424,116.79795837402344,135.81715393066406,126.05776977539062,,,
1993322N09137,1993-11-20 09:00:00,10.9,124.8,,153.7576904296875,152.68338012695312,1292.555908203125,217.432373046875,737479,148.10162353515625,142.96429443359375,240.12705993652344,152.68338012695312,135.64450073242188,118.81929016113281,,,
1993322N09137,1993-11-20 12:00:00,11.1,124.3,,95.29005432128906,93.95203399658203,1255.9208984375,169.54100036621094,557159,87.21480560302734,81.3992691040039,62.57618713378906,93.95203399658203,113.77412414550781,95.45374298095703,,,
1993322N09137,1993-11-20 15:00:00,11.2,123.7,,18.53105926513672,18.007539749145508,275.9027404785156,38.74489212036133,316625,15.844311714172363,13.5018892288208,2.8022472858428955,18.007539749145508,72.58738708496094,107.05089569091797,,,
1993322N09137,1993-11-20 18:00:00,11.4,123.1,,48.46875,47.91191482543945,795.8764038085938,79.38294219970703,537982,45.49327087402344,42.58211898803711,46.90050506591797,47.91191482543945,59.33090591430664,120.62285614013672,,,
1993322N09137,1993-11-20 21:00:00,11.6,122.4,,203.26144409179688,202.19248962402344,2077.115478515625,302.4034729003906,629559,197.38131713867188,192.6851043701172,95.77745819091797,202.19248962402344,194.511474609375,161.88499450683594,,,
1993322N09137,1993-11-21 00:00:00,11.7,121.7,,72.1567153930664,70.19731903076172,1045.633056640625,148.6140594482422,239689,62.03471374511719,53.06981658935547,15.341455459594727,70.19731903076172,157.4256134033203,178.56533813476562,,,
1993322N09137,1993-11-21 03:00:00,11.7,121.1,,5.9058451652526855,5.621069431304932,257.3863220214844,18.793895721435547,63621,4.54511022567749,3.4425766468048096,0.0,5.621069431304932,16.317554473876953,64.62579345703125,,,
1993331N05172,1993-12-05 12:00:00,14.2,123.1,,92.61266326904297,91.69882202148438,1489.99462890625,159.9801788330078,478318,87.12540435791016,81.35967254638672,6.505936622619629,91.69882202148438,101.90470886230469,90.5644302368164,,,
1993331N05172,1993-12-05 15:00:00,14.1,122.7,,91.5083999633789,90.91390991210938,1482.98583984375,139.3779296875,763642,88.41132354736328,85.43933868408203,160.61480712890625,90.91390991210938,72.3422622680664,74.70577239990234,,,
1993331N05172,1993-12-05 18:00:00,14.0,122.2,,58.15740966796875,57.624717712402344,702.6879272460938,79.16434478759766,705888,55.28836441040039,52.50326156616211,31.7917537689209,57.624717712402344,93.70980072021484,98.8833999633789,,,
1993331N05172,1993-12-05 21:00:00,13.8,121.6,,153.72555541992188,152.65127563476562,2130.509521484375,210.655517578125,582654,148.2732391357422,142.13865661621094,51.123573303222656,152.65127563476562,113.03348541259766,154.5229034423828,,,
1993331N05172,1993-12-06 00:00:00,13.7,121.0,,201.1010284423828,199.23895263671875,2540.01220703125,317.54730224609375,740299,191.03138732910156,180.7582550048828,85.25466918945312,199.23895263671875,216.3843231201172,208.7598419189453,,,
1993331N05172,1993-12-06 03:00:00,13.6,120.5,,197.05868530273438,193.67514038085938,1744.1273193359375,319.2633972167969,435999,179.3260040283203,164.92210388183594,235.6166229248047,193.67514038085938,229.0012664794922,218.7411346435547,,,
1993331N05172,1993-12-06 06:00:00,13.5,120.1,,105.50945281982422,102.88960266113281,1485.418701171875,204.66490173339844,193480,92.53936004638672,81.49942779541016,11.32921314239502,102.88960266113281,144.25437927246094,223.86610412597656,,,
1993331N05172,1993-12-06 09:00:00,13.3,119.6,,,,,,0,,,,,0.0,86.52423858642578,,,
1993336N05164,1993-12-09 21:00:00,12.7,124.5,,72.58484649658203,71.62366485595703,1532.138427734375,119.29180145263672,420540,67.56492614746094,62.51120376586914,8.531229972839355,71.62366485595703,74.1208724975586,76.24053955078125,,,
1993336N05164,1993-12-10 00:00:00,12.5,124.0,,60.810646057128906,59.93624496459961,1531.8258056640625,109.15264129638672,625409,56.3414421081543,52.101566314697266,45.429405212402344,59.93624496459961,62.322547912597656,65.2470932006836,,,
1993336N05164,1993-12-10 03:00:00,12.5,123.5,,45.925411224365234,45.369022369384766,683.6410522460938,76.34921264648438,581809,42.83233642578125,40.255210876464844,73.25912475585938,45.369022369384766,56.41636657714844,66.42842864990234,,,
1993336N05164,1993-12-10 06:00:00,12.5,123.0,,90.85304260253906,89.56288146972656,2023.593017578125,207.19020080566406,266483,83.18205261230469,78.43180084228516,0.015900293365120888,89.56288146972656,63.4831657409668,59.919334411621094,,,
1993353N05159,1993-12-26 03:00:00,9.4,126.2,,160.3466033935547,158.38189697265625,1274.6153564453125,227.2681884765625,432723,149.8398895263672,139.88377380371094,33.565650939941406,158.38189697265625,241.06350708007812,192.2705841064453,,,
1993353N05159,1993-12-26 06:00:00,9.7,125.6,,144.44557189941406,143.07818603515625,1739.6517333984375,245.2046356201172,628340,137.16964721679688,130.09207153320312,81.03369140625,143.07818603515625,168.677490234375,173.72836303710938,,,
1993353N05159,1993-12-26 09:00:00,10.0,124.9,,101.98822784423828,100.5621337890625,972.4425048828125,152.16091918945312,421449,94.27953338623047,87.07949829101562,105.58293151855469,100.5621337890625,119.38654327392578,117.4605712890625,,,
1993353N05159,1993-12-26 12:00:00,10.3,124.3,,48.65288162231445,47.96135711669922,722.1588134765625,88.82949829101562,586369,44.75849533081055,41.621856689453125,5.732465744018555,47.96135711669922,122.48564910888672,129.89755249023438,,,
1993353N05159,1993-12-26 15:00:00,10.6,123.7,,161.1533966064453,159.67613220214844,1767.1483154296875,200.79649353027344,665606,153.42730712890625,146.13323974609375,169.06134033203125,159.67613220214844,176.2259521484375,145.5106964111328,,,
1993353N05159,1993-12-26 18:00:00,11.0,123.1,,131.55084228515625,130.70980834960938,1849.4140625,229.98252868652344,754257,126.77173614501953,121.73062133789062,53.24472427368164,130.70980834960938,120.7083969116211,151.77867126464844,,,
1993353N05159,1993-12-26 21:00:00,11.2,122.6,,188.5115509033203,188.1204071044922,2031.244384765625,286.3527526855469,947944,186.40025329589844,184.12249755859375,102.91313934326172,188.1204071044922,163.10345458984375,162.4984588623047,,,
1993353N05159,1993-12-27 00:00:00,11.5,122.0,,267.4053039550781,265.1863708496094,2067.27978515625,346.13092041015625,516793,255.1385498046875,241.67880249023438,312.4617004394531,265.1863708496094,233.7292022705078,182.89859008789062,,,
1993353N05159,1993-12-27 03:00:00,11.7,121.5,,18.79538917541504,18.012296676635742,569.1830444335938,51.93190383911133,126512,14.769038200378418,11.65871810913086,6.038771152496338,18.012296676635742,70.49742126464844,144.14727783203125,,,
1994088N09148,1994-04-04 03:00:00,10.2,125.2,,137.9180908203125,136.2257080078125,971.2410278320312,182.3065185546875,569947,129.54415893554688,121.79662322998047,102.63288116455078,136.2257080078125,117.4551773071289,103.03084564208984,,,
1994088N09148,1994-04-04 06:00:00,10.3,124.5,,73.65448760986328,72.77932739257812,1111.208984375,132.45999145507812,548574,68.86251831054688,64.38343811035156,0.696216881275177,72.77932739257812,130.18446350097656,134.05459594726562,,,
1994088N09148,1994-04-04 09:00:00,10.4,123.9,,112.77578735351562,111.51671600341797,975.9632568359375,163.6927490234375,588576,106.24465942382812,101.21708679199219,188.8647003173828,111.51671600341797,124.48783874511719,156.8439483642578,,,
1994088N09148,1994-04-04 12:00:00,10.5,123.3,,240.13192749023438,239.17079162597656,2412.910888671875,310.9110412597656,798949,235.55099487304688,231.21597290039062,475.91143798828125,239.17079162597656,194.5558319091797,157.59860229492188,,,
1994088N09148,1994-04-04 15:00:00,10.5,122.7,,76.16618347167969,75.28006744384766,2414.37255859375,204.19366455078125,610339,71.2259521484375,66.64927673339844,29.898757934570312,75.28006744384766,212.03118896484375,197.48216247558594,,,
1994088N09148,1994-04-04 18:00:00,10.5,122.2,,158.34783935546875,156.88351440429688,1379.1326904296875,230.95489501953125,434367,150.9963836669922,143.404541015625,124.08210754394531,156.88351440429688,166.90151977539062,176.199951171875,,,
1994088N09148,1994-04-04 21:00:00,10.6,121.7,,106.56966400146484,105.0566635131836,1009.6052856445312,143.3243865966797,157355,98.0074691772461,93.29366302490234,0.0,105.0566635131836,194.3108673095703,226.58758544921875,,,
1994197N14115,1994-07-18 21:00:00,17.7,120.2,,141.69558715820312,140.703857421875,1219.2840576171875,215.7418670654297,271948,136.002197265625,131.90750122070312,2.291846990585327,140.703857421875,236.42262268066406,509.162109375,,,
1994197N14115,1994-07-19 00:00:00,18.1,120.6,,411.3083801269531,410.22637939453125,2329.212646484375,414.8514709472656,691470,405.6959533691406,400.8267822265625,92.97881317138672,410.22637939453125,421.4954833984375,437.07781982421875,,,
1994197N14115,1994-07-19 03:00:00,18.5,120.9,,362.4176940917969,360.9312744140625,1823.47607421875,364.4771423339844,618733,354.9059753417969,343.9510803222656,391.70703125,360.9312744140625,327.8591613769531,334.1108703613281,,,
1994197N14115,1994-07-19 06:00:00,18.9,121.2,,66.00753021240234,64.1729507446289,842.0654907226562,122.47579193115234,212677,56.360782623291016,47.95236587524414,26.042922973632812,64.1729507446289,210.55722045898438,241.8283233642578,,,
1994287N14156,1994-10-21 00:00:00,14.8,122.1,,18.694252014160156,18.30069923400879,313.4511413574219,37.746543884277344,281117,16.6815242767334,15.034680366516113,20.295005798339844,18.30069923400879,127.38544464111328,166.6588592529297,,,
1994287N14156,1994-10-21 03:00:00,14.6,121.6,,245.1350555419922,243.782470703125,1499.87109375,253.12342834472656,723675,238.88442993164062,231.27586364746094,269.2055358886719,243.782470703125,188.37640380859375,158.89599609375,,,
1994287N14156,1994-10-21 06:00:00,14.4,121.1,,150.58311462402344,150.10336303710938,1454.8079833984375,184.6004638671875,900282,147.41163635253906,144.6792449951172,38.37643051147461,150.10336303710938,176.75418090820312,156.76527404785156,,,
1994287N14156,1994-10-21 09:00:00,14.2,120.6,,129.9303741455078,128.7460479736328,1376.0032958984375,172.5065155029297,501130,123.68328857421875,117.81796264648438,81.17488861083984,128.7460479736328,97.07489776611328,140.002685546875,,,
1994287N14156,1994-10-21 12:00:00,14.0,120.0,,34.802120208740234,33.84159851074219,728.1909790039062,84.26884460449219,88007,30.329959869384766,26.760509490966797,4.1532721519470215,33.84159851074219,62.30171585083008,140.81375122070312,,,
1994345N06165,1994-12-21 12:00:00,10.9,125.3,,96.15750885009766,95.01549530029297,1115.0445556640625,142.77206420898438,498363,89.38628387451172,83.9443359375,5.55898380279541,95.01549530029297,142.81930541992188,128.6356201171875,,,
1994345N06165,1994-12-21 15:00:00,11.0,124.9,,142.246826171875,141.40179443359375,1294.3975830078125,207.7931671142578,732107,137.90841674804688,133.56150817871094,201.45741271972656,141.40179443359375,139.5078582763672,121.73877716064453,,,
1994345N06165,1994-12-21 18:00:00,11.2,124.4,,129.81137084960938,128.36264038085938,1292.04345703125,211.37344360351562,587347,121.84638214111328,113.92414855957031,80.73301696777344,128.36264038085938,98.79708862304688,101.69742584228516,,,
1994345N06165,1994-12-21 21:00:00,11.4,123.9,,10.873847007751465,10.497891426086426,277.5991516113281,24.16313362121582,266971,9.026102066040039,7.621828556060791,3.782977342605591,10.497891426086426,50.0809211730957,72.01852416992188,,,
1994345N06165,1994-12-22 00:00:00,11.6,123.4,,20.333066940307617,19.73305892944336,784.4813232421875,62.16140365600586,259904,17.234506607055664,14.607719421386719,8.70512866973877,19.73305892944336,28.614551544189453,50.233768463134766,,,
1995244N08139,1995-09-03 21:00:00,16.7,122.5,,381.1894226074219,379.3340759277344,1576.9429931640625,326.57659912109375,380288,370.65020751953125,362.9273376464844,264.1692199707031,379.3340759277344,333.68682861328125,301.0531005859375,,,
1995244N08139,1995-09-04 00:00:00,16.8,121.8,,232.28689575195312,231.97247314453125,1579.3638916015625,249.74197387695312,1016552,230.0572967529297,227.5989227294922,90.44535064697266,231.97247314453125,357.0864562988281,475.0209655761719,,,
1995244N08139,1995-09-04 03:00:00,17.0,120.9,,1061.8665771484375,1062.511962890625,2895.997802734375,588.2153930664062,1017450,1066.24755859375,1070.561279296875,1352.1370849609375,1062.511962890625,777.0929565429688,633.9625854492188,,,
1995244N08139,1995-09-04 06:00:00,17.0,120.0,,12.987799644470215,12.623421669006348,299.1927795410156,33.009490966796875,63413,10.98449420928955,10.0448637008667,,12.623421669006348,293.60345458984375,528.5631103515625,,,
1995264N06174,1995-09-29 09:00:00,11.6,125.6,,146.4852294921875,145.73240661621094,701.7512817382812,144.35203552246094,460571,142.0174102783203,138.13792419433594,32.10063171386719,145.73240661621094,116.10101318359375,104.50187683105469,,,
1995264N06174,1995-09-29 12:00:00,11.9,125.1,,133.49220275878906,133.43508911132812,823.770751953125,144.04103088378906,971995,133.47482299804688,133.5723419189453,216.98912048339844,133.43508911132812,113.76586151123047,108.4375991821289,,,
1995264N06174,1995-09-29 15:00:00,12.2,124.6,,90.49004364013672,89.90042114257812,816.3607177734375,112.85660552978516,760891,87.14708709716797,84.27381134033203,119.53113555908203,89.90042114257812,94.75756072998047,89.97936248779297,,,
1995264N06174,1995-09-29 18:00:00,12.5,124.1,,65.1279525756836,64.17505645751953,1532.981201171875,117.940185546875,599300,60.267189025878906,56.1051139831543,44.72251510620117,64.17505645751953,66.03627014160156,65.43769836425781,,,
1995264N06174,1995-09-29 21:00:00,12.7,123.6,,65.98548889160156,65.11988067626953,1519.3319091796875,101.20008087158203,669571,61.15483474731445,56.94475173950195,29.097929000854492,65.11988067626953,72.33882141113281,69.47681427001953,,,
1995264N06174,1995-09-30 00:00:00,12.9,123.1,,46.5561408996582,45.650081634521484,499.5694274902344,71.13899230957031,316111,41.77924346923828,37.61213302612305,29.46184539794922,45.650081634521484,71.99549865722656,90.85150909423828,,,
1995264N06174,1995-09-30 03:00:00,13.0,122.6,,59.238502502441406,58.26153564453125,434.1427917480469,86.11903381347656,172825,54.16798782348633,49.2713508605957,38.17939758300781,58.26153564453125,77.37939453125,74.6944580078125,,,
1995264N06174,1995-09-30 06:00:00,13.2,122.1,,78.3712158203125,76.83042907714844,1147.394775390625,142.35406494140625,321676,71.19300842285156,64.9737319946289,146.7245330810547,76.83042907714844,73.4161376953125,81.45292663574219,,,
1995293N05177,1995-11-02 18:00:00,14.1,123.2,,94.84256744384766,93.8585205078125,1494.0638427734375,162.70570373535156,530805,89.18741607666016,84.0320053100586,21.190322875976562,93.8585205078125,99.3581314086914,96.90328979492188,,,
1995293N05177,1995-11-02 21:00:00,14.2,122.6,,86.07498168945312,85.5546875,1488.296875,137.13424682617188,676547,83.25070190429688,80.39439392089844,107.72265625,85.5546875,73.39757537841797,64.82670593261719,,,
1995293N05177,1995-11-03 00:00:00,14.3,121.9,,123.75395965576172,122.27101135253906,1854.46826171875,171.50088500976562,566302,116.35289001464844,108.79754638671875,37.531890869140625,122.27101135253906,123.44416046142578,137.27175903320312,,,
1995293N05177,1995-11-03 03:00:00,14.3,121.0,,109.58326721191406,109.25988006591797,1068.1864013671875,142.4427032470703,881397,107.74430847167969,106.11451721191406,109.19038391113281,109.25988006591797,163.24940490722656,156.55484008789062,,,
1995293N05177,1995-11-03 06:00:00,14.5,120.2,,154.548583984375,153.11985778808594,1376.0804443359375,211.7333984375,311906,146.19515991210938,138.39419555664062,42.740509033203125,153.11985778808594,141.20860290527344,138.23304748535156,,,
1995293N05177,1995-11-03 09:00:00,14.6,119.5,,,,,,0,,,,,137.60389709472656,152.7914276123047,,,
1995294N05163,1995-10-28 00:00:00,10.5,125.7,,65.99755859375,64.35198211669922,912.9603271484375,125.00840759277344,216273,58.181095123291016,51.221561431884766,76.66496276855469,64.35198211669922,82.27002716064453,98.9876937866211,,,
1995294N05163,1995-10-28 03:00:00,10.6,124.9,,176.93011474609375,175.62066650390625,1296.4188232421875,218.08792114257812,647336,169.70208740234375,164.05848693847656,236.28720092773438,175.62066650390625,134.59103393554688,107.80228424072266,,,
1995294N05163,1995-10-28 06:00:00,10.8,124.2,,88.37291717529297,87.22248077392578,780.4287109375,126.88412475585938,449687,81.43083190917969,75.43096160888672,37.919342041015625,87.22248077392578,116.82593536376953,111.26533508300781,,,
1995294N05163,1995-10-28 09:00:00,10.8,123.6,,188.36412048339844,186.72683715820312,1848.9959716796875,263.0396728515625,632714,178.92384338378906,170.18104553222656,37.98421096801758,186.72683715820312,167.2725067138672,132.22206115722656,,,
1995294N05163,1995-10-28 12:00:00,10.8,123.0,,175.28819274902344,174.37342834472656,2406.79443359375,297.2207336425781,846465,170.47164916992188,166.26824951171875,130.91940307617188,174.37342834472656,137.19859313964844,172.04942321777344,,,
1995294N05163,1995-10-28 15:00:00,10.9,122.3,,242.00303649902344,241.3396453857422,2031.1138916015625,314.5577697753906,837307,238.72406005859375,234.27369689941406,382.4210205078125,241.3396453857422,189.92726135253906,156.9822540283203,,,
1995294N05163,1995-10-28 18:00:00,11.0,121.7,,97.04917907714844,95.58328247070312,826.1238403320312,132.06869506835938,160276,88.30306243896484,81.00885009765625,,95.58328247070312,312.6928405761719,216.4296417236328,,,
1996090N04150,1996-04-07 00:00:00,10.9,125.8,,18.032245635986328,17.507625579833984,366.7803955078125,44.54861831665039,207472,15.305712699890137,13.60689640045166,15.765377044677734,17.507625579833984,73.31864166259766,103.28104400634766,,,
1996090N04150,1996-04-07 03:00:00,11.1,125.4,,85.81782531738281,84.961669921875,701.627197265625,116.1827392578125,537019,81.36640167236328,77.56480407714844,107.12456512451172,84.961669921875,128.33604431152344,132.38427734375,,,
1996090N04150,1996-04-07 06:00:00,11.4,125.0,,143.7166290283203,143.0932159423828,1297.5521240234375,180.94461059570312,866179,140.09059143066406,136.80323791503906,72.70436096191406,143.0932159423828,134.0132598876953,122.25090789794922,,,
1996090N04150,1996-04-07 09:00:00,11.6,124.6,,75.71245574951172,75.04492950439453,1335.9056396484375,153.4763641357422,710874,71.75563049316406,68.39857482910156,148.08334350585938,75.04492950439453,118.77262115478516,115.06169891357422,,,
1996090N04150,1996-04-07 12:00:00,11.8,124.1,,51.121490478515625,50.04171371459961,1329.0233154296875,124.24507141113281,419758,46.02056884765625,41.0561408996582,18.557497024536133,50.04171371459961,57.15642166137695,67.2538833618164,,,
1996090N04150,1996-04-07 15:00:00,11.9,123.8,,33.12470245361328,32.648109436035156,575.5811767578125,62.26187515258789,423898,30.893552780151367,28.589557647705078,27.45918846130371,32.648109436035156,35.79056167602539,52.1517448425293,,,
1996090N04150,1996-04-07 18:00:00,12.0,123.6,,44.55858612060547,44.130828857421875,680.4795532226562,73.3188247680664,577553,42.47552490234375,40.54686737060547,22.5671329498291,44.130828857421875,35.69656753540039,43.88885498046875,,,
1996090N04150,1996-04-07 21:00:00,12.0,123.4,,45.358455657958984,44.90419387817383,676.4154052734375,76.35902404785156,479607,42.97542953491211,40.61418914794922,16.65915870666504,44.90419387817383,37.235321044921875,41.65340042114258,,,
1996090N04150,1996-04-08 00:00:00,12.1,123.2,,44.276615142822266,43.6448860168457,678.4464721679688,73.239013671875,355918,41.09791946411133,38.24187469482422,24.24943733215332,43.6448860168457,46.45763397216797,47.803688049316406,,,
1996090N04150,1996-04-08 03:00:00,12.1,123.1,,35.56032180786133,34.872413635253906,514.4964599609375,59.32295608520508,266194,31.845495223999023,28.850637435913086,17.82913589477539,34.872413635253906,56.06959915161133,50.34247589111328,,,
1996090N04150,1996-04-08 06:00:00,12.1,123.11,,37.14554977416992,36.474403381347656,571.6296997070312,63.360897064208984,273497,33.63206100463867,30.50989532470703,17.987075805664062,36.474403381347656,55.113948822021484,50.24130630493164,,,
1996090N04150,1996-04-08 09:00:00,12.1,123.0,,41.24101638793945,40.32880783081055,1210.3409423828125,99.53528594970703,215892,36.46623611450195,32.3229866027832,7.223897457122803,40.32880783081055,60.62520217895508,53.7691535949707,,,
1996090N04150,1996-04-08 12:00:00,12.1,123.01,,38.37887191772461,37.537662506103516,1209.14208984375,87.02294158935547,219901,33.52299499511719,29.625442504882812,9.670697212219238,37.537662506103516,60.75514221191406,53.37461853027344,,,
1996090N04150,1996-04-08 15:00:00,12.1,122.9,,77.94902801513672,75.8830337524414,1940.40966796875,203.66957092285156,185118,68.0106201171875,60.97662353515625,0.04600980132818222,75.8830337524414,58.74617385864258,66.14942932128906,,,
1996227N08156,1996-08-19 15:00:00,17.6,122.4,,499.2390441894531,495.9876708984375,1806.6865234375,432.3930358886719,337176,481.4737243652344,463.5046691894531,5.629721164703369,495.9876708984375,327.6141662597656,240.31539916992188,,,
1996227N08156,1996-08-19 18:00:00,17.6,121.6,,286.04248046875,285.68267822265625,2183.713623046875,347.5482177734375,1020958,283.2826843261719,280.5811462402344,84.1535415649414,285.68267822265625,401.9311828613281,436.4598693847656,,,
1996227N08156,1996-08-19 21:00:00,17.6,120.7,,567.5828857421875,566.2206420898438,2542.83935546875,531.0003662109375,931364,559.1497192382812,552.8375244140625,338.852783203125,566.2206420898438,614.5984497070312,597.5643310546875,,,
1996227N08156,1996-08-20 00:00:00,17.6,119.9,,0.4360426962375641,0.415962815284729,23.072738647460938,1.101279854774475,18070,0.3021408021450043,0.1892949938774109,,0.415962815284729,103.29132843017578,220.31517028808594,,,
1996282N11162,1996-10-17 15:00:00,17.7,122.3,,432.7251281738281,430.6784362792969,1802.8037109375,398.65985107421875,435446,418.4166259765625,403.5454406738281,272.51568603515625,430.6784362792969,288.61212158203125,219.7404327392578,,,
1996282N11162,1996-10-17 18:00:00,17.7,122.0,,290.7941589355469,290.3069152832031,1800.3148193359375,354.08514404296875,799803,287.369140625,283.7731018066406,450.2110595703125,290.3069152832031,234.2972869873047,277.9176940917969,,,
1996282N11162,1996-10-17 21:00:00,17.8,121.6,,229.40756225585938,229.10903930664062,1883.6688232421875,285.1437683105469,1021820,227.14312744140625,225.21441650390625,76.3060073852539,229.10903930664062,358.5962829589844,417.60992431640625,,,
1996282N11162,1996-10-18 00:00:00,17.9,121.2,,522.3712158203125,522.4968872070312,2330.84033203125,437.3197937011719,1022678,523.275146484375,523.9656982421875,521.259033203125,522.4968872070312,417.0705871582031,417.6667785644531,,,
1996282N11162,1996-10-18 03:00:00,18.0,120.9,,516.3120727539062,516.0169067382812,2329.450927734375,398.7083740234375,1012475,515.2315673828125,513.423095703125,665.2601318359375,516.0169067382812,427.9217834472656,417.3670349121094,,,
1996282N11162,1996-10-18 06:00:00,18.2,120.6,,410.91912841796875,409.5531921386719,2329.832763671875,420.99456787109375,635054,403.1470031738281,395.5464172363281,106.91040802001953,409.5531921386719,403.7596740722656,407.7352600097656,,,
1996282N11162,1996-10-18 09:00:00,18.3,120.3,,88.5753402709961,87.80958557128906,750.5391235351562,116.81995391845703,222199,83.8440170288086,78.55280303955078,0.0,87.80958557128906,336.2506408691406,379.4915771484375,,,
1996282N11162,1996-10-18 12:00:00,18.4,120.0,,,,,,0,,,,,64.59761047363281,244.49649047851562,,,
1996356N08110,1996-12-25 21:00:00,6.6,116.5,,,,,,0,,,,,,,,,
1996356N08110,1996-12-26 00:00:00,6.6,117.3,,,,,,0,,,,,,0.0030168378725647926,,,
1996356N08110,1996-12-26 03:00:00,6.3,118.2,,0.013169312849640846,0.011807135306298733,11.491981506347656,0.2778637111186981,4010,0.008707955479621887,0.006933094002306461,,0.011807135306298733,0.22810202836990356,8.793572425842285,,,
1997283N07177,1997-10-19 18:00:00,18.0,122.3,,297.76678466796875,296.2480163574219,1776.3419189453125,317.0656433105469,443879,288.98443603515625,280.4197082519531,202.26100158691406,296.2480163574219,252.93463134765625,221.4724578857422,,,
1997283N07177,1997-10-19 21:00:00,18.2,122.2,,202.37246704101562,200.91482543945312,1546.8111572265625,233.6899871826172,474404,194.29054260253906,186.7862548828125,274.5755310058594,200.91482543945312,203.81991577148438,201.2350616455078,,,
1997283N07177,1997-10-20 00:00:00,18.3,122.1,,173.52638244628906,172.43887329101562,1115.2760009765625,210.80128479003906,485675,167.6543426513672,161.087646484375,228.76480102539062,172.43887329101562,168.78245544433594,197.55999755859375,,,
1997283N07177,1997-10-20 03:00:00,18.5,122.0,,157.25390625,155.68106079101562,1122.047119140625,217.31369018554688,393109,148.21751403808594,139.783447265625,38.6608772277832,155.68106079101562,120.7528076171875,186.35049438476562,,,
1997283N07177,1997-10-20 06:00:00,18.6,122.0,,130.08859252929688,128.2338104248047,1121.6685791015625,201.32713317871094,292871,120.45018005371094,110.52798461914062,13.813766479492188,128.2338104248047,120.33112335205078,162.1539764404297,,,
1997283N07177,1997-10-20 09:00:00,18.7,122.0,,79.4932861328125,77.64226531982422,974.755615234375,145.158203125,188811,70.0641860961914,61.62181854248047,56.65839385986328,77.64226531982422,121.64923095703125,125.76423645019531,,,
1998217N10130,1998-08-07 21:00:00,16.9,122.6,,350.2078552246094,348.56298828125,1559.3330078125,316.0085144042969,316761,339.88568115234375,326.78515625,69.61641693115234,348.56298828125,351.35296630859375,321.9092712402344,,,
1998217N10130,1998-08-08 00:00:00,17.1,122.1,,281.5975341796875,281.1629638671875,1803.3680419921875,313.560791015625,946681,278.62060546875,275.7473449707031,371.3716125488281,281.1629638671875,278.5105895996094,309.290283203125,,,
1998217N10130,1998-08-08 03:00:00,17.3,121.6,,285.4743347167969,285.07684326171875,2100.5556640625,348.8268737792969,1019206,282.6407775878906,280.1694030761719,129.74888610839844,285.07684326171875,449.48980712890625,470.59490966796875,,,
1998217N10130,1998-08-08 06:00:00,17.5,121.1,,750.7457885742188,751.0006103515625,2544.125,536.1068115234375,1020116,752.6455078125,754.299560546875,1099.5252685546875,751.0006103515625,585.2996826171875,505.1449279785156,,,
1998217N10130,1998-08-08 09:00:00,17.8,120.5,,279.3396911621094,278.2886657714844,2079.913330078125,331.84014892578125,654797,273.16058349609375,268.6813049316406,221.585205078125,278.2886657714844,489.5750732421875,552.1940307617188,,,
1998217N10130,1998-08-08 12:00:00,18.1,120.0,,0.14605015516281128,0.12841880321502686,31.46489143371582,1.429352045059204,9144,0.08892931044101715,0.07806713134050369,,0.12841880321502686,102.82766723632812,270.6554870605469,,,
1998259N17118,1998-09-18 12:00:00,16.1,119.5,,34.06991195678711,33.75926971435547,212.19371032714844,41.93366622924805,174043,32.757808685302734,30.949758529663086,0.0,33.75926971435547,81.10099792480469,162.07278442382812,,,
1998259N17118,1998-09-18 15:00:00,16.0,119.7,,79.97456359863281,79.37669372558594,836.3568725585938,124.87982177734375,396012,76.33415985107422,73.70911407470703,27.051191329956055,79.37669372558594,165.15936279296875,185.5814208984375,,,
1998259N17118,1998-09-18 18:00:00,16.1,120.0,,89.30787658691406,88.54918670654297,1109.455078125,159.65403747558594,613181,85.16584777832031,81.61629486083984,72.91551208496094,88.54918670654297,199.99485778808594,304.61846923828125,,,
1998259N17118,1998-09-18 21:00:00,16.1,120.2,,137.7906036376953,136.99559020996094,2221.8974609375,255.3217315673828,817730,133.07522583007812,128.67709350585938,58.701290130615234,136.99559020996094,276.0196533203125,378.4375,,,
1998259N17118,1998-09-19 00:00:00,16.2,120.5,,408.81475830078125,407.68408203125,2216.24072265625,502.35089111328125,857982,401.5667724609375,395.2326965332031,339.54998779296875,407.68408203125,450.6851501464844,475.9919128417969,,,
1998259N17118,1998-09-19 03:00:00,16.4,120.9,,903.5491943359375,903.8910522460938,2897.380615234375,532.1468505859375,1014828,905.7691040039062,908.1660766601562,1054.4757080078125,903.8910522460938,686.4096069335938,558.4473266601562,,,
1998259N17118,1998-09-19 06:00:00,16.6,121.4,,471.2348327636719,470.88189697265625,2298.034423828125,393.88885498046875,1015682,468.7539367675781,466.08447265625,295.30816650390625,470.88189697265625,659.3463134765625,616.0520629882812,,,
1998259N17118,1998-09-19 09:00:00,16.9,121.9,,258.9369201660156,258.8110656738281,1615.299560546875,275.31927490234375,1017450,258.1480712890625,257.0885314941406,93.12226867675781,258.8110656738281,308.31060791015625,411.37432861328125,,,
1998259N17118,1998-09-19 12:00:00,17.2,122.5,,349.9295654296875,347.9239807128906,1790.5804443359375,324.18292236328125,398853,340.2367858886719,327.2658996582031,133.25961303710938,347.9239807128906,354.13885498046875,295.8836669921875,,,
1998259N17118,1998-09-19 15:00:00,17.5,123.0,,,,,,0,,,,,49.87139892578125,324.7155456542969,,,
1998281N11151,1998-10-14 00:00:00,17.0,122.7,,261.6217041015625,259.28399658203125,1323.4051513671875,292.2872314453125,214559,245.39682006835938,235.32180786132812,33.27487564086914,259.28399658203125,351.97186279296875,342.5263977050781,,,
1998281N11151,1998-10-14 03:00:00,17.2,122.2,,318.25164794921875,317.49310302734375,1803.002197265625,338.6554870605469,788294,314.385009765625,309.90191650390625,431.7869873046875,317.49310302734375,284.7662353515625,274.5559997558594,,,
1998281N11151,1998-10-14 06:00:00,17.4,121.8,,256.7686462402344,256.6883544921875,1802.9287109375,318.9114990234375,1011746,256.43658447265625,256.22540283203125,183.24685668945312,256.6883544921875,311.3382568359375,404.163818359375,,,
1998281N11151,1998-10-14 09:00:00,17.6,121.5,,343.4096984863281,343.1878662109375,2333.396240234375,410.13507080078125,1020958,341.8205261230469,340.3471984863281,163.5776824951172,343.1878662109375,454.8676452636719,450.08709716796875,,,
1998281N11151,1998-10-14 12:00:00,17.8,121.4,,364.54840087890625,364.4613342285156,2184.911865234375,408.46099853515625,1021820,363.91143798828125,363.25762939453125,271.935546875,364.4613342285156,431.0268249511719,434.39501953125,,,
1998281N11151,1998-10-14 15:00:00,18.2,121.3,,342.5206298828125,342.03216552734375,2329.304443359375,373.4686584472656,941060,339.3587341308594,336.4822692871094,269.9398193359375,342.03216552734375,337.9757995605469,347.62286376953125,,,
1998281N11151,1998-10-14 18:00:00,18.6,121.2,,281.173095703125,278.60113525390625,1828.662353515625,340.8803405761719,538601,267.1708068847656,251.79672241210938,157.6992645263672,278.60113525390625,279.5859069824219,276.4986877441406,,,
1998281N11151,1998-10-14 21:00:00,18.9,121.0,,118.4449234008789,115.44796752929688,1281.8536376953125,200.18478393554688,219240,102.46072387695312,89.4639892578125,0.06174904480576515,115.44796752929688,250.50892639160156,260.7496032714844,,,
1998285N12149,1998-10-21 09:00:00,13.6,124.6,,152.69525146484375,151.03512573242188,805.4140625,172.6766815185547,167326,144.4862518310547,138.7562713623047,10.532170295715332,151.03512573242188,116.97084045410156,92.86743927001953,,,
1998285N12149,1998-10-21 12:00:00,13.7,124.3,,123.30320739746094,121.41279602050781,806.7943725585938,160.29342651367188,331900,113.62327575683594,104.44102478027344,176.5459747314453,121.41279602050781,94.54365539550781,127.11380767822266,,,
1998285N12149,1998-10-21 15:00:00,13.8,123.9,,123.29682922363281,121.7816390991211,998.3245239257812,167.598876953125,536427,114.91034698486328,106.93143463134766,64.52904510498047,121.7816390991211,126.12944793701172,111.0333480834961,,,
1998285N12149,1998-10-21 18:00:00,13.9,123.6,,114.07539367675781,112.78739166259766,1954.9794921875,197.79925537109375,509866,106.80939483642578,100.37609100341797,108.44746398925781,112.78739166259766,117.62855529785156,113.22681427001953,,,
1998285N12149,1998-10-21 21:00:00,14.0,123.4,,104.67778778076172,103.79743194580078,1948.0673828125,194.6165771484375,532358,100.45429992675781,95.66615295410156,46.488372802734375,103.79743194580078,110.12996673583984,110.63867950439453,,,
1998285N12149,1998-10-22 00:00:00,14.2,123.2,,67.41839599609375,66.48939514160156,1484.9425048828125,135.2484893798828,422533,62.07900619506836,57.06987380981445,4.4736127853393555,66.48939514160156,102.96060180664062,95.79745483398438,,,
1998285N12149,1998-10-22 03:00:00,14.4,122.9,,86.78285217285156,85.68304443359375,1483.238037109375,151.0034942626953,358513,80.21852111816406,72.88262176513672,16.467823028564453,85.68304443359375,81.16341400146484,79.64485168457031,,,
1998285N12149,1998-10-22 06:00:00,14.6,122.6,,33.92374038696289,33.15740203857422,753.3740844726562,61.92447280883789,256410,30.06561851501465,26.61366081237793,0.806361198425293,33.15740203857422,63.32346725463867,62.78553009033203,,,
1998342N06141,1998-12-10 09:00:00,11.5,126.1,,,,,,0,,0.0,,,31.202890396118164,102.4562759399414,,,
1998342N06141,1998-12-10 12:00:00,11.8,125.3,,149.10787963867188,148.80032348632812,821.9531860351562,146.86558532714844,815118,147.50827026367188,145.91563415527344,177.4117431640625,148.80032348632812,116.591796875,108.8783187866211,,,
1998342N06141,1998-12-10 15:00:00,11.9,124.5,,90.05722045898438,89.0082778930664,1324.028564453125,150.27801513671875,650747,84.86579132080078,79.23760223388672,19.389711380004883,89.0082778930664,94.32516479492188,98.91777038574219,,,
1998342N06141,1998-12-10 18:00:00,12.0,123.6,,44.55858612060547,44.130828857421875,680.4795532226562,73.3188247680664,577553,42.47552490234375,40.54686737060547,22.5671329498291,44.130828857421875,35.69656753540039,43.88885498046875,,,
1998342N06141,1998-12-10 21:00:00,12.0,122.7,,114.74896240234375,111.46862030029297,2023.4169921875,273.3011169433594,122390,96.17070770263672,85.19549560546875,0.016222283244132996,111.46862030029297,71.85099792480469,113.53999328613281,,,
1998342N06141,1998-12-11 00:00:00,12.0,121.8,,54.494964599609375,53.428070068359375,865.7141723632812,119.89189147949219,311259,48.81560134887695,43.726741790771484,43.38218307495117,53.428070068359375,97.23943328857422,162.8506622314453,,,
1998342N06141,1998-12-11 03:00:00,11.8,121.0,,9.911383628845215,9.479737281799316,254.00291442871094,28.70861053466797,71279,7.771878242492676,6.227787017822266,,9.479737281799316,29.209142684936523,82.98078155517578,,,
1999230N12129,1999-08-20 00:00:00,18.1,122.2,,238.50161743164062,237.2130126953125,1777.8282470703125,286.6246032714844,530196,231.14202880859375,224.00054931640625,334.446533203125,237.2130126953125,215.4623565673828,212.1922149658203,,,
1999230N12129,1999-08-20 03:00:00,18.3,121.5,,182.64710998535156,182.12364196777344,1358.8291015625,240.22291564941406,739157,179.50015258789062,176.4113311767578,36.11234664916992,182.12364196777344,286.21002197265625,321.17974853515625,,,
1999230N12129,1999-08-20 06:00:00,18.4,120.9,,379.6541748046875,378.33673095703125,2328.896240234375,386.35595703125,749802,372.6090393066406,362.934814453125,515.0785522460938,378.33673095703125,355.8480224609375,344.1344909667969,,,
1999230N12129,1999-08-20 09:00:00,18.5,120.5,,235.00448608398438,233.2845916748047,1725.5831298828125,289.9368591308594,309323,225.3741912841797,212.3352813720703,115.92562103271484,233.2845916748047,366.1652526855469,358.7070617675781,,,
1999230N12129,1999-08-20 12:00:00,18.5,120.2,,68.58815002441406,67.22364044189453,562.4893798828125,116.7290267944336,56485,60.89166259765625,51.78982162475586,,67.22364044189453,167.7176513671875,372.2486572265625,,,
1999275N16135,1999-10-05 00:00:00,18.2,122.5,,236.384033203125,234.17037963867188,1121.1639404296875,248.16917419433594,210198,225.0487518310547,212.2578582763672,63.17995071411133,234.17037963867188,241.30593872070312,232.41232299804688,,,
1999275N16135,1999-10-05 03:00:00,18.3,121.9,,133.36709594726562,132.70648193359375,1127.3240966796875,190.96826171875,650217,129.65538024902344,125.71337890625,130.20164489746094,132.70648193359375,170.91622924804688,242.00265502929688,,,
1999275N16135,1999-10-05 06:00:00,18.4,121.3,,305.8846130371094,304.8023986816406,1824.9254150390625,354.45526123046875,720975,299.9991455078125,292.3964538574219,189.38525390625,304.8023986816406,295.4892578125,308.48089599609375,,,
1999275N16135,1999-10-05 09:00:00,18.4,120.7,,368.8985900878906,367.226318359375,2331.103515625,385.5862121582031,585760,359.5476989746094,351.3197021484375,274.251953125,367.226318359375,381.8680114746094,353.6868896484375,,,
1999275N16135,1999-10-05 12:00:00,18.5,120.1,,0.1270308792591095,0.11330508440732956,4.627729415893555,0.5408432483673096,5965,0.05967942625284195,0.016254225745797157,,0.11330508440732956,94.39212036132812,307.27117919921875,,,
2000248N18126,2000-09-11 00:00:00,18.6,121.9,,90.18608093261719,88.75189208984375,1127.1724853515625,164.59852600097656,310038,82.40399169921875,74.97616577148438,16.20574378967285,88.75189208984375,112.66272735595703,183.59661865234375,,,
2000248N18126,2000-09-11 03:00:00,18.3,122.0,,152.78042602539062,151.87646484375,1121.511962890625,201.36351013183594,566492,147.69415283203125,142.78236389160156,240.18695068359375,151.87646484375,162.64932250976562,211.6046600341797,,,
2000248N18126,2000-09-11 06:00:00,18.0,122.0,,224.79251098632812,224.1351318359375,1774.1026611328125,294.0249938964844,776945,221.25587463378906,216.3330078125,267.2922058105469,224.1351318359375,206.45921325683594,255.5053253173828,,,
2000248N18126,2000-09-11 09:00:00,17.6,122.0,,291.31646728515625,290.92767333984375,1806.9891357421875,352.9995422363281,824314,288.2917785644531,285.1099853515625,516.2512817382812,290.92767333984375,237.54067993164062,292.66790771484375,,,
2000248N18126,2000-09-11 12:00:00,17.2,122.2,,318.25164794921875,317.49310302734375,1803.002197265625,338.6554870605469,788294,314.385009765625,309.90191650390625,431.7869873046875,317.49310302734375,284.7662353515625,274.5559997558594,,,
2000248N18126,2000-09-11 15:00:00,16.9,122.6,,350.2078552246094,348.56298828125,1559.3330078125,316.0085144042969,316761,339.88568115234375,326.78515625,69.61641693115234,348.56298828125,351.35296630859375,321.9092712402344,,,
2000248N18126,2000-09-11 18:00:00,16.7,123.2,,,,,,0,,,,,,212.1894073486328,,,
2000299N08139,2000-10-27 15:00:00,13.5,124.3,,122.87046813964844,121.02743530273438,803.2750854492188,163.60305786132812,320355,113.89071655273438,106.6242904663086,142.6833038330078,121.02743530273438,111.63320922851562,118.86906433105469,,,
2000299N08139,2000-10-27 18:00:00,13.6,123.6,,130.8603057861328,130.1606903076172,2427.311767578125,215.1490020751953,782726,127.33049774169922,123.41478729248047,231.96595764160156,130.1606903076172,116.7933349609375,100.86399841308594,,,
2000299N08139,2000-10-27 21:00:00,13.7,123.0,,112.82723236083984,112.01953125,1954.0465087890625,187.8577880859375,691302,108.70454406738281,104.95624542236328,74.67806243896484,112.01953125,102.88118743896484,92.05249786376953,,,
2000299N08139,2000-10-28 00:00:00,13.8,122.4,,79.5482406616211,78.96613311767578,1485.390869140625,121.7345199584961,790457,76.5886001586914,73.56340026855469,67.23165130615234,78.96613311767578,85.2911148071289,80.00345611572266,,,
2000299N08139,2000-10-28 03:00:00,14.0,121.8,,127.645263671875,126.4332046508789,2131.1767578125,205.34828186035156,632257,121.12841033935547,114.9662094116211,75.73836517333984,126.4332046508789,120.86896514892578,121.18134307861328,,,
2000299N08139,2000-10-28 06:00:00,14.2,121.4,,166.16604614257812,165.77151489257812,2130.5302734375,199.31903076171875,943283,163.98245239257812,161.67849731445312,221.5343017578125,165.77151489257812,166.46778869628906,143.98667907714844,,,
2000299N08139,2000-10-28 09:00:00,14.4,120.9,,101.20774841308594,100.71493530273438,1369.3958740234375,151.44479370117188,818570,98.16294860839844,95.3521957397461,61.44500732421875,100.71493530273438,154.90951538085938,164.852783203125,,,
2000299N08139,2000-10-28 12:00:00,14.6,120.6,,81.82928466796875,81.23245239257812,1372.0755615234375,160.0577850341797,682196,78.30400085449219,75.3818130493164,167.32183837890625,81.23245239257812,130.09231567382812,166.72645568847656,,,
2000299N08139,2000-10-28 15:00:00,14.9,120.2,,212.48760986328125,211.59410095214844,1560.808837890625,246.0161895751953,628242,207.70179748535156,202.0141143798828,180.82850646972656,211.59410095214844,209.47999572753906,167.18728637695312,,,
2000299N08139,2000-10-28 18:00:00,15.3,119.9,,364.8954772949219,362.9436340332031,2014.9058837890625,380.75897216796875,436876,354.5644226074219,344.7298583984375,119.345947265625,362.9436340332031,274.8127136230469,178.729248046875,,,
2000299N08139,2000-10-28 21:00:00,15.6,119.5,,3.0827882289886475,2.99889874458313,83.39960479736328,8.167935371398926,88333,2.552795648574829,2.1301705837249756,,2.99889874458313,238.16006469726562,223.60533142089844,,,
2000305N06136,2000-11-02 00:00:00,13.6,124.9,,0.0,0.0,0.0,0.0,913,0.0,0.0,,0.0,132.5556640625,122.93270111083984,,,
2000305N06136,2000-11-02 03:00:00,13.9,124.2,,114.48379516601562,112.6400375366211,802.7449951171875,155.02467346191406,383978,105.21834564208984,96.78302764892578,148.889892578125,112.6400375366211,106.50006866455078,132.1972198486328,,,
2000305N06136,2000-11-02 06:00:00,14.2,123.6,,77.9147720336914,76.8923110961914,999.957763671875,147.80093383789062,259750,72.17581939697266,67.03961944580078,0.37886956334114075,76.8923110961914,95.61763000488281,117.2175064086914,,,
2000305N06136,2000-11-02 09:00:00,14.3,123.0,,103.59449768066406,102.30680847167969,1489.459228515625,168.70152282714844,429528,96.79334259033203,90.35285186767578,13.381783485412598,102.30680847167969,81.56861877441406,85.76874542236328,,,
2000305N06136,2000-11-02 12:00:00,14.5,122.5,,50.6618766784668,49.9514274597168,749.1420288085938,83.85222625732422,348210,46.709774017333984,42.75041961669922,10.832273483276367,49.9514274597168,62.87353515625,71.02628326416016,,,
2000332N08133,2000-11-29 21:00:00,10.9,125.9,,13.08117389678955,12.724928855895996,366.5648498535156,37.8473014831543,163960,11.259113311767578,10.018239974975586,10.415581703186035,12.724928855895996,55.722232818603516,86.6087417602539,,,
2000332N08133,2000-11-30 00:00:00,11.1,125.4,,85.81782531738281,84.961669921875,701.627197265625,116.1827392578125,537019,81.36640167236328,77.56480407714844,107.12456512451172,84.961669921875,128.33604431152344,132.38427734375,,,
2000332N08133,2000-11-30 03:00:00,11.3,124.8,,126.40684509277344,125.7355728149414,1297.8956298828125,192.51040649414062,856058,122.80998229980469,119.31498718261719,124.5901870727539,125.7355728149414,131.48121643066406,123.6200180053711,,,
2000332N08133,2000-11-30 06:00:00,11.5,124.3,,83.96260833740234,82.50528717041016,1331.654296875,164.32289123535156,456237,76.1702651977539,69.2731704711914,109.97539520263672,82.50528717041016,72.65803527832031,92.1468505859375,,,
2000332N08133,2000-11-30 09:00:00,11.7,123.9,,21.063941955566406,20.61841583251953,876.0001220703125,48.823890686035156,364134,18.87468910217285,16.592342376708984,10.629629135131836,20.61841583251953,43.90168380737305,53.01046371459961,,,
2000332N08133,2000-11-30 12:00:00,11.8,123.5,,20.811965942382812,20.40638542175293,575.801513671875,45.26808547973633,374958,18.75474739074707,16.71713638305664,0.5290932655334473,20.40638542175293,35.626800537109375,34.20086669921875,,,
2000332N08133,2000-11-30 15:00:00,11.9,123.0,,10.622492790222168,10.319222450256348,387.3443603515625,26.12986183166504,229131,9.078259468078613,7.823742389678955,5.539229393005371,10.319222450256348,50.77458572387695,73.8041000366211,,,
2002008N07141,2002-01-13 12:00:00,16.4,122.5,,378.1202087402344,374.61871337890625,1576.0501708984375,369.522216796875,235147,357.4381103515625,340.72113037109375,0.0,374.61871337890625,387.53277587890625,315.527587890625,402.84393310546875,313.6087341308594,55.56
2002008N07141,2002-01-13 15:00:00,17.0,122.3,,326.9010314941406,325.85015869140625,1791.353271484375,310.6634826660156,713418,320.95599365234375,316.4130859375,344.7200927734375,325.85015869140625,304.9371032714844,286.8260803222656,321.3951110839844,290.5023498535156,55.56
2002008N07141,2002-01-13 18:00:00,17.6,122.2,,389.1552429199219,388.2081298828125,1807.42041015625,377.5313720703125,599419,383.8221740722656,374.8450622558594,548.771728515625,388.2081298828125,262.8089294433594,231.7189483642578,346.3719787597656,256.133056640625,55.56
2002008N07141,2002-01-13 21:00:00,18.3,122.1,,173.52638244628906,172.43887329101562,1115.2760009765625,210.80128479003906,485675,167.6543426513672,161.087646484375,228.76480102539062,172.43887329101562,168.78245544433594,197.55999755859375,180.1467742919922,184.42715454101562,46.300000000000004
2002008N07141,2002-01-14 00:00:00,19.0,122.1,,70.84941864013672,68.13800048828125,785.70458984375,130.61843872070312,71737,59.97606658935547,49.66252517700195,95.23287963867188,68.13800048828125,67.13288879394531,100.95710754394531,74.45967102050781,64.89862823486328,37.04
2003144N16119,2003-05-26 21:00:00,16.1,119.6,,40.35994338989258,40.08753967285156,448.5815124511719,57.04098892211914,279631,38.34503936767578,36.92760467529297,36.954551696777344,40.08753967285156,106.54656982421875,168.4363250732422,,,
2003144N16119,2003-05-27 00:00:00,16.1,119.9,,90.74779510498047,90.00446319580078,1094.81005859375,152.9165496826172,501543,86.62937927246094,82.42884826660156,55.38796615600586,90.00446319580078,157.88818359375,257.8031005859375,,,
2003144N16119,2003-05-27 03:00:00,16.1,120.4,,241.11973571777344,240.2109832763672,2220.30859375,375.78857421875,860657,235.59107971191406,230.34457397460938,71.25585174560547,240.2109832763672,354.6282043457031,427.0650329589844,,,
2003144N16119,2003-05-27 06:00:00,16.2,121.0,,729.2342529296875,729.2992553710938,2894.818603515625,470.89581298828125,1013112,729.6116943359375,729.8566284179688,793.1587524414062,729.2992553710938,591.4467163085938,509.8096618652344,797.0908203125,707.0901489257812,27.78
2003144N16119,2003-05-27 09:00:00,16.3,121.4,,569.31591796875,569.1670532226562,1912.546875,362.3251647949219,1010947,568.700927734375,568.7770385742188,719.5276489257812,569.1670532226562,565.4049072265625,561.3704223632812,,,
2003144N16119,2003-05-27 12:00:00,16.6,121.9,,312.3991394042969,312.1325378417969,1800.3109130859375,315.5491027832031,990247,311.3768310546875,311.1124267578125,341.6656494140625,312.1325378417969,332.2721252441406,419.0953674316406,,,
2003144N16119,2003-05-27 15:00:00,16.8,122.3,,344.0207214355469,343.128173828125,1582.647216796875,302.1378479003906,676797,338.744873046875,334.131591796875,421.86309814453125,343.128173828125,304.50909423828125,290.0941162109375,,,
2003144N16119,2003-05-27 18:00:00,17.2,122.7,,197.8925018310547,196.0079803466797,1230.321533203125,259.12677001953125,183435,185.881103515625,173.85743713378906,21.78500747680664,196.0079803466797,369.92999267578125,353.3227233886719,,,
2003144N16119,2003-05-27 21:00:00,17.7,123.3,,,,,,0,,,,,,0.0,,,
2003196N05150,2003-07-22 00:00:00,16.4,123.0,,,,,,0,,,,,1.9071091413497925,332.9276123046875,,,25.0
2003196N05150,2003-07-22 03:00:00,16.7,122.2,,341.6473693847656,340.9189758300781,1577.5526123046875,314.2463073730469,759399,337.999755859375,335.01983642578125,478.5660705566406,340.9189758300781,287.9138488769531,315.170654296875,478.5660705566406,340.9189758300781,25.0
2003196N05150,2003-07-22 06:00:00,17.0,121.4,,496.6051940917969,496.49468994140625,2656.9296875,528.0158081054688,1017450,495.7981262207031,495.29541015625,444.2365417480469,496.49468994140625,578.1522216796875,602.8662109375,444.2365417480469,496.49468994140625,25.0
2003196N05150,2003-07-22 09:00:00,17.3,120.5,,459.4345703125,457.8037414550781,2435.510009765625,499.5589904785156,682013,450.4881896972656,442.3773498535156,215.3336944580078,457.8037414550781,727.057373046875,731.4049682617188,215.3336944580078,457.8037414550781,25.0
2003196N05150,2003-07-22 12:00:00,17.7,119.7,,,,,,0,,,,,1.3961480855941772,122.16609954833984,,,25.0
2003196N11137,2003-07-16 21:00:00,10.9,126.3,,1.3529917001724243,1.2663851976394653,85.27521514892578,7.896728038787842,13528,0.9701082706451416,0.7752411365509033,,1.2663851976394653,14.073816299438477,38.96761703491211,1.3627246618270874,52.962867736816406,55.56
2003196N11137,2003-07-17 00:00:00,11.0,125.7,,51.02899932861328,50.0015869140625,637.4832763671875,84.40191650390625,298121,45.84794998168945,41.19538116455078,10.378693580627441,50.0015869140625,80.63360595703125,125.25697326660156,66.80473327636719,133.169677734375,55.56
2003196N11137,2003-07-17 03:00:00,11.1,125.1,,152.7014923095703,152.03854370117188,1293.6533203125,201.45164489746094,733569,149.16775512695312,146.47027587890625,43.675254821777344,152.03854370117188,140.16714477539062,127.34883117675781,148.7484893798828,124.25254821777344,55.56
2003196N11137,2003-07-17 06:00:00,11.2,124.5,,138.7847442626953,137.5962371826172,1304.03369140625,212.503173828125,636843,132.995361328125,126.6636962890625,138.7765655517578,137.5962371826172,95.47674560546875,114.13685607910156,127.74665832519531,117.38842010498047,55.56
2003196N11137,2003-07-17 09:00:00,11.4,123.7,,5.160370349884033,4.972343921661377,323.82073974609375,15.903192520141602,225285,4.213866710662842,3.547459602355957,4.09096097946167,4.972343921661377,22.734092712402344,78.7349853515625,8.346850395202637,97.85740661621094,61.116
2003196N11137,2003-07-17 12:00:00,11.7,123.0,,36.87941360473633,36.343143463134766,792.2891235351562,72.49861145019531,381913,33.765541076660156,31.294485092163086,1.6875419616699219,36.343143463134766,46.40262985229492,101.92926788330078,42.70396041870117,122.70794677734375,64.82000000000001
2003196N11137,2003-07-17 15:00:00,11.8,122.4,,135.36302185058594,134.19024658203125,1708.1529541015625,203.10806274414062,405099,129.3477783203125,123.55209350585938,37.87470245361328,134.19024658203125,178.46591186523438,159.39938354492188,155.9207000732422,129.4254608154297,64.82000000000001
2003196N11137,2003-07-17 18:00:00,12.0,121.9,,73.97079467773438,72.5824966430664,924.7199096679688,136.3455352783203,309444,66.86729431152344,61.11748123168945,84.51083374023438,72.5824966430664,97.00589752197266,161.73545837402344,85.49755096435547,203.57054138183594,64.82000000000001
2003196N11137,2003-07-17 21:00:00,12.1,121.1,,76.7305679321289,75.45369720458984,881.5359497070312,135.3340606689453,303544,70.03837585449219,63.73136520385742,25.148481369018555,75.45369720458984,187.17076110839844,220.8319549560547,130.98284912109375,188.95359802246094,64.82000000000001
2003196N11137,2003-07-18 00:00:00,12.1,120.4,,42.699668884277344,42.0104866027832,612.2257080078125,77.416748046875,305966,39.185630798339844,36.325904846191406,51.93791198730469,42.0104866027832,30.95726203918457,57.50812911987305,35.359375,162.27711486816406,64.82000000000001
2003226N07156,2003-08-22 12:00:00,17.5,122.2,,383.30303955078125,382.41253662109375,1803.9739990234375,373.70098876953125,638251,378.9061279296875,371.40850830078125,549.710205078125,382.41253662109375,258.1734924316406,242.27589416503906,514.3762817382812,259.8693542480469,37.04
2003226N07156,2003-08-22 15:00:00,17.4,121.3,,670.8648071289062,671.04345703125,2647.816650390625,590.5186157226562,1020116,672.17529296875,673.5494384765625,647.8086547851562,671.04345703125,546.9415893554688,501.90185546875,699.82470703125,536.8259887695312,42.596000000000004
2003226N07156,2003-08-22 18:00:00,17.3,120.5,,459.4345703125,457.8037414550781,2435.510009765625,499.5589904785156,682013,450.4881896972656,442.3773498535156,215.3336944580078,457.8037414550781,727.057373046875,731.4049682617188,409.44342041015625,754.0878295898438,46.300000000000004
2003226N07156,2003-08-22 21:00:00,17.3,119.9,,0.0,0.0,0.0,0.0,800,0.0,0.0,,0.0,88.24620819091797,318.88775634765625,,241.9764862060547,46.300000000000004
2003302N11133,2003-10-31 21:00:00,16.6,122.7,,267.3275451660156,263.3559265136719,1461.6041259765625,279.1226501464844,109635,244.03732299804688,226.2675323486328,,263.3559265136719,363.1556701660156,333.3952331542969,11.274554252624512,363.9030456542969,37.04
2003302N11133,2003-11-01 00:00:00,16.9,122.5,,342.3611755371094,341.08453369140625,1556.5780029296875,293.11749267578125,442689,336.0848693847656,327.1990051269531,209.53109741210938,341.08453369140625,337.5311584472656,306.677978515625,345.1936950683594,338.45465087890625,37.04
2003302N11133,2003-11-01 03:00:00,17.2,122.2,,318.25164794921875,317.49310302734375,1803.002197265625,338.6554870605469,788294,314.385009765625,309.90191650390625,431.7869873046875,317.49310302734375,284.7662353515625,274.5559997558594,350.1153869628906,285.8559265136719,37.04
2003302N11133,2003-11-01 06:00:00,17.5,121.8,,255.63612365722656,255.51438903808594,1803.1558837890625,325.71142578125,1000515,255.03829956054688,254.56527709960938,214.82199096679688,255.51438903808594,307.5140075683594,388.2375183105469,277.42022705078125,303.145263671875,37.04
2003302N11133,2003-11-01 09:00:00,18.0,121.4,,297.02166748046875,296.71844482421875,2336.524658203125,361.757568359375,1021840,294.8383483886719,293.230224609375,214.30911254882812,296.71844482421875,383.1737365722656,385.7040100097656,215.02999877929688,366.9217224121094,33.336
2003302N11133,2003-11-01 12:00:00,18.5,121.1,,346.2237548828125,344.5823669433594,1830.2147216796875,358.246337890625,669488,337.6979675292969,327.3102722167969,335.56549072265625,344.5823669433594,308.75225830078125,310.91754150390625,353.7052917480469,324.35064697265625,27.78
2003302N11133,2003-11-01 15:00:00,19.0,121.0,,36.52157211303711,35.22528076171875,722.4054565429688,83.2044448852539,136212,30.305377960205078,24.799753189086914,25.832233428955078,35.22528076171875,205.01683044433594,254.66188049316406,33.94256591796875,62.99202346801758,27.78
2003316N11141,2003-11-13 15:00:00,12.3,125.7,,18.87811279296875,18.6597957611084,182.79879760742188,27.919246673583984,187849,17.749114990234375,16.553016662597656,0.21557943522930145,18.6597957611084,92.63044738769531,123.40795135498047,90.13776397705078,99.89894104003906,74.08
2003316N11141,2003-11-13 18:00:00,12.2,124.9,,114.47434997558594,114.30139923095703,823.7056884765625,126.11032104492188,944305,113.58097076416016,112.51976776123047,160.63954162597656,114.30139923095703,98.71454620361328,97.75308990478516,98.8927993774414,94.61150360107422,74.08
2003316N11141,2003-11-13 21:00:00,11.9,124.1,,38.09822082519531,37.27070236206055,1319.820556640625,98.69456481933594,457088,34.179569244384766,30.63661003112793,23.17513656616211,37.27070236206055,60.73699951171875,67.42350006103516,61.09267044067383,84.4254150390625,74.08
2003316N11141,2003-11-14 00:00:00,11.8,123.4,,12.55660343170166,12.285517692565918,403.2964782714844,29.371536254882812,349281,11.194830894470215,9.901776313781738,2.1773557662963867,12.285517692565918,37.4865608215332,36.04304504394531,37.93232345581055,104.4859848022461,74.08
2003316N11141,2003-11-14 03:00:00,11.8,122.5,,94.16351318359375,93.3636703491211,1072.53564453125,149.8675537109375,372131,89.67911529541016,84.79664611816406,2.2563159465789795,93.3636703491211,167.13214111328125,151.4464111328125,114.64612579345703,144.36305236816406,55.56
2003316N11141,2003-11-14 06:00:00,12.0,121.7,,46.75881576538086,45.62786102294922,867.9424438476562,116.4683609008789,293612,40.864723205566406,35.699344635009766,5.933559894561768,45.62786102294922,95.32225799560547,158.26625061035156,39.55537796020508,92.40090942382812,37.04
2003316N11141,2003-11-14 09:00:00,12.1,121.0,,60.16480255126953,59.249122619628906,685.777587890625,106.48693084716797,251687,55.04786682128906,50.85104751586914,20.63971710205078,59.249122619628906,168.00074768066406,219.10406494140625,29.360578536987305,164.03787231445312,37.04
2003316N11141,2003-11-14 12:00:00,12.2,120.4,,47.17962646484375,46.34046173095703,613.3024291992188,81.04642486572266,270387,42.81777572631836,39.30223846435547,37.225685119628906,46.34046173095703,30.632537841796875,85.5129165649414,44.73775863647461,30.816524505615234,37.04
2004134N07132,2004-05-16 21:00:00,13.8,124.5,,145.0972137451172,143.531494140625,804.9392700195312,167.83494567871094,269993,137.13101196289062,129.1551055908203,114.01238250732422,143.531494140625,112.8210678100586,94.21517944335938,112.2366714477539,133.16917419433594,27.78
2004134N07132,2004-05-17 00:00:00,14.0,124.2,,118.5657958984375,116.90117645263672,805.7293090820312,157.7374725341797,350821,110.93321990966797,102.80863952636719,107.88932037353516,116.90117645263672,116.87696838378906,127.27543640136719,115.91911315917969,110.66915130615234,27.78
2004134N07132,2004-05-17 03:00:00,14.3,124.0,,49.97848129272461,48.386619567871094,454.7841491699219,82.09629821777344,93615,42.18426513671875,35.77838897705078,0.0,48.386619567871094,115.00556945800781,113.9263687133789,0.0,57.74474334716797,27.78
2004319N10134,2004-11-19 12:00:00,14.3,123.7,,13.415496826171875,13.01750373840332,385.34442138671875,35.56435012817383,132543,11.250039100646973,9.416685104370117,,13.01750373840332,81.18904876708984,109.92706298828125,,,
2004319N10134,2004-11-19 15:00:00,14.0,123.2,,119.2632064819336,118.53202056884766,1954.8704833984375,199.91578674316406,636390,114.65328979492188,110.02950286865234,56.93684768676758,118.53202056884766,100.97859191894531,99.92262268066406,,,
2004319N10134,2004-11-19 18:00:00,13.6,122.7,,99.98175048828125,99.1806640625,1493.970947265625,137.52442932128906,682469,95.43212127685547,91.8198471069336,48.874366760253906,99.1806640625,84.08346557617188,85.64066314697266,,,
2004319N10134,2004-11-19 21:00:00,13.2,122.1,,78.3712158203125,76.83042907714844,1147.394775390625,142.35406494140625,321676,71.19300842285156,64.9737319946289,146.7245330810547,76.83042907714844,73.4161376953125,81.45292663574219,,,
2004319N10134,2004-11-20 00:00:00,12.8,121.6,,315.33056640625,312.1224670410156,2289.806640625,420.0420837402344,440387,297.43310546875,278.8543701171875,38.711917877197266,312.1224670410156,277.8222351074219,239.78762817382812,,,
2004319N10134,2004-11-20 03:00:00,12.6,120.9,,387.3542175292969,385.6681823730469,2292.12890625,451.2215270996094,555987,378.4582214355469,365.1136779785156,185.3046112060547,385.6681823730469,331.4207458496094,283.5276184082031,,,
2004319N10134,2004-11-20 06:00:00,12.4,120.3,,45.32670211791992,44.46229553222656,613.6431884765625,75.52887725830078,250127,40.92119216918945,37.13855743408203,2.017935276031494,44.46229553222656,32.1799201965332,104.11140441894531,,,
2004333N06154,2004-12-02 12:00:00,15.9,122.0,,334.6459655761719,331.3975830078125,1803.485107421875,392.5135192871094,303561,315.108154296875,295.90313720703125,29.001760482788086,331.3975830078125,453.62762451171875,452.23004150390625,,,
2004333N06154,2004-12-02 15:00:00,16.6,121.0,,998.3358764648438,998.5315551757812,2897.03759765625,542.7044067382812,1015682,999.778564453125,1000.9275512695312,1139.85693359375,998.5315551757812,765.618408203125,611.0245361328125,,,
2004333N06154,2004-12-02 18:00:00,17.3,120.1,,49.21127700805664,48.5970344543457,593.9647827148438,83.95661163330078,154834,45.35633850097656,41.30841827392578,,48.5970344543457,263.3463439941406,568.0841064453125,,,
2005071N06152,2005-03-16 15:00:00,11.3,125.7,,87.1083984375,86.05884552001953,702.76708984375,115.2508544921875,379247,81.70211029052734,76.26496887207031,37.034637451171875,86.05884552001953,112.70964050292969,94.46351623535156,,,
2005071N06152,2005-03-16 18:00:00,11.0,124.8,,130.23919677734375,129.35670471191406,1293.2828369140625,204.42373657226562,753773,125.55648040771484,121.47804260253906,241.23455810546875,129.35670471191406,138.0975799560547,120.96269226074219,,,
2005071N06152,2005-03-16 21:00:00,10.9,123.8,,82.20115661621094,80.93402862548828,972.470703125,131.3464813232422,519188,74.71550750732422,68.36644744873047,83.31412506103516,80.93402862548828,136.26388549804688,128.18377685546875,,,
2005071N06152,2005-03-17 00:00:00,11.0,122.9,,88.07514953613281,87.50100708007812,1670.519775390625,156.39913940429688,850148,85.03694152832031,82.32884216308594,54.396881103515625,87.50100708007812,157.01148986816406,174.48880004882812,,,
2005071N06152,2005-03-17 03:00:00,11.2,122.0,,398.4482116699219,396.7017822265625,2074.894775390625,371.4642333984375,516342,387.6496276855469,374.1397705078125,323.48895263671875,396.7017822265625,233.6977081298828,172.20816040039062,,,
2005071N06152,2005-03-17 06:00:00,11.5,121.2,,4.092672348022461,3.907719135284424,254.2606964111328,17.181961059570312,76813,3.1100900173187256,2.353619337081909,,3.907719135284424,3.782987117767334,35.2423210144043,,,
2005222N14131,2005-08-11 15:00:00,18.1,122.7,,83.28971099853516,80.48595428466797,627.7852783203125,115.66751098632812,30479,69.37129211425781,58.2754020690918,,80.48595428466797,243.86505126953125,277.49285888671875,111.23358917236328,282.3902587890625,51.856
2005222N14131,2005-08-11 18:00:00,18.4,122.0,,159.31845092773438,158.1692352294922,1123.2823486328125,212.6782989501953,469521,152.87615966796875,145.7391357421875,123.06756591796875,158.1692352294922,142.2527618408203,200.5834503173828,123.06756591796875,158.1692352294922,25.0
2005222N14131,2005-08-11 21:00:00,18.7,121.5,,58.4085578918457,57.39255142211914,1104.405517578125,114.70191192626953,316913,52.85516357421875,47.391544342041016,24.252782821655273,57.39255142211914,174.86448669433594,242.25392150878906,24.252782821655273,57.39255142211914,25.0
2005222N14131,2005-08-12 00:00:00,19.0,121.0,,36.52157211303711,35.22528076171875,722.4054565429688,83.2044448852539,136212,30.305377960205078,24.799753189086914,25.832233428955078,35.22528076171875,205.01683044433594,254.66188049316406,33.94256591796875,62.99202346801758,27.78
2005311N08140,2005-11-10 12:00:00,15.8,121.8,,396.1749267578125,392.98931884765625,1750.599609375,384.6874694824219,403442,377.0274353027344,360.13720703125,35.34390640258789,392.98931884765625,488.65667724609375,418.1336669921875,450.7275695800781,389.1167297363281,55.56
2005311N08140,2005-11-10 15:00:00,16.0,121.2,,567.0333251953125,567.0075073242188,1910.760986328125,396.7135314941406,1006521,567.1817016601562,568.256591796875,728.4157104492188,567.0075073242188,491.1827392578125,456.0672302246094,584.9122314453125,465.6138916015625,46.300000000000004
2005311N08140,2005-11-10 18:00:00,16.3,120.8,,744.9915161132812,744.9243774414062,2894.4853515625,568.9215087890625,1009870,745.0452270507812,745.7219848632812,963.0308227539062,744.9243774414062,622.6870727539062,528.10986328125,853.2730712890625,627.7440795898438,37.04
2005311N08140,2005-11-10 21:00:00,16.5,120.4,,612.7965698242188,609.548828125,2698.404541015625,601.0250854492188,660590,593.8622436523438,581.0046997070312,391.6017761230469,609.548828125,590.8632202148438,553.247802734375,532.8340454101562,593.3212890625,37.04
2005311N08140,2005-11-11 00:00:00,16.7,120.1,,152.60670471191406,150.75376892089844,1525.144287109375,231.202880859375,266278,140.78057861328125,131.25433349609375,0.9947760105133057,150.75376892089844,453.27191162109375,554.7866821289062,58.01948165893555,449.1993103027344,37.04
2005311N08140,2005-11-11 03:00:00,17.3,119.6,,,,,,0,,,,,,35.17232131958008,,62.396217346191406,51.856
2005316N05134,2005-11-20 00:00:00,17.0,122.6,,321.7868957519531,319.8706359863281,1559.2064208984375,304.5466003417969,326131,310.3541259765625,298.3210754394531,46.4276123046875,319.8706359863281,350.4936828613281,326.3785705566406,347.6011657714844,277.8604736328125,64.82000000000001
2005316N05134,2005-11-20 03:00:00,17.3,122.2,,335.9692077636719,335.308349609375,1807.98876953125,356.1697692871094,744075,331.9190673828125,327.762451171875,470.0195617675781,335.308349609375,270.9649658203125,267.5503234863281,296.6334228515625,362.5090026855469,64.82000000000001
2005316N05134,2005-11-20 06:00:00,17.7,121.8,,233.38597106933594,233.17100524902344,1802.4388427734375,302.78204345703125,985954,231.76422119140625,230.0287628173828,193.8868408203125,233.17100524902344,281.0249328613281,368.7742004394531,256.74700927734375,417.6226806640625,64.82000000000001
2005316N05134,2005-11-20 09:00:00,18.1,121.5,,180.3387908935547,179.86746215820312,1360.2574462890625,226.55584716796875,943771,177.5837860107422,174.57025146484375,110.36790466308594,179.86746215820312,350.26025390625,359.52001953125,,,
2005316N05134,2005-11-20 12:00:00,18.5,121.3,,274.76397705078125,273.0015563964844,1828.35009765625,342.48858642578125,616911,264.5018005371094,254.23092651367188,124.39264678955078,273.0015563964844,282.107666015625,291.19720458984375,,,
2005316N05134,2005-11-20 15:00:00,18.8,121.3,,108.96122741699219,106.71175384521484,1240.7708740234375,193.88536071777344,273054,96.64674377441406,86.72372436523438,13.466923713684082,106.71175384521484,220.9188232421875,239.68368530273438,,,
2006128N09138,2006-05-11 12:00:00,12.1,125.7,,25.311687469482422,25.00523567199707,283.26348876953125,36.59782028198242,241285,23.57318878173828,22.201993942260742,0.48514842987060547,25.00523567199707,124.6844482421875,126.01860809326172,1.8306210041046143,45.739017486572266,27.78
2006128N09138,2006-05-11 15:00:00,12.3,125.2,,109.2867660522461,108.8749008178711,820.4053955078125,130.85696411132812,747757,107.15636444091797,105.224609375,97.75382232666016,108.8749008178711,106.59052276611328,103.08961486816406,101.92731475830078,107.955322265625,27.78
2006128N09138,2006-05-11 18:00:00,12.4,124.6,,83.00392150878906,82.39156341552734,818.521728515625,105.56026458740234,662124,79.68128967285156,76.8080825805664,107.89833068847656,82.39156341552734,93.69229888916016,86.27857971191406,111.43316650390625,80.2828598022461,27.78
2006128N09138,2006-05-11 21:00:00,12.6,124.1,,60.24845886230469,59.34648132324219,1528.91015625,114.21104431152344,581622,55.441062927246094,51.49787139892578,85.2372817993164,59.34648132324219,67.98445892333984,67.22822570800781,78.38459014892578,67.3995590209961,27.78
2006128N09138,2006-05-12 00:00:00,12.7,123.6,,65.98548889160156,65.11988067626953,1519.3319091796875,101.20008087158203,669571,61.15483474731445,56.94475173950195,29.097929000854492,65.11988067626953,72.33882141113281,69.47681427001953,24.934085845947266,76.6524658203125,27.78
2006128N09138,2006-05-12 03:00:00,12.9,123.1,,46.5561408996582,45.650081634521484,499.5694274902344,71.13899230957031,316111,41.77924346923828,37.61213302612305,29.46184539794922,45.650081634521484,71.99549865722656,90.85150909423828,29.46184539794922,45.650081634521484,25.0
2006128N09138,2006-05-12 06:00:00,13.0,122.6,,59.238502502441406,58.26153564453125,434.1427917480469,86.11903381347656,172825,54.16798782348633,49.2713508605957,38.17939758300781,58.26153564453125,77.37939453125,74.6944580078125,38.17939758300781,58.26153564453125,25.0
2006128N09138,2006-05-12 09:00:00,13.0,122.2,,86.36371612548828,84.26394653320312,1151.493408203125,153.2880096435547,220013,75.7760238647461,66.2774658203125,29.12815284729004,84.26394653320312,84.22774505615234,84.635498046875,29.12815284729004,84.26394653320312,25.0
2006268N12129,2006-09-27 09:00:00,13.0,124.1,,77.1479263305664,76.23759460449219,1528.81201171875,140.39256286621094,521701,72.34200286865234,67.81024932861328,90.91680908203125,76.23759460449219,88.365478515625,94.55976867675781,90.91680908203125,76.23759460449219,25.0
2006268N12129,2006-09-27 12:00:00,13.2,123.7,,112.21430969238281,111.44730377197266,2428.48291015625,185.556884765625,728259,108.1262435913086,104.69988250732422,150.17706298828125,111.44730377197266,108.43861389160156,93.55252075195312,150.17706298828125,111.44730377197266,25.0
2006268N12129,2006-09-27 15:00:00,13.4,123.2,,114.80500793457031,114.07792663574219,1951.05908203125,189.25238037109375,711690,111.47554779052734,107.98054504394531,48.12446594238281,114.07792663574219,105.34821319580078,95.04109954833984,48.12446594238281,114.07792663574219,25.0
2006268N12129,2006-09-27 18:00:00,13.6,122.7,,99.98175048828125,99.1806640625,1493.970947265625,137.52442932128906,682469,95.43212127685547,91.8198471069336,48.874366760253906,99.1806640625,84.08346557617188,85.64066314697266,48.874366760253906,99.1806640625,25.0
2006268N12129,2006-09-27 21:00:00,13.8,122.2,,56.14081573486328,55.6403694152832,704.1607666015625,81.16326141357422,734417,53.51772689819336,51.058349609375,57.47626876831055,55.6403694152832,85.7656021118164,101.65108489990234,57.47626876831055,55.6403694152832,25.0
2006268N12129,2006-09-28 00:00:00,14.0,121.7,,136.336669921875,135.1130828857422,2126.478271484375,203.58628845214844,673252,130.04945373535156,124.1866683959961,168.0821075439453,135.1130828857422,122.3626708984375,126.58094787597656,168.0821075439453,135.1130828857422,25.0
2006268N12129,2006-09-28 03:00:00,14.3,121.0,,109.58326721191406,109.25988006591797,1068.1864013671875,142.4427032470703,881397,107.74430847167969,106.11451721191406,109.19038391113281,109.25988006591797,163.24940490722656,156.55484008789062,109.19038391113281,109.25988006591797,25.0
2006268N12129,2006-09-28 06:00:00,14.7,120.4,,152.5434112548828,151.5402374267578,1561.424560546875,229.54537963867188,598367,147.0768280029297,141.28871154785156,161.6303253173828,151.5402374267578,132.07691955566406,163.88917541503906,161.6303253173828,151.5402374267578,25.0
2006268N12129,2006-09-28 09:00:00,15.0,119.9,,209.8120574951172,208.09860229492188,1642.05126953125,254.43785095214844,329717,200.31861877441406,190.05416870117188,41.938167572021484,208.09860229492188,290.2370910644531,218.02169799804688,41.938167572021484,208.09860229492188,25.0
2006268N12129,2006-09-28 12:00:00,15.2,119.4,,,,,,0,,,,,52.8130989074707,287.1031494140625,,,25.0
2006298N12143,2006-10-29 12:00:00,16.5,122.6,,350.6297912597656,346.94671630859375,1558.4710693359375,345.1247863769531,170087,328.47607421875,305.72271728515625,,346.94671630859375,378.4522399902344,319.44573974609375,,346.94671630859375,25.0
2006298N12143,2006-10-29 15:00:00,16.5,122.0,,337.06805419921875,336.4651184082031,1800.603271484375,329.0703125,876440,333.7276611328125,330.977294921875,533.5569458007812,336.4651184082031,330.7743835449219,375.1968078613281,533.5569458007812,336.4651184082031,25.0
2006298N12143,2006-10-29 18:00:00,16.6,121.3,,642.4806518554688,642.1759033203125,2897.65771484375,534.8117065429688,1015682,640.39697265625,637.8838500976562,417.7223815917969,642.1759033203125,719.8115234375,607.8201904296875,417.7223815917969,642.1759033203125,25.0
2006298N12143,2006-10-29 21:00:00,16.8,120.6,,903.0133666992188,901.447509765625,2895.0361328125,661.7437744140625,853642,891.1812133789062,887.5619506835938,842.0125732421875,901.447509765625,832.3606567382812,666.8890380859375,842.0125732421875,901.447509765625,25.0
2006298N12143,2006-10-30 00:00:00,17.0,119.9,,0.2745267450809479,0.21768374741077423,27.568950653076172,1.727845311164856,3504,0.0903787836432457,0.09864981472492218,,0.21768374741077423,134.45303344726562,403.5052185058594,,0.21768374741077423,25.0
2006311N16143,2006-11-10 21:00:00,16.1,122.2,,404.39227294921875,401.3277893066406,1800.9072265625,411.77117919921875,313220,386.2012939453125,369.3726501464844,39.75303268432617,401.3277893066406,405.4595947265625,396.00115966796875,39.75303268432617,401.3277893066406,25.0
2006311N16143,2006-11-11 00:00:00,16.0,121.7,,511.99163818359375,510.165771484375,1913.1572265625,399.91119384765625,686349,501.1717224121094,487.7120361328125,462.9732360839844,510.165771484375,486.6260070800781,436.6568603515625,462.9732360839844,510.165771484375,25.0
2006311N16143,2006-11-11 03:00:00,16.0,121.0,,508.831298828125,508.8133544921875,2139.730712890625,430.00750732421875,1012234,508.8714294433594,508.9110107421875,570.0847778320312,508.8133544921875,484.80267333984375,460.4449462890625,570.0847778320312,508.8133544921875,25.0
2006311N16143,2006-11-11 06:00:00,16.0,120.4,,204.49867248535156,203.89955139160156,2220.06689453125,328.4051208496094,899081,200.54696655273438,196.80653381347656,18.512340545654297,203.89955139160156,310.06561279296875,391.4516296386719,18.512340545654297,203.89955139160156,25.0
2006311N16143,2006-11-11 09:00:00,15.8,119.9,,219.56539916992188,218.743408203125,2014.4290771484375,336.6199645996094,621443,214.7518768310547,211.04348754882812,135.65487670898438,218.743408203125,183.7171630859375,200.25579833984375,135.65487670898438,218.743408203125,25.0
2006311N16143,2006-11-11 12:00:00,15.6,119.4,,0.4820359945297241,0.4713684022426605,34.76738739013672,2.52573561668396,16477,0.41165003180503845,0.3461100459098816,,0.4713684022426605,110.42176055908203,242.94252014160156,,0.4713684022426605,25.0
2006329N06150,2006-11-30 03:00:00,13.4,124.1,,124.03997802734375,122.195556640625,2430.315673828125,201.19796752929688,466348,114.00558471679688,104.9719467163086,35.93893051147461,122.195556640625,121.02262878417969,108.29146575927734,35.93893051147461,122.195556640625,25.0
2006329N06150,2006-11-30 06:00:00,13.4,123.6,,144.43338012695312,143.76620483398438,2428.709228515625,212.9001007080078,791629,140.70188903808594,137.14894104003906,200.3558807373047,143.76620483398438,101.65652465820312,96.98623657226562,200.3558807373047,143.76620483398438,25.0
2006329N06150,2006-11-30 09:00:00,13.5,123.0,,92.57306671142578,91.67549133300781,1952.6458740234375,167.244384765625,630407,87.45046997070312,82.67378997802734,66.57966613769531,91.67549133300781,106.91500091552734,94.72113037109375,66.57966613769531,91.67549133300781,25.0
2006329N06150,2006-11-30 12:00:00,13.5,122.4,,73.64460754394531,72.73533630371094,891.3607177734375,101.84745788574219,564284,69.2457046508789,64.4554672241211,70.85559844970703,72.73533630371094,86.18148803710938,73.64837646484375,70.85559844970703,72.73533630371094,25.0
2006329N06150,2006-11-30 15:00:00,13.5,121.8,,71.48796081542969,70.25898742675781,1147.0040283203125,135.69003295898438,352121,65.82805633544922,60.27566146850586,118.44815063476562,70.25898742675781,90.22505187988281,161.87393188476562,118.44815063476562,70.25898742675781,25.0
2006329N06150,2006-11-30 18:00:00,13.5,121.2,,263.7325439453125,261.44677734375,2539.554931640625,415.6681213378906,668879,251.5840606689453,241.35694885253906,71.37598419189453,261.44677734375,269.8288269042969,237.7187042236328,82.14892578125,265.7118225097656,27.78
2006329N06150,2006-11-30 21:00:00,13.5,120.6,,277.1026611328125,273.2224426269531,2524.44775390625,412.49249267578125,518100,256.3633117675781,238.4917755126953,287.9825134277344,273.2224426269531,235.27040100097656,250.0528106689453,274.95892333984375,263.5064697265625,27.78
2006329N06150,2006-12-01 00:00:00,13.6,120.1,,96.33586120605469,93.90666961669922,1490.7557373046875,199.9095458984375,177848,83.5617446899414,73.82159423828125,49.429527282714844,93.90666961669922,127.66832733154297,204.6328887939453,36.10041427612305,115.63024139404297,27.78
2006340N08142,2006-12-09 03:00:00,11.2,126.1,,5.641401767730713,5.466403484344482,160.6811981201172,16.29822540283203,60846,4.791053771972656,3.9131739139556885,,5.466403484344482,34.81840515136719,91.31875610351562,0.0,33.16825866699219,37.04
2006340N08142,2006-12-09 06:00:00,11.3,125.5,,119.27972412109375,118.30467987060547,700.8301391601562,138.3665771484375,554777,114.5593032836914,109.29692077636719,109.28155517578125,118.30467987060547,99.48261260986328,126.75505065917969,111.9267578125,100.76185607910156,37.04
2006340N08142,2006-12-09 09:00:00,11.4,124.8,,126.88935852050781,126.36149597167969,1320.524658203125,194.907958984375,865894,124.1326904296875,121.12812805175781,44.36116409301758,126.36149597167969,133.5779571533203,120.30358123779297,97.40798950195312,134.10537719726562,37.04
2006340N08142,2006-12-09 12:00:00,11.6,124.2,,67.11894226074219,65.73262023925781,1321.6785888671875,154.91676330566406,450876,60.71150207519531,55.30731201171875,37.99541473388672,65.73262023925781,59.65571212768555,80.94601440429688,85.83392333984375,58.754337310791016,37.04
2006340N08142,2006-12-09 15:00:00,11.8,123.3,,12.332334518432617,12.023859024047852,540.033447265625,33.369415283203125,311646,10.748719215393066,9.3593111038208,10.039609909057617,12.023859024047852,41.44023132324219,42.070472717285156,9.592613220214844,37.1786003112793,33.336
2007306N18133,2007-11-04 12:00:00,16.8,122.5,,363.90533447265625,362.4766845703125,1559.0030517578125,305.6864013671875,411643,355.6816101074219,345.670166015625,247.8800811767578,362.4766845703125,336.1593322753906,302.40093994140625,363.8747863769531,314.5321044921875,46.300000000000004
2007306N18133,2007-11-04 15:00:00,17.0,121.8,,201.43923950195312,201.0764923095703,1747.0682373046875,217.22354125976562,1017450,198.92672729492188,196.25469970703125,58.955810546875,201.0764923095703,340.1007080078125,469.9888610839844,167.02838134765625,430.18792724609375,46.300000000000004
2007306N18133,2007-11-04 18:00:00,17.2,121.0,,967.4651489257812,967.958984375,2655.9970703125,548.3866577148438,1018316,970.8636474609375,974.5896606445312,1403.553955078125,967.958984375,708.9949340820312,576.2181396484375,1021.1510620117188,607.7496337890625,46.300000000000004
2007306N18133,2007-11-04 21:00:00,17.4,120.4,,278.3106994628906,277.0158996582031,1717.0384521484375,301.0982360839844,549438,270.80841064453125,264.0740661621094,100.78568267822266,277.0158996582031,570.3580322265625,718.7479858398438,240.30308532714844,709.6079711914062,46.300000000000004
2007306N18133,2007-11-05 00:00:00,17.6,119.9,,0.4360426962375641,0.415962815284729,23.072738647460938,1.101279854774475,18070,0.3021408021450043,0.1892949938774109,,0.415962815284729,103.29132843017578,220.31517028808594,0.0,176.28878784179688,46.300000000000004
2007324N10140,2007-11-25 15:00:00,17.1,122.6,,295.6639404296875,293.6707763671875,1353.9034423828125,285.3843078613281,312770,284.7322998046875,270.65826416015625,40.26374053955078,293.6707763671875,356.6625671386719,328.23077392578125,61.78472137451172,327.20928955078125,27.78
2007324N10140,2007-11-25 18:00:00,17.5,122.0,,295.8221740722656,295.394775390625,1803.2322998046875,349.1543884277344,857389,293.6763610839844,290.8380432128906,517.451416015625,295.394775390625,238.56475830078125,311.2971496582031,483.8576965332031,269.4736022949219,27.78
2007324N10140,2007-11-25 21:00:00,17.9,121.5,,231.6511688232422,231.41488647460938,1900.86767578125,295.38189697265625,1022678,229.99212646484375,228.84568786621094,141.44789123535156,231.41488647460938,387.5627746582031,409.197998046875,139.1156005859375,270.3284606933594,27.78
2007324N10140,2007-11-26 00:00:00,18.3,121.1,,383.56622314453125,382.886474609375,2334.309814453125,381.2726135253906,917761,380.0494384765625,377.07586669921875,594.1969604492188,382.886474609375,345.0977783203125,337.1402282714844,558.568603515625,366.04449462890625,27.78
2007324N10140,2007-11-26 03:00:00,18.7,120.9,,308.3987731933594,305.9656066894531,1830.0113525390625,337.57440185546875,394644,294.36077880859375,277.91485595703125,151.19764709472656,305.9656066894531,300.857666015625,303.5697326660156,182.29977416992188,304.7676086425781,27.78
2007324N10140,2007-11-26 06:00:00,19.1,120.7,,0.0,0.0,0.0,0.0,6831,0.0,0.0,,0.0,116.29264831542969,244.6414031982422,,30.422889709472656,27.78
2008135N12116,2008-05-17 09:00:00,16.1,119.7,,58.154170989990234,57.56361389160156,742.0224609375,93.27055358886719,369242,54.839073181152344,52.04877853393555,40.90580749511719,57.56361389160156,123.41683959960938,198.8695526123047,44.89848709106445,150.7925262451172,42.596000000000004
2008135N12116,2008-05-17 12:00:00,16.3,120.2,,198.9760284423828,197.58998107910156,2217.033203125,354.84130859375,665652,190.8784942626953,183.79067993164062,16.9617919921875,197.58998107910156,340.1532897949219,458.1029968261719,79.01593780517578,332.6797790527344,37.04
2008135N12116,2008-05-17 15:00:00,16.6,120.6,,882.209228515625,880.4891967773438,2897.706298828125,647.2820434570312,883262,872.9920043945312,864.2345581054688,955.60498046875,880.4891967773438,732.718994140625,616.8084106445312,902.4739379882812,682.30322265625,42.596000000000004
2008135N12116,2008-05-17 18:00:00,16.9,121.0,,1070.7020263671875,1071.2513427734375,2897.8427734375,577.5158081054688,1017450,1074.313232421875,1078.25439453125,1362.393310546875,1071.2513427734375,765.6258544921875,619.574462890625,1126.9925537109375,660.5156860351562,46.300000000000004
2008135N12116,2008-05-17 21:00:00,17.1,121.4,,525.1907348632812,525.083740234375,2656.886474609375,554.1520385742188,1018316,524.4981689453125,524.1292724609375,478.3301086425781,525.083740234375,559.124755859375,569.1214599609375,514.2111206054688,576.4379272460938,46.300000000000004
2008135N12116,2008-05-18 00:00:00,17.4,121.9,,274.7667541503906,274.54638671875,1803.1298828125,334.0934143066406,962697,273.9779052734375,273.196044921875,361.91107177734375,274.54638671875,261.03558349609375,370.5404357910156,285.72711181640625,343.1072082519531,46.300000000000004
2008135N12116,2008-05-18 03:00:00,18.0,122.7,,9.90202808380127,8.90461540222168,372.7887268066406,34.68742370605469,11353,5.169551849365234,3.2498867511749268,,8.90461540222168,295.64404296875,308.4320983886719,0.0,296.3609924316406,46.300000000000004
2008169N08135,2008-06-20 03:00:00,11.3,126.0,,15.218013763427734,14.9634428024292,270.78668212890625,39.161800384521484,110914,13.7181396484375,12.25969409942627,,14.9634428024292,62.831295013427734,107.58821868896484,0.0,61.2569694519043,37.04
2008169N08135,2008-06-20 06:00:00,11.5,125.4,,133.8782958984375,133.50381469726562,700.4989624023438,137.5132293701172,720463,131.72523498535156,130.31715393066406,176.07089233398438,133.50381469726562,106.57235717773438,123.06832885742188,174.5514373779297,107.439453125,37.04
2008169N08135,2008-06-20 09:00:00,11.6,124.8,,111.53763580322266,110.9710464477539,1330.50732421875,159.9562530517578,832429,108.30516052246094,105.04463195800781,25.35101890563965,110.9710464477539,136.78099060058594,114.82049560546875,79.668701171875,137.73606872558594,37.04
2008169N08135,2008-06-20 12:00:00,11.7,124.3,,64.62715911865234,63.3149528503418,1321.3179931640625,153.11749267578125,466518,57.960269927978516,52.14802551269531,99.16361999511719,63.3149528503418,70.11219024658203,92.14471435546875,90.36702728271484,69.28325653076172,37.04
2008169N08135,2008-06-20 15:00:00,11.7,123.8,,20.686410903930664,20.250154495239258,402.21917724609375,39.67986297607422,318397,18.567853927612305,16.468814849853516,0.9154115915298462,20.250154495239258,33.33116149902344,48.25164794921875,16.881669998168945,41.30848693847656,42.596000000000004
2008169N08135,2008-06-20 18:00:00,11.7,123.5,,8.178915977478027,7.975124359130859,339.45184326171875,21.983558654785156,282074,7.109619617462158,6.125156402587891,5.174295425415039,7.975124359130859,33.00192642211914,37.94431686401367,6.0243000984191895,34.178932189941406,46.300000000000004
2008272N08139,2008-09-30 06:00:00,12.0,125.8,,14.551668167114258,14.320657730102539,209.4691619873047,24.662073135375977,152992,13.25186538696289,12.021490097045898,0.0,14.320657730102539,103.6697998046875,137.8385467529297,25.686656951904297,118.08430480957031,55.56
2008272N08139,2008-09-30 09:00:00,12.5,125.1,,95.71492004394531,95.15975952148438,813.5209350585938,119.44761657714844,553805,92.6921157836914,89.50712585449219,47.64882278442383,95.15975952148438,100.75597381591797,99.40853881835938,101.91242218017578,97.23290252685547,55.56
2008272N08139,2008-09-30 12:00:00,12.9,124.6,,9.230511665344238,8.916776657104492,288.1700744628906,23.9354305267334,153468,7.573192596435547,6.312240123748779,,8.916776657104492,74.88102722167969,84.35262298583984,25.425006866455078,90.89299774169922,55.56
2008272N08139,2008-09-30 15:00:00,13.2,124.1,,95.39705657958984,94.095703125,2426.19189453125,189.50315856933594,469431,88.31742095947266,81.72333526611328,64.5858154296875,94.095703125,114.27702331542969,102.86369323730469,104.27947998046875,95.05909729003906,55.56
2008272N08139,2008-09-30 18:00:00,13.5,123.8,,147.3820037841797,146.04420471191406,2426.456298828125,225.3263702392578,686311,140.05245971679688,133.47801208496094,120.97705078125,146.04420471191406,114.31230926513672,101.708740234375,149.37612915039062,96.62515258789062,55.56
2008272N08139,2008-09-30 21:00:00,13.7,123.4,,117.85650634765625,117.15901184082031,1955.2647705078125,198.49974060058594,799035,113.67548370361328,109.53292846679688,160.67636108398438,117.15901184082031,111.79606628417969,104.95063018798828,113.04437255859375,98.51813507080078,55.56
2008272N08139,2008-10-01 00:00:00,13.9,122.9,,90.0988998413086,89.467529296875,1480.7608642578125,140.44009399414062,739953,86.66629791259766,83.35243225097656,164.47833251953125,89.467529296875,89.1387710571289,87.05532836914062,90.39361572265625,86.75341796875,55.56
2008272N08139,2008-10-01 03:00:00,14.0,122.4,,84.53827667236328,84.02468872070312,1487.6568603515625,127.04077911376953,801086,81.95838165283203,79.66304016113281,63.9412841796875,84.02468872070312,74.45674896240234,87.72028350830078,80.46178436279297,91.18726348876953,55.56
2008272N08139,2008-10-01 06:00:00,14.2,121.8,,148.40740966796875,147.06423950195312,2130.161865234375,212.30401611328125,633397,141.26943969726562,132.8892364501953,128.10726928710938,147.06423950195312,129.61915588378906,136.8919219970703,135.8499755859375,137.39479064941406,55.56
2008272N08139,2008-10-01 09:00:00,14.3,121.2,,181.4066619873047,181.20101928710938,2131.2802734375,208.4775848388672,980661,180.23583984375,178.90435791015625,65.17548370361328,181.20101928710938,169.97557067871094,155.61334228515625,183.6787109375,150.8136444091797,55.56
2008272N08139,2008-10-01 12:00:00,14.4,120.5,,120.63117980957031,119.24028015136719,1369.9197998046875,179.09909057617188,453407,113.34053802490234,105.85265350341797,145.92259216308594,119.24028015136719,99.11563110351562,131.2910919189453,116.3096694946289,157.4614715576172,55.56
2008272N08139,2008-10-01 15:00:00,14.5,119.8,,60.10640335083008,57.54520797729492,888.8496704101562,123.00186920166016,22993,47.50651550292969,36.70532989501953,,57.54520797729492,156.7329559326172,169.35928344726562,104.56623840332031,177.63134765625,55.56
2009123N10111,2009-05-07 09:00:00,16.1,119.5,,34.06991195678711,33.75926971435547,212.19371032714844,41.93366622924805,174043,32.757808685302734,30.949758529663086,0.0,33.75926971435547,81.10099792480469,162.07278442382812,28.899154663085938,51.49116897583008,33.336
2009123N10111,2009-05-07 12:00:00,16.4,120.2,,249.51470947265625,247.72738647460938,2221.621826171875,401.9903259277344,582046,238.88560485839844,228.59071350097656,29.486488342285156,247.72738647460938,388.82830810546875,485.94500732421875,114.23931884765625,382.1978454589844,37.04
2009123N10111,2009-05-07 15:00:00,16.7,120.9,,1029.885009765625,1030.306640625,2896.312255859375,554.907470703125,1015682,1032.869873046875,1036.0272216796875,1501.278564453125,1030.306640625,788.2081909179688,633.064453125,1230.363525390625,795.4407958984375,37.04
2009123N10111,2009-05-07 18:00:00,16.9,121.7,,186.46583557128906,186.19631958007812,1802.64990234375,192.09971618652344,1017450,184.6405487060547,182.8444366455078,71.1633071899414,186.19631958007812,411.0189514160156,529.1650390625,104.85314178466797,407.133544921875,37.04
2009123N10111,2009-05-07 21:00:00,16.9,122.6,,350.2078552246094,348.56298828125,1559.3330078125,316.0085144042969,316761,339.88568115234375,326.78515625,69.61641693115234,348.56298828125,351.35296630859375,321.9092712402344,,,
2009123N10111,2009-05-08 00:00:00,16.9,123.5,,,,,,0,,,,,,,,,
2009173N10132,2009-06-23 06:00:00,11.8,125.5,,139.4935760498047,138.8524932861328,822.2628784179688,147.06088256835938,566756,136.06008911132812,132.80560302734375,73.3578109741211,138.8524932861328,133.380859375,102.60348510742188,146.73043823242188,111.36914825439453,64.82000000000001
2009173N10132,2009-06-23 09:00:00,12.0,124.9,,126.2614517211914,126.01622772216797,820.2946166992188,132.17324829101562,899618,125.08438110351562,123.51457214355469,168.38063049316406,126.01622772216797,109.60343170166016,102.04150390625,118.84297180175781,99.86531066894531,64.82000000000001
2009173N10132,2009-06-23 12:00:00,12.1,124.3,,66.15660095214844,65.1933822631836,1049.2689208984375,101.94432830810547,607590,61.21568298339844,56.70344924926758,76.55485534667969,65.1933822631836,72.72932434082031,80.02400970458984,63.32096862792969,84.13062286376953,64.82000000000001
2009173N10132,2009-06-23 15:00:00,12.3,123.8,,47.95326232910156,47.424678802490234,675.8705444335938,77.42343139648438,692383,45.241092681884766,42.68246841430664,57.24330139160156,47.424678802490234,51.112083435058594,57.035953521728516,49.151458740234375,64.75582122802734,61.116
2009173N10132,2009-06-23 18:00:00,12.5,123.3,,48.96780776977539,48.3549919128418,682.49609375,76.4976577758789,465583,45.884952545166016,43.01015090942383,54.610965728759766,48.3549919128418,47.29606628417969,73.23802185058594,47.40095901489258,71.78192138671875,55.56
2009173N10132,2009-06-23 21:00:00,12.6,122.7,,170.0341339111328,167.13983154296875,2025.4268798828125,291.8248596191406,132769,154.8756866455078,139.01417541503906,202.52923583984375,167.13983154296875,75.75601196289062,64.2397232055664,135.56422424316406,63.98196792602539,55.56
2009268N14128,2009-09-26 03:00:00,15.3,122.0,,26.001480102539062,25.575115203857422,227.6022491455078,43.54433822631836,110476,24.006576538085938,21.954824447631836,0.0,25.575115203857422,180.9633026123047,303.1134338378906,144.97726440429688,273.8793029785156,70.376
2009268N14128,2009-09-26 06:00:00,15.4,121.2,,240.822509765625,240.5343780517578,1861.619140625,291.7124938964844,903691,238.9391326904297,237.04859924316406,290.0978088378906,240.5343780517578,249.70352172851562,278.0005187988281,238.65696716308594,307.3125305175781,64.82000000000001
2009268N14128,2009-09-26 09:00:00,15.4,120.5,,228.8834228515625,229.0106964111328,2012.4306640625,324.49188232421875,1009560,229.83213806152344,230.79269409179688,163.81361389160156,229.0106964111328,159.52957153320312,213.43624877929688,175.63055419921875,283.35443115234375,64.82000000000001
2009268N14128,2009-09-26 12:00:00,15.5,119.7,,229.68130493164062,227.63720703125,2015.81005859375,352.4041442871094,267485,217.60459899902344,206.2193145751953,2.978562593460083,227.63720703125,278.8854675292969,209.55458068847656,321.2198791503906,161.005615234375,64.82000000000001
2009268N14128,2009-09-26 15:00:00,15.4,118.8,,,,,,0,,,,,,,,,46.300000000000004
2009270N10148,2009-10-03 03:00:00,17.5,122.5,,368.3991394042969,364.6515197753906,1804.0887451171875,392.20001220703125,262982,347.6503601074219,328.1529846191406,6.98019552230835,364.6515197753906,368.7105712890625,275.233642578125,12.85058879852295,435.7491455078125,27.78
2009270N10148,2009-10-03 06:00:00,17.8,122.1,,320.2160949707031,319.4479064941406,1804.5614013671875,351.10491943359375,677364,316.0144958496094,308.9289245605469,415.4571533203125,319.4479064941406,232.47340393066406,236.0659637451172,404.6008605957031,294.6413269042969,27.78
2009270N10148,2009-10-03 09:00:00,18.0,121.8,,182.7750701904297,182.40550231933594,1781.1630859375,257.4614562988281,931557,180.2054901123047,177.6582489013672,108.78816986083984,182.40550231933594,231.8893280029297,343.8033752441406,144.0753631591797,208.59060668945312,33.336
2009270N10148,2009-10-03 12:00:00,18.2,121.5,,179.6782989501953,179.21116638183594,1357.83056640625,232.23472595214844,849298,176.6675262451172,173.82716369628906,59.449302673339844,179.21116638183594,320.2694091796875,340.6163330078125,138.24041748046875,317.69140625,37.04
2009270N10148,2009-10-03 15:00:00,18.4,121.1,,360.2220764160156,359.1573486328125,2331.103271484375,370.7337646484375,787421,354.9736328125,347.53045654296875,448.3173828125,359.1573486328125,321.1753845214844,324.0347900390625,411.3456726074219,321.5357971191406,37.04
2009270N10148,2009-10-03 18:00:00,18.6,120.7,,333.29803466796875,331.1343688964844,1828.209228515625,349.7978210449219,380218,322.9808349609375,311.3641357421875,194.5220184326172,331.1343688964844,339.70123291015625,338.8168029785156,264.1667175292969,338.84783935546875,37.04
2009270N10148,2009-10-03 21:00:00,18.7,120.4,,125.870361328125,124.06280517578125,965.7907104492188,155.77764892578125,105230,115.83040618896484,105.1424560546875,0.0,124.06280517578125,266.3390197753906,338.88330078125,83.5272445678711,299.7817077636719,42.596000000000004
2009299N12153,2009-10-30 18:00:00,14.3,121.8,,160.67153930664062,159.1649932861328,2129.501220703125,220.4393310546875,629997,152.903564453125,143.30979919433594,126.70094299316406,159.1649932861328,139.4357147216797,139.7698974609375,139.36534118652344,149.3174285888672,27.78
2009299N12153,2009-10-30 21:00:00,14.2,121.0,,109.10718536376953,108.78144073486328,1467.451416015625,142.80091857910156,891842,107.25623321533203,105.70596313476562,159.63189697265625,108.78144073486328,151.23162841796875,167.64002990722656,150.3806610107422,114.38055419921875,27.78
2009299N12153,2009-10-31 00:00:00,14.2,120.3,,97.22975158691406,95.63250732421875,1376.5350341796875,170.79823303222656,264430,88.99214935302734,80.21370697021484,0.0,95.63250732421875,115.77080535888672,117.41407012939453,0.27740341424942017,99.56138610839844,27.78
2010191N12138,2010-07-13 12:00:00,14.5,122.3,,36.5561408996582,35.916988372802734,702.3015747070312,74.27755737304688,356915,32.922119140625,30.008255004882812,1.52493155002594,35.916988372802734,55.60282516479492,110.9552001953125,2.5025782585144043,36.305545806884766,27.78
2010191N12138,2010-07-13 15:00:00,14.4,121.7,,200.3696746826172,198.79881286621094,2129.724853515625,239.40744018554688,670127,192.0489501953125,183.604736328125,213.22274780273438,198.79881286621094,163.5203399658203,150.97994995117188,205.32196044921875,189.7311553955078,27.78
2010191N12138,2010-07-13 18:00:00,14.4,121.1,,150.58311462402344,150.10336303710938,1454.8079833984375,184.6004638671875,900282,147.41163635253906,144.6792449951172,38.37643051147461,150.10336303710938,176.75418090820312,156.76527404785156,49.433692932128906,177.5951385498047,27.78
2010191N12138,2010-07-13 21:00:00,14.5,120.3,,141.52572631835938,139.9262237548828,1375.50048828125,205.97799682617188,362676,133.7904510498047,125.32616424560547,208.2080535888672,139.9262237548828,133.56329345703125,128.3124237060547,208.2080535888672,139.9262237548828,25.0
2010191N12138,2010-07-14 00:00:00,14.8,119.7,,113.49116516113281,110.67987823486328,1064.8199462890625,189.43145751953125,52803,100.08892822265625,89.73902893066406,,110.67987823486328,172.86351013183594,271.01800537109375,,110.67987823486328,25.0
2010285N13145,2010-10-18 03:00:00,17.3,122.6,,266.9749755859375,264.7959899902344,1552.968994140625,293.02984619140625,245901,254.21282958984375,240.87159729003906,31.65285873413086,264.7959899902344,393.474609375,312.0167236328125,31.65285873413086,264.7959899902344,25.0
2010285N13145,2010-10-18 06:00:00,17.1,121.9,,247.17283630371094,247.12013244628906,1803.5625,284.3266296386719,1018316,246.81932067871094,246.4681854248047,130.66700744628906,247.12013244628906,298.9413146972656,399.2065734863281,130.66700744628906,247.12013244628906,25.0
2010285N13145,2010-10-18 09:00:00,16.9,121.2,,834.8295288085938,834.969970703125,2895.436279296875,636.6853637695312,1017450,835.8706665039062,836.93994140625,895.2605590820312,834.969970703125,718.0411987304688,606.2046508789062,895.2605590820312,834.969970703125,25.0
2010285N13145,2010-10-18 12:00:00,16.8,120.6,,903.0133666992188,901.447509765625,2895.0361328125,661.7437744140625,853642,891.1812133789062,887.5619506835938,842.0125732421875,901.447509765625,832.3606567382812,666.8890380859375,839.204345703125,903.6880493164062,27.78
2010285N13145,2010-10-18 15:00:00,16.6,120.0,,54.86717224121094,54.07035446166992,730.8383178710938,95.34866333007812,244823,49.234893798828125,45.78865432739258,2.716431140899658,54.07035446166992,287.3877868652344,458.6697998046875,3.4248852729797363,90.107666015625,27.78
2011126N11129,2011-05-07 21:00:00,13.7,124.4,,134.17794799804688,132.49696350097656,804.4046630859375,165.0826873779297,294826,125.57894897460938,117.05419921875,167.6982421875,132.49696350097656,98.51887512207031,125.57524871826172,111.48728942871094,108.94212341308594,64.82000000000001
2011126N11129,2011-05-08 00:00:00,14.0,124.2,,118.5657958984375,116.90117645263672,805.7293090820312,157.7374725341797,350821,110.93321990966797,102.80863952636719,107.88932037353516,116.90117645263672,116.87696838378906,127.27543640136719,112.15404510498047,111.10836791992188,64.82000000000001
2011126N11129,2011-05-08 03:00:00,14.2,123.9,,54.61061477661133,53.29840850830078,712.927734375,94.71781921386719,205637,47.400577545166016,42.3391227722168,0.8040300607681274,53.29840850830078,109.26888275146484,117.46439361572266,105.72119140625,113.95999145507812,64.82000000000001
2011233N12129,2011-08-27 00:00:00,18.1,122.4,,251.81216430664062,249.9522705078125,1196.5111083984375,241.20924377441406,317693,241.50103759765625,230.00148010253906,128.1837158203125,249.9522705078125,256.33282470703125,230.08619689941406,247.53067016601562,336.6534729003906,83.34
2011233N12129,2011-08-27 03:00:00,18.4,122.2,,203.2859649658203,201.5819549560547,1127.157958984375,233.82681274414062,333724,194.19309997558594,184.16580200195312,172.81761169433594,201.5819549560547,162.20986938476562,175.7615203857422,161.86367797851562,278.78839111328125,70.376
2011233N12129,2011-08-27 06:00:00,18.7,122.0,,79.4932861328125,77.64226531982422,974.755615234375,145.158203125,188811,70.0641860961914,61.62181854248047,56.65839385986328,77.64226531982422,121.64923095703125,125.76423645019531,99.77182006835938,177.01934814453125,55.56
2011266N13139,2011-09-26 21:00:00,16.3,122.3,,444.3922424316406,441.6170349121094,1799.4510498046875,391.47467041015625,399558,428.9654541015625,414.16168212890625,91.82160949707031,441.6170349121094,359.90252685546875,336.42449951171875,440.5563049316406,347.2694091796875,55.56
2011266N13139,2011-09-27 00:00:00,16.4,121.6,,459.025634765625,458.7909851074219,1799.4566650390625,353.8512878417969,999343,457.8719787597656,457.86578369140625,363.9085693359375,458.7909851074219,465.77435302734375,550.9313354492188,449.0784912109375,555.0782470703125,55.56
2011266N13139,2011-09-27 03:00:00,16.5,120.9,,973.078369140625,973.5146484375,2895.361083984375,524.0384521484375,1014828,976.1394653320312,979.3983764648438,1247.7127685546875,973.5146484375,731.6541137695312,589.8973388671875,902.5889892578125,537.0109252929688,55.56
2011266N13139,2011-09-27 06:00:00,16.6,120.2,,326.09417724609375,323.13861083984375,2215.28759765625,439.89202880859375,422621,308.56219482421875,291.88677978515625,45.52717208862305,323.13861083984375,512.19140625,549.484619140625,385.6817626953125,547.3642578125,55.56
2011266N13139,2011-09-27 09:00:00,16.7,119.6,,22.046297073364258,21.210908889770508,152.79541015625,35.00307083129883,25358,17.564929962158203,13.933740615844727,,21.210908889770508,27.99493980407715,91.84083557128906,34.31497573852539,189.6873321533203,55.56
2011270N18139,2011-10-01 00:00:00,16.8,122.7,,289.68505859375,287.2161560058594,1557.1307373046875,325.0272216796875,184861,270.8039855957031,255.0740203857422,0.0,287.2161560058594,347.4720153808594,335.1395568847656,4.3570556640625,337.3634338378906,27.78
2011270N18139,2011-10-01 03:00:00,16.7,121.9,,290.98223876953125,290.84027099609375,1803.113037109375,305.43951416015625,1007491,289.9853210449219,289.82049560546875,223.90753173828125,290.84027099609375,319.5345458984375,420.6275329589844,234.95303344726562,291.3726501464844,27.78
2011270N18139,2011-10-01 06:00:00,16.6,121.1,,920.4641723632812,920.5664672851562,2895.74853515625,575.7125244140625,1015682,921.1337280273438,921.4744262695312,837.49365234375,920.5664672851562,773.595703125,605.8953247070312,863.0364990234375,907.05712890625,27.78
2011270N18139,2011-10-01 09:00:00,16.5,120.2,,290.694091796875,288.19207763671875,2215.762939453125,421.2481384277344,489567,275.6040344238281,262.1138000488281,42.290348052978516,288.19207763671875,453.9675598144531,517.5028686523438,56.009483337402344,332.27392578125,27.78
2011270N18139,2011-10-01 12:00:00,16.4,119.5,,41.91824722290039,41.564453125,155.20938110351562,48.43359375,92624,39.80257034301758,37.51421356201172,,41.564453125,37.79682540893555,77.41667175292969,0.0,34.230018615722656,27.78
2011346N03156,2011-12-16 06:00:00,8.0,126.8,,43.31725311279297,42.39302062988281,548.7932739257812,75.86686706542969,104834,38.548431396484375,32.679229736328125,,42.39302062988281,234.2003173828125,291.6379699707031,153.4613037109375,281.3048400878906,64.82000000000001
2011346N03156,2011-12-16 09:00:00,8.1,126.2,,145.15750122070312,144.882568359375,1609.655029296875,208.1846160888672,835818,143.6334228515625,141.40826416015625,154.5888214111328,144.882568359375,191.6670684814453,281.7547912597656,162.4969482421875,345.0372314453125,64.82000000000001
2011346N03156,2011-12-16 12:00:00,8.3,125.5,,399.27703857421875,399.2863464355469,2101.364013671875,396.4118347167969,983368,399.413330078125,399.5817565917969,417.05755615234375,399.2863464355469,425.74658203125,411.5742492675781,416.1246032714844,420.1504821777344,64.82000000000001
2011346N03156,2011-12-16 15:00:00,8.4,124.8,,746.6158447265625,745.3604125976562,2883.87890625,533.875,900203,739.334716796875,731.816650390625,451.02423095703125,745.3604125976562,663.5639038085938,604.5670776367188,721.3180541992188,511.76025390625,61.116
2011346N03156,2011-12-16 18:00:00,8.6,124.1,,132.77883911132812,131.14755249023438,986.1669921875,154.25885009765625,273057,123.73892974853516,114.70889282226562,0.7326080203056335,131.14755249023438,330.7713317871094,427.16595458984375,172.37896728515625,480.7835693359375,55.56
2011346N03156,2011-12-16 21:00:00,8.8,123.3,,106.8639907836914,104.90514373779297,1473.26123046875,158.36280822753906,392341,96.72262573242188,86.43663787841797,24.861515045166016,104.90514373779297,252.39764404296875,257.2635803222656,167.4767608642578,246.82981872558594,55.56
2011346N03156,2011-12-17 00:00:00,8.9,122.5,,0.0,0.0,0.0,0.0,2974,0.0,0.0,,0.0,164.48211669921875,212.5370330810547,28.43239974975586,208.98403930664062,55.56
2012225N16133,2012-08-15 00:00:00,18.0,122.2,,276.1167297363281,275.2621765136719,1779.8721923828125,307.384033203125,560123,269.825927734375,262.04705810546875,316.8497009277344,275.2621765136719,231.2624969482422,216.9650421142578,240.67160034179688,281.7803955078125,64.82000000000001
2012225N16133,2012-08-15 03:00:00,18.4,121.5,,167.58067321777344,166.7776641845703,1353.4593505859375,245.0928192138672,619139,162.97544860839844,157.24913024902344,26.859458923339844,166.7776641845703,260.73028564453125,299.6242980957031,225.7413330078125,336.5270690917969,64.82000000000001
2012225N16133,2012-08-15 06:00:00,18.7,120.8,,318.188232421875,315.77105712890625,1698.1458740234375,331.1405944824219,336607,305.66229248046875,293.98162841796875,151.1361846923828,315.77105712890625,302.29058837890625,313.4378662109375,306.5738830566406,312.9554748535156,64.82000000000001
2012225N16133,2012-08-15 09:00:00,18.8,120.1,,,,,,0,,,,,89.36174011230469,199.7943572998047,25.948253631591797,343.5542297363281,64.82000000000001
2012296N06135,2012-10-24 03:00:00,10.2,125.7,,46.84205627441406,46.19363021850586,912.8236694335938,104.8173599243164,356972,43.39179611206055,39.602447509765625,108.24443817138672,46.19363021850586,68.50466918945312,116.89393615722656,128.56410217285156,180.98480224609375,111.12
2012296N06135,2012-10-24 06:00:00,10.7,125.1,,183.0065460205078,181.8705596923828,1296.5562744140625,222.20272827148438,543715,176.76495361328125,170.33152770996094,155.8367462158203,181.8705596923828,140.53089904785156,113.65093994140625,109.70875549316406,142.59030151367188,111.12
2012296N06135,2012-10-24 09:00:00,11.1,124.6,,135.21530151367188,134.27957153320312,1295.4256591796875,211.402587890625,697157,130.58721923828125,126.06134033203125,214.39720153808594,134.27957153320312,109.54729461669922,122.69451141357422,116.8427963256836,110.28775787353516,111.12
2012296N06135,2012-10-24 12:00:00,11.4,124.0,,18.618410110473633,18.088272094726562,365.6223449707031,36.70344161987305,335554,15.707024574279785,13.550172805786133,5.2185235023498535,18.088272094726562,60.66132354736328,71.4789047241211,80.71271514892578,126.5890121459961,111.12
2012296N06135,2012-10-24 15:00:00,11.7,123.3,,22.92213249206543,22.377525329589844,794.2905883789062,65.15605926513672,290275,19.947450637817383,17.4492130279541,2.8424110412597656,22.377525329589844,37.97072982788086,42.94883728027344,41.225032806396484,120.26277923583984,83.34
2012331N03157,2012-12-03 18:00:00,7.6,127.2,,,,,,0,,,,,30.926450729370117,303.4280700683594,,,25.0
2012331N03157,2012-12-03 21:00:00,7.6,126.6,,515.5606079101562,512.8087158203125,2643.470703125,499.46710205078125,427295,503.49810791015625,484.6791687011719,240.042724609375,512.8087158203125,459.89019775390625,321.4328918457031,240.042724609375,512.8087158203125,25.0
2012331N03157,2012-12-04 00:00:00,7.8,125.9,,240.99954223632812,240.76832580566406,2118.79248046875,279.96832275390625,982493,239.4694366455078,237.4088592529297,135.0883331298828,240.76832580566406,339.993896484375,345.7563781738281,135.0883331298828,240.76832580566406,25.0
2012331N03157,2012-12-04 03:00:00,8.2,125.0,,823.4691162109375,823.7193603515625,2879.232177734375,464.0190734863281,983368,825.1455688476562,827.449951171875,1037.862060546875,823.7193603515625,669.7050170898438,546.493896484375,1037.862060546875,823.7193603515625,25.0
2012331N03157,2012-12-04 06:00:00,8.7,124.1,,105.02098846435547,103.31591033935547,991.765625,145.62539672851562,160402,95.51831817626953,85.59153747558594,0.0,103.31591033935547,252.7829132080078,375.4346008300781,0.0,127.65984344482422,27.78
2012331N03157,2012-12-04 09:00:00,9.0,123.3,,212.3510284423828,209.34622192382812,1816.4140625,308.2370910644531,388080,196.65475463867188,182.5049285888672,58.27454376220703,209.34622192382812,190.85804748535156,242.1710968017578,164.61036682128906,169.3485107421875,33.336
2012331N03157,2012-12-04 12:00:00,9.3,122.5,,172.92247009277344,171.38832092285156,678.8770141601562,143.62620544433594,269215,165.18714904785156,156.67242431640625,60.83317565917969,171.38832092285156,248.2556915283203,237.08453369140625,139.57359313964844,247.9646453857422,37.04
2012331N03157,2012-12-04 15:00:00,9.6,121.6,,0.7114495038986206,0.6771824955940247,55.85246276855469,4.236173629760742,33874,0.5615813136100769,0.4446648359298706,,0.6771824955940247,0.6533061265945435,33.88421630859375,0.12215594947338104,0.6519571542739868,37.04
2013196N14128,2013-07-16 21:00:00,17.8,122.5,,305.03131103515625,300.4320983886719,1777.4757080078125,370.278076171875,147329,275.42108154296875,250.6002197265625,,300.4320983886719,368.744873046875,251.5774383544922,375.0380554199219,261.8499450683594,74.08
2013196N14128,2013-07-17 00:00:00,18.5,122.0,,157.25390625,155.68106079101562,1122.047119140625,217.31369018554688,393109,148.21751403808594,139.783447265625,38.6608772277832,155.68106079101562,120.7528076171875,186.35049438476562,120.79264831542969,316.79742431640625,74.08
2013196N14128,2013-07-17 03:00:00,19.0,121.5,,58.059814453125,56.13457489013672,788.0822143554688,107.49100494384766,189915,49.07439041137695,42.16997146606445,23.849742889404297,56.13457489013672,67.21186065673828,164.07901000976562,54.886474609375,244.93960571289062,70.376
2013220N12137,2013-08-11 18:00:00,16.1,122.2,,404.39227294921875,401.3277893066406,1800.9072265625,411.77117919921875,313220,386.2012939453125,369.3726501464844,39.75303268432617,401.3277893066406,405.4595947265625,396.00115966796875,39.75303268432617,401.3277893066406,25.0
2013220N12137,2013-08-11 21:00:00,16.4,121.5,,485.127197265625,484.99395751953125,1800.8216552734375,351.38262939453125,1014165,484.1936340332031,483.8818664550781,473.8576965332031,484.99395751953125,538.3065185546875,573.7899169921875,473.4190368652344,488.9018859863281,25.928
2013220N12137,2013-08-12 00:00:00,16.6,120.8,,952.1235961914062,952.7221069335938,2895.12841796875,575.7312622070312,1015682,956.3363647460938,960.6956176757812,1449.6607666015625,952.7221069335938,770.96826171875,616.8364868164062,1402.932373046875,875.1605834960938,27.78
2013220N12137,2013-08-12 03:00:00,16.9,119.9,,5.664913654327393,5.39663553237915,125.63414001464844,15.044415473937988,15161,4.006246566772461,3.343613862991333,,5.39663553237915,148.18170166015625,423.5010681152344,,69.44466400146484,33.336
2013282N14132,2013-10-11 12:00:00,15.5,122.4,,,,,,0,,,,,11.426261901855469,103.30343627929688,,,25.0
2013282N14132,2013-10-11 15:00:00,15.5,121.5,,346.02557373046875,344.6211853027344,1863.689697265625,341.71392822265625,581022,337.85064697265625,328.98748779296875,476.2058410644531,344.6211853027344,341.21661376953125,325.3926086425781,476.2058410644531,344.6211853027344,25.0
2013282N14132,2013-10-11 18:00:00,15.5,120.5,,221.2122039794922,221.26585388183594,2014.712646484375,321.70147705078125,1009560,221.63653564453125,222.08316040039062,119.35115051269531,221.26585388183594,168.67442321777344,242.03135681152344,119.35115051269531,221.26585388183594,25.0
2013282N14132,2013-10-11 21:00:00,15.3,119.8,,318.88958740234375,316.5508728027344,2014.2232666015625,397.3293762207031,305973,305.91265869140625,292.5843811035156,10.465789794921875,316.5508728027344,315.22845458984375,201.97988891601562,10.465789794921875,316.5508728027344,25.0
2013282N14132,2013-10-12 00:00:00,15.2,119.2,,,,,,0,,,,,,105.02387237548828,,,25.0
2013301N13142,2013-10-31 09:00:00,18.1,122.4,,251.81216430664062,249.9522705078125,1196.5111083984375,241.20924377441406,317693,241.50103759765625,230.00148010253906,128.1837158203125,249.9522705078125,256.33282470703125,230.08619689941406,225.9980926513672,254.7329864501953,29.632
2013301N13142,2013-10-31 12:00:00,18.3,121.8,,126.81380462646484,126.47412109375,1120.000244140625,186.1505889892578,679955,124.63726043701172,122.47522735595703,62.35600662231445,126.47412109375,186.62728881835938,285.13751220703125,79.9710464477539,147.7380828857422,31.484
2013301N13142,2013-10-31 15:00:00,18.4,121.1,,360.2220764160156,359.1573486328125,2331.103271484375,370.7337646484375,787421,354.9736328125,347.53045654296875,448.3173828125,359.1573486328125,321.1753845214844,324.0347900390625,419.1829528808594,323.77392578125,35.188
2013301N13142,2013-10-31 18:00:00,18.6,120.4,,134.2588653564453,132.5332794189453,967.77880859375,159.73464965820312,161598,125.58723449707031,114.52809143066406,14.099899291992188,132.5332794189453,277.7569580078125,367.5221862792969,105.83258819580078,275.28411865234375,37.04
2013301N13142,2013-10-31 21:00:00,18.7,119.9,,,,,,0,,,,,0.30870288610458374,94.78588104248047,,0.07098855078220367,37.04
2013306N07162,2013-11-07 21:00:00,10.8,125.9,,15.351529121398926,14.832547187805176,414.39544677734375,44.39776611328125,146144,12.904411315917969,10.903889656066895,21.910972595214844,14.832547187805176,50.845401763916016,88.27571868896484,18.845516204833984,27.649845123291016,29.632
2013306N07162,2013-11-08 00:00:00,11.0,124.8,,130.23919677734375,129.35670471191406,1293.2828369140625,204.42373657226562,753773,125.55648040771484,121.47804260253906,241.23455810546875,129.35670471191406,138.0975799560547,120.96269226074219,221.20033264160156,128.4759979248047,27.78
2013306N07162,2013-11-08 03:00:00,11.2,123.7,,18.53105926513672,18.007539749145508,275.9027404785156,38.74489212036133,316625,15.844311714172363,13.5018892288208,2.8022472858428955,18.007539749145508,72.58738708496094,107.05089569091797,2.8022472858428955,18.007539749145508,25.0
2013306N07162,2013-11-08 06:00:00,11.4,122.6,,184.58644104003906,183.9486541748047,2071.176025390625,284.2584533691406,815290,180.62904357910156,176.851318359375,70.52427673339844,183.9486541748047,167.8102569580078,151.27572631835938,70.52427673339844,183.9486541748047,25.0
2013306N07162,2013-11-08 09:00:00,11.6,121.5,,10.742416381835938,10.275696754455566,320.874755859375,32.692012786865234,89826,8.289419174194336,6.138388633728027,0.0681883916258812,10.275696754455566,93.56010437011719,150.3609161376953,0.0681883916258812,10.275696754455566,25.0
2014029N10143,2014-01-31 12:00:00,10.3,126.0,,69.81558227539062,68.55024719238281,912.4691162109375,132.21871948242188,182755,63.80552673339844,58.14541244506836,0.0,68.55024719238281,39.34222412109375,68.61602020263672,40.027950286865234,151.9154052734375,74.08
2014029N10143,2014-01-31 15:00:00,10.6,125.0,,176.5740509033203,175.28469848632812,1243.4215087890625,212.5118408203125,604189,170.0376739501953,164.32928466796875,247.90750122070312,175.28469848632812,136.6588134765625,108.78422546386719,137.77880859375,112.61473083496094,74.08
2014029N10143,2014-01-31 18:00:00,10.8,124.1,,99.39840698242188,98.08338165283203,972.5726928710938,140.18231201171875,456402,92.18128967285156,85.50506591796875,127.14904022216797,98.08338165283203,88.51507568359375,123.18636322021484,86.21601104736328,128.72640991210938,74.08
2014029N10143,2014-01-31 21:00:00,11.1,123.1,,93.68720245361328,92.96937561035156,1634.35595703125,171.16510009765625,733134,89.46040344238281,85.9699478149414,35.96063232421875,92.96937561035156,110.68001556396484,146.08993530273438,109.3579330444336,148.2795867919922,74.08
2014029N10143,2014-02-01 00:00:00,11.2,122.1,,350.4825134277344,349.30303955078125,2070.466796875,350.9452819824219,649476,344.4183044433594,337.0657043457031,473.5350036621094,349.30303955078125,213.3309326171875,167.49549865722656,215.62185668945312,144.3824462890625,74.08
2014029N10143,2014-02-01 03:00:00,11.3,121.2,,2.860532522201538,2.724951982498169,254.8435516357422,15.690964698791504,124339,2.210801601409912,1.8202604055404663,0.63177889585495,2.724951982498169,3.0957162380218506,22.006267547607422,3.123061418533325,150.23001098632812,74.08
2014190N08154,2014-07-15 09:00:00,13.2,124.1,,95.39705657958984,94.095703125,2426.19189453125,189.50315856933594,469431,88.31742095947266,81.72333526611328,64.5858154296875,94.095703125,114.27702331542969,102.86369323730469,74.25035858154297,104.27947998046875,27.78
2014190N08154,2014-07-15 12:00:00,13.4,123.4,,133.69155883789062,132.9407196044922,2426.992431640625,211.60165405273438,759380,129.593017578125,125.50524139404297,143.7477264404297,132.9407196044922,100.12394714355469,98.64488220214844,150.80714416503906,125.8651123046875,27.78
2014190N08154,2014-07-15 15:00:00,13.7,122.7,,107.10955047607422,106.5166244506836,1481.302734375,137.76409912109375,772418,104.002685546875,101.2397232055664,51.93119812011719,106.5166244506836,80.04527282714844,84.07957458496094,58.638885498046875,103.4142074584961,25.928
2014190N08154,2014-07-15 18:00:00,14.0,122.0,,66.10382843017578,65.2894058227539,747.197998046875,103.43464660644531,637858,61.4521369934082,57.58949279785156,40.5202751159668,65.2894058227539,105.87745666503906,114.81867218017578,40.5202751159668,65.2894058227539,25.0
2014190N08154,2014-07-15 21:00:00,14.1,121.3,,165.1250762939453,164.9362030029297,2131.056640625,194.11695861816406,971066,164.2845458984375,162.9871368408203,197.53541564941406,164.9362030029297,147.9051971435547,162.0396728515625,185.27462768554688,155.7930450439453,29.632
2014190N08154,2014-07-16 00:00:00,14.3,120.6,,138.38262939453125,137.0724639892578,1371.1531982421875,181.03836059570312,513179,131.53749084472656,125.28131866455078,76.32833862304688,137.0724639892578,95.17986297607422,142.3015899658203,132.030029296875,95.1880111694336,37.04
2014190N08154,2014-07-16 03:00:00,14.7,119.8,,87.93741607666016,87.0333023071289,1062.8477783203125,163.90878295898438,92189,81.86312866210938,78.12696838378906,,87.0333023071289,199.00767517089844,237.32952880859375,50.859554290771484,196.7667236328125,37.04
2014254N10142,2014-09-14 09:00:00,17.5,122.5,,368.3991394042969,364.6515197753906,1804.0887451171875,392.20001220703125,262982,347.6503601074219,328.1529846191406,6.98019552230835,364.6515197753906,368.7105712890625,275.233642578125,112.62191009521484,374.4476013183594,37.04
2014254N10142,2014-09-14 12:00:00,17.8,121.7,,221.3423614501953,221.21365356445312,1774.62890625,279.06085205078125,1020636,220.40911865234375,220.02789306640625,76.05694580078125,221.21365356445312,311.6448974609375,395.6201477050781,143.8347930908203,307.99261474609375,37.04
2014254N10142,2014-09-14 15:00:00,18.0,120.7,,436.0053405761719,435.1810302734375,2335.863525390625,400.9378967285156,841899,431.36492919921875,426.5514831542969,348.9541015625,435.1810302734375,459.52728271484375,449.1515808105469,433.7940979003906,455.537841796875,42.596000000000004
2014254N10142,2014-09-14 18:00:00,18.0,119.7,,,,,,0,,,,,0.0,111.43844604492188,,43.5531120300293,46.300000000000004
2014260N13135,2014-09-19 00:00:00,17.9,122.6,,70.48932647705078,67.99371337890625,661.8536376953125,118.90393829345703,54210,54.65829086303711,44.97731018066406,,67.99371337890625,329.9604797363281,286.53515625,331.72314453125,226.5106201171875,74.08
2014260N13135,2014-09-19 03:00:00,18.3,121.9,,133.36709594726562,132.70648193359375,1127.3240966796875,190.96826171875,650217,129.65538024902344,125.71337890625,130.20164489746094,132.70648193359375,170.91622924804688,242.00265502929688,158.61668395996094,336.3822326660156,70.376
2014260N13135,2014-09-19 06:00:00,18.6,121.3,,230.2382354736328,228.0190887451172,1447.3865966796875,307.8152160644531,497698,218.05850219726562,205.74356079101562,78.4163818359375,228.0190887451172,267.013427734375,269.1479797363281,262.2992858886719,310.3338928222656,64.82000000000001
2014260N13135,2014-09-19 09:00:00,18.6,120.7,,333.29803466796875,331.1343688964844,1828.209228515625,349.7978210449219,380218,322.9808349609375,311.3641357421875,194.5220184326172,331.1343688964844,339.70123291015625,338.8168029785156,334.19244384765625,328.7313232421875,64.82000000000001
2014260N13135,2014-09-19 12:00:00,18.6,120.3,,106.89927673339844,105.10780334472656,562.9931640625,139.40237426757812,84666,99.03417205810547,87.33526611328125,,105.10780334472656,225.34182739257812,373.7017517089844,167.499267578125,339.56964111328125,64.82000000000001
2014334N02156,2014-12-06 15:00:00,11.9,125.6,,101.28108978271484,100.45606231689453,663.1258544921875,131.62188720703125,410104,96.86636352539062,92.94979858398438,8.957194328308105,100.45606231689453,145.03640747070312,108.64419555664062,44.70573425292969,145.3306121826172,37.04
2014334N02156,2014-12-06 18:00:00,11.9,125.3,,149.88418579101562,149.5181427001953,821.8784790039062,150.49713134765625,808732,148.13626098632812,146.35643005371094,150.5136260986328,149.5181427001953,117.20165252685547,104.03477478027344,160.40354919433594,117.48724365234375,37.04
2014334N02156,2014-12-06 21:00:00,11.9,125.0,,137.8791046142578,137.74989318847656,822.665283203125,143.66903686523438,930657,137.18112182617188,136.74514770507812,181.8716583251953,137.74989318847656,113.57801055908203,108.68988800048828,164.41513061523438,117.23280334472656,35.188
2014334N02156,2014-12-07 00:00:00,11.9,124.7,,121.8202896118164,121.04907989501953,1329.291748046875,160.33932495117188,794465,117.26304626464844,112.79010009765625,30.275989532470703,121.04907989501953,113.9759292602539,102.06002044677734,58.92300796508789,124.49649810791016,31.484
2014334N02156,2014-12-07 03:00:00,12.0,124.4,,80.79498291015625,79.76892852783203,1322.208984375,134.47096252441406,610795,75.7725830078125,70.62883758544922,41.97311782836914,79.76892852783203,79.07608795166016,89.2129135131836,54.637054443359375,82.1079330444336,31.484
2014334N02156,2014-12-07 06:00:00,12.2,124.1,,57.70279312133789,56.939334869384766,668.282958984375,97.91621398925781,635523,53.89012145996094,50.28416442871094,28.043214797973633,56.939334869384766,62.65977096557617,68.87152099609375,30.500526428222656,54.93380355834961,31.484
2014334N02156,2014-12-07 09:00:00,12.4,123.9,,61.70008087158203,60.9764518737793,1528.9564208984375,107.39667510986328,658883,57.908599853515625,54.5662727355957,22.218952178955078,60.9764518737793,59.11738967895508,63.484920501708984,40.007694244384766,56.77714920043945,31.484
2014334N02156,2014-12-07 12:00:00,12.5,123.6,,50.252845764160156,49.63996124267578,809.9174194335938,80.13899993896484,652577,47.009220123291016,44.35923767089844,61.359153747558594,49.63996124267578,57.73979568481445,65.26982116699219,63.68387985229492,51.73288345336914,31.484
2014334N02156,2014-12-07 15:00:00,12.7,123.4,,52.26383972167969,51.478179931640625,686.2525024414062,75.67200469970703,547814,48.224998474121094,44.650604248046875,25.46108627319336,51.478179931640625,76.99900817871094,76.38609313964844,35.019962310791016,70.03933715820312,35.188
2014334N02156,2014-12-07 18:00:00,12.9,123.1,,46.5561408996582,45.650081634521484,499.5694274902344,71.13899230957031,316111,41.77924346923828,37.61213302612305,29.46184539794922,45.650081634521484,71.99549865722656,90.85150909423828,31.18419075012207,68.70860290527344,37.04
2014334N02156,2014-12-07 21:00:00,13.1,122.8,,48.97602081298828,47.94453430175781,432.6483459472656,77.40640258789062,243982,43.989837646484375,39.432762145996094,22.147733688354492,47.94453430175781,57.10420227050781,103.51251220703125,46.864479064941406,56.812042236328125,37.04
2014334N02156,2014-12-08 00:00:00,13.3,122.5,,60.83180236816406,59.8449821472168,526.1842041015625,81.6318130493164,341526,55.851165771484375,51.461177825927734,82.36168670654297,59.8449821472168,71.95002746582031,83.87748718261719,71.15239715576172,72.48773193359375,37.04
2014334N02156,2014-12-08 03:00:00,13.4,122.2,,87.58997344970703,86.63310241699219,1151.6011962890625,121.34874725341797,528332,83.06730651855469,79.0347671508789,87.57308197021484,86.63310241699219,63.468101501464844,77.20707702636719,93.27336883544922,65.2603759765625,42.596000000000004
2014334N02156,2014-12-08 06:00:00,13.6,121.9,,72.6959457397461,71.80133056640625,1153.62109375,121.1421127319336,486680,68.2651596069336,64.7662582397461,86.48159790039062,71.80133056640625,91.51136779785156,104.52469635009766,75.67993927001953,96.96819305419922,46.300000000000004
2014334N02156,2014-12-08 09:00:00,13.7,121.6,,145.31906127929688,144.2035369873047,2127.44384765625,217.22549438476562,505053,138.8330078125,131.94126892089844,18.34811019897461,144.2035369873047,109.69567108154297,174.8371124267578,136.4817352294922,157.88539123535156,46.300000000000004
2014334N02156,2014-12-08 12:00:00,13.8,121.3,,142.8861083984375,141.9398651123047,2129.746826171875,200.4746856689453,701196,137.8153533935547,133.52589416503906,136.1124267578125,141.9398651123047,170.1094207763672,190.12808227539062,147.00552368164062,184.76080322265625,46.300000000000004
2014334N02156,2014-12-08 15:00:00,13.8,121.1,,146.7218017578125,145.5427703857422,2109.755126953125,185.45791625976562,767207,140.35902404785156,134.58837890625,130.76980590820312,145.5427703857422,198.60348510742188,191.58323669433594,136.0520477294922,190.19400024414062,46.300000000000004
2014334N02156,2014-12-08 18:00:00,13.8,120.9,,173.0306396484375,171.6339569091797,1748.7518310546875,222.02191162109375,713086,165.61410522460938,157.21324157714844,73.09508514404297,171.6339569091797,196.467041015625,194.45248413085938,158.4110870361328,188.91690063476562,46.300000000000004
2014334N02156,2014-12-08 21:00:00,13.8,120.7,,168.3270263671875,166.3837127685547,1751.865966796875,247.99795532226562,607663,157.58181762695312,147.6997528076172,35.3077392578125,166.3837127685547,190.14041137695312,188.1020965576172,140.3555908203125,187.40138244628906,46.300000000000004
2014334N02156,2014-12-09 00:00:00,13.7,120.5,,138.32891845703125,135.84051513671875,1747.1861572265625,240.055419921875,445749,125.61741638183594,114.15349578857422,56.97209167480469,135.84051513671875,210.62246704101562,202.685791015625,130.31959533691406,210.1405029296875,46.300000000000004
2014334N02156,2014-12-09 03:00:00,13.6,120.1,,96.33586120605469,93.90666961669922,1490.7557373046875,199.9095458984375,177848,83.5617446899414,73.82159423828125,49.429527282714844,93.90666961669922,127.66832733154297,204.6328887939453,115.63024139404297,216.0519561767578,55.56
2014362N07130,2014-12-28 21:00:00,8.7,126.3,,136.8645782470703,136.25205993652344,1256.4102783203125,186.54518127441406,554308,133.11862182617188,129.85443115234375,108.5035629272461,136.25205993652344,156.72463989257812,185.27880859375,156.15768432617188,279.8765869140625,70.376
2014362N07130,2014-12-29 00:00:00,8.9,126.0,,242.17214965820312,241.54098510742188,1879.4603271484375,285.8442687988281,842089,238.48626708984375,235.397216796875,339.83441162109375,241.54098510742188,206.19390869140625,208.85496520996094,217.29542541503906,282.10833740234375,64.82000000000001
2014362N07130,2014-12-29 03:00:00,9.1,125.6,,315.4674987792969,314.97198486328125,1880.121337890625,325.4959411621094,804859,312.7702331542969,309.34979248046875,419.67303466796875,314.97198486328125,249.6488037109375,283.4001770019531,256.4235534667969,285.52362060546875,64.82000000000001
2014362N07130,2014-12-29 06:00:00,9.4,125.3,,221.02734375,219.45408630371094,1738.4036865234375,313.8066711425781,353532,212.3403778076172,204.77125549316406,94.599853515625,219.45408630371094,235.28346252441406,256.22662353515625,226.69488525390625,253.6245574951172,64.82000000000001
2014362N07130,2014-12-29 09:00:00,9.6,124.9,,59.95026779174805,57.58586120605469,1326.24951171875,143.87139892578125,81808,47.51447677612305,38.94762420654297,,57.58586120605469,114.62328338623047,177.88790893554688,110.44464874267578,210.18594360351562,61.116
2014362N07130,2014-12-29 12:00:00,9.7,124.6,,138.53904724121094,137.52450561523438,862.4246826171875,174.63546752929688,314647,133.44325256347656,126.84368133544922,82.21107482910156,137.52450561523438,115.53899383544922,120.33952331542969,129.77587890625,125.97955322265625,55.56
2014362N07130,2014-12-29 15:00:00,9.9,124.2,,100.2343521118164,99.58354187011719,862.1647338867188,140.12767028808594,779700,96.94256591796875,93.08244323730469,195.4495849609375,99.58354187011719,106.48834991455078,127.53160858154297,92.27709197998047,126.71672058105469,55.56
2014362N07130,2014-12-29 18:00:00,10.0,123.8,,132.4014892578125,131.28309631347656,1026.660400390625,172.0904998779297,750049,126.30990600585938,120.65318298339844,57.01523208618164,131.28309631347656,152.92056274414062,187.7891387939453,137.97518920898438,189.1543426513672,55.56
2014362N07130,2014-12-29 21:00:00,10.0,123.4,,258.7328186035156,256.26422119140625,1437.031494140625,263.7410583496094,666864,244.9571075439453,231.31114196777344,184.9047088623047,256.26422119140625,220.19068908691406,212.15945434570312,255.26300048828125,194.0666046142578,55.56
2014362N07130,2014-12-30 00:00:00,10.0,123.0,,243.44644165039062,241.94686889648438,2416.873291015625,259.054931640625,773868,235.42611694335938,226.7491912841797,338.89984130859375,241.94686889648438,234.3412628173828,218.49964904785156,260.23480224609375,194.18910217285156,55.56
2014362N07130,2014-12-30 03:00:00,9.9,122.6,,207.59793090820312,206.35687255859375,1421.331298828125,189.1668701171875,573308,200.91127014160156,193.393310546875,182.3844757080078,206.35687255859375,201.07960510253906,222.25010681152344,221.4004669189453,219.04039001464844,55.56
2014362N07130,2014-12-30 06:00:00,9.8,122.4,,179.9417266845703,178.76260375976562,678.2815551757812,140.83355712890625,369919,174.81744384765625,167.38624572753906,153.8749237060547,178.76260375976562,210.1002197265625,200.70164489746094,172.42501831054688,212.0762176513672,55.56
2014362N07130,2014-12-30 09:00:00,9.8,122.2,,168.09156799316406,166.28822326660156,587.2664184570312,154.5369415283203,184818,159.40028381347656,149.68946838378906,20.00688934326172,166.28822326660156,164.2292022705078,186.94955444335938,181.4163818359375,182.19883728027344,55.56
2014362N07130,2014-12-30 12:00:00,9.7,122.1,,107.39613342285156,105.70320892333984,528.0504760742188,132.4350128173828,106607,98.58829498291016,88.38494873046875,,105.70320892333984,187.7925262451172,162.0668182373047,145.59925842285156,188.58370971679688,55.56
2015012N09146,2015-01-17 09:00:00,12.2,125.5,,94.21407318115234,93.56962585449219,823.1694946289062,127.93983459472656,449364,90.44985961914062,86.81720733642578,19.054244995117188,93.56962585449219,126.30131530761719,111.4243392944336,41.721317291259766,126.82347106933594,37.04
2015012N09146,2015-01-17 12:00:00,12.4,125.1,,110.24154663085938,109.7626724243164,822.8173217773438,130.1045379638672,684234,107.75535583496094,104.96900939941406,73.4029312133789,109.7626724243164,102.74141693115234,101.20958709716797,94.54287719726562,102.35338592529297,37.04
2015012N09146,2015-01-17 15:00:00,12.5,124.7,,83.89476013183594,83.43917083740234,819.843017578125,104.04776763916016,668518,81.48343658447266,79.567626953125,59.326107025146484,83.43917083740234,93.16452026367188,86.397705078125,77.48917388916016,92.66930389404297,37.04
2015012N09146,2015-01-17 18:00:00,12.7,124.3,,66.42549896240234,65.53519439697266,1529.9007568359375,118.51519012451172,504607,62.197608947753906,57.848018646240234,35.97589874267578,65.53519439697266,70.72982025146484,73.48909759521484,65.57600402832031,71.65779113769531,37.04
2015012N09146,2015-01-17 21:00:00,13.1,123.9,,108.98999786376953,107.94528198242188,2428.659423828125,193.17393493652344,661388,103.62356567382812,98.18478393554688,88.61270904541016,107.94528198242188,97.4869613647461,97.60523223876953,91.08779907226562,97.63121032714844,37.04
2015012N09146,2015-01-18 00:00:00,13.5,123.6,,136.55006408691406,136.0355682373047,2425.95947265625,210.8965301513672,809173,134.10247802734375,131.39508056640625,177.70973205566406,136.0355682373047,108.80913543701172,98.17610931396484,189.33563232421875,109.07868957519531,37.04
2015012N09146,2015-01-18 03:00:00,13.7,123.2,,105.44926452636719,104.80574035644531,1949.7423095703125,172.9264373779297,797290,102.19982147216797,98.49034881591797,108.92289733886719,104.80574035644531,113.09657287597656,94.47331237792969,111.01837921142578,113.56763458251953,37.04
2015012N09146,2015-01-18 06:00:00,14.0,122.9,,91.19084167480469,90.54722595214844,1479.1973876953125,142.64649963378906,734114,87.81468200683594,84.96659088134766,164.95130920410156,90.54722595214844,89.32475280761719,84.28848266601562,119.77875518798828,89.36558532714844,37.04
2015012N09146,2015-01-18 09:00:00,14.4,122.7,,92.15694427490234,91.11808013916016,1495.4686279296875,149.795166015625,435991,86.639892578125,80.59103393554688,34.0059928894043,91.11808013916016,76.4043960571289,62.830162048339844,51.51851272583008,77.49178314208984,37.04
2015012N09146,2015-01-18 12:00:00,14.8,122.6,,2.293614149093628,2.2161104679107666,227.96994018554688,8.013752937316895,108632,1.8698029518127441,1.579086184501648,1.6502000093460083,2.2161104679107666,33.279823303222656,59.55617141723633,1.2842994928359985,31.92711067199707,37.04
2015183N13130,2015-07-04 18:00:00,17.2,122.5,,349.9295654296875,347.9239807128906,1790.5804443359375,324.18292236328125,398853,340.2367858886719,327.2658996582031,133.25961303710938,347.9239807128906,354.13885498046875,295.8836669921875,361.01513671875,275.1878967285156,55.56
2015183N13130,2015-07-04 21:00:00,17.4,122.3,,412.43499755859375,411.126708984375,1803.227783203125,380.7348327636719,568792,404.6553039550781,395.9983215332031,355.9924011230469,411.126708984375,288.19281005859375,252.0484619140625,375.82037353515625,255.9471893310547,55.56
2015183N13130,2015-07-05 00:00:00,17.6,121.9,,262.3677978515625,262.122314453125,1807.3560791015625,337.7934265136719,917093,261.0190124511719,259.3394470214844,418.1218566894531,262.122314453125,255.04971313476562,335.6265563964844,247.87611389160156,375.93560791015625,55.56
2015183N13130,2015-07-05 03:00:00,17.8,121.1,,607.4066772460938,607.7056274414062,2413.021484375,454.0869140625,1021820,609.7481079101562,611.4700927734375,763.2201538085938,607.7056274414062,473.2073669433594,433.3591003417969,540.21728515625,447.0475158691406,61.116
2015183N13130,2015-07-05 06:00:00,17.9,120.4,,203.67852783203125,202.7163543701172,1928.13818359375,276.8054504394531,496827,197.9860382080078,193.54281616210938,119.79622650146484,202.7163543701172,388.4622802734375,526.2117309570312,316.10540771484375,522.28173828125,64.82000000000001
2015183N13130,2015-07-05 09:00:00,17.9,120.0,,3.7934210300445557,3.672689199447632,63.51477813720703,9.014707565307617,45824,3.1526882648468018,2.5218265056610107,,3.672689199447632,141.8985137939453,259.4605407714844,105.32369232177734,512.0386352539062,64.82000000000001
2015285N14151,2015-10-17 18:00:00,16.0,122.1,,374.429443359375,371.351806640625,1798.9388427734375,395.6697082519531,304837,357.0549011230469,340.15972900390625,29.091594696044922,371.351806640625,414.524658203125,454.23870849609375,29.091594696044922,371.351806640625,25.0
2015285N14151,2015-10-17 21:00:00,16.0,121.7,,511.99163818359375,510.165771484375,1913.1572265625,399.91119384765625,686349,501.1717224121094,487.7120361328125,462.9732360839844,510.165771484375,486.6260070800781,436.6568603515625,462.9732360839844,510.165771484375,25.0
2015285N14151,2015-10-18 00:00:00,16.0,121.4,,581.840576171875,581.083740234375,1913.1622314453125,374.4701843261719,913293,577.1788330078125,572.9486694335938,751.171142578125,581.083740234375,487.076171875,458.8203430175781,751.171142578125,581.083740234375,25.0
2015285N14151,2015-10-18 03:00:00,16.1,121.2,,627.5853881835938,627.7970581054688,2136.734130859375,385.68890380859375,1012861,629.2630615234375,631.521240234375,807.8250732421875,627.7970581054688,541.5985717773438,492.60174560546875,807.8250732421875,627.7970581054688,25.0
2015285N14151,2015-10-18 06:00:00,16.2,121.0,,729.2342529296875,729.2992553710938,2894.818603515625,470.89581298828125,1013112,729.6116943359375,729.8566284179688,793.1587524414062,729.2992553710938,591.4467163085938,509.8096618652344,771.0467529296875,596.5933837890625,37.04
2015285N14151,2015-10-18 09:00:00,16.3,120.8,,744.9915161132812,744.9243774414062,2894.4853515625,568.9215087890625,1009870,745.0452270507812,745.7219848632812,963.0308227539062,744.9243774414062,622.6870727539062,528.10986328125,796.8677978515625,578.3545532226562,42.596000000000004
2015285N14151,2015-10-18 12:00:00,16.5,120.6,,818.7591552734375,817.1968383789062,2895.341796875,643.9113159179688,886700,809.2372436523438,800.7824096679688,896.5592041015625,817.1968383789062,664.7091064453125,586.7660522460938,833.8153076171875,605.1212768554688,46.300000000000004
2015285N14151,2015-10-18 15:00:00,16.7,120.4,,692.45166015625,690.2753295898438,2696.007568359375,619.0032348632812,612306,677.8729858398438,667.0684814453125,313.7762451171875,690.2753295898438,735.962158203125,624.9188232421875,667.1668090820312,648.1056518554688,46.300000000000004
2015285N14151,2015-10-18 18:00:00,17.0,120.2,,262.9823303222656,260.81878662109375,2009.93359375,339.20281982421875,296790,249.95675659179688,236.0376739501953,1.058241844177246,260.81878662109375,560.19775390625,699.9225463867188,193.18667602539062,677.8043212890625,46.300000000000004
2015285N14151,2015-10-18 21:00:00,17.2,120.1,,58.861148834228516,57.850502014160156,852.6956176757812,103.72142791748047,150564,52.97966384887695,46.91022872924805,,57.850502014160156,310.5011291503906,609.0087280273438,27.595352172851562,523.8673706054688,46.300000000000004
2015285N14151,2015-10-19 00:00:00,17.4,120.1,,57.18903732299805,56.353851318359375,732.675048828125,99.71121978759766,162240,52.91691970825195,48.2777214050293,0.0,56.353851318359375,235.2764892578125,518.6520385742188,34.30157470703125,425.96343994140625,46.300000000000004
2015285N14151,2015-10-19 03:00:00,17.7,120.1,,97.02676391601562,95.78314208984375,1078.2432861328125,174.3678436279297,160444,90.52921295166016,85.13113403320312,0.0,95.78314208984375,177.52613830566406,397.8387756347656,67.65303039550781,307.6719665527344,46.300000000000004
2015285N14151,2015-10-19 06:00:00,17.9,120.1,,57.04770278930664,56.05540466308594,955.759521484375,116.81419372558594,136577,51.1363525390625,47.15267562866211,,56.05540466308594,158.3329315185547,356.14910888671875,21.599748611450195,287.5031433105469,46.300000000000004
2015344N07145,2015-12-14 06:00:00,12.6,124.6,,78.31936645507812,77.60319519042969,664.6354370117188,100.56134796142578,507426,74.77930450439453,71.38636779785156,28.215343475341797,77.60319519042969,84.11122131347656,85.37950134277344,28.215343475341797,77.60319519042969,25.0
2015344N07145,2015-12-14 09:00:00,12.7,124.0,,62.56157302856445,61.71274185180664,1530.025146484375,128.0023651123047,625942,58.26780319213867,54.44290542602539,88.67024230957031,61.71274185180664,76.72325134277344,72.0919189453125,88.67024230957031,61.71274185180664,25.0
2015344N07145,2015-12-14 12:00:00,12.8,123.5,,64.33611297607422,63.49019241333008,808.897216796875,91.25189208984375,642815,59.69916534423828,55.52028274536133,22.176359176635742,63.49019241333008,82.52449035644531,75.3238296508789,22.176359176635742,63.49019241333008,25.0
2015344N07145,2015-12-14 15:00:00,12.9,123.0,,33.03129196166992,32.17939758300781,497.28173828125,66.00463104248047,242320,28.54956817626953,25.02432632446289,29.836633682250977,32.17939758300781,72.06710815429688,89.34910583496094,29.836633682250977,32.17939758300781,25.0
2016211N11128,2016-07-31 03:00:00,17.7,122.7,,0.0,0.0,0.0,0.0,2744,-1.3105950813496747e-07,-0.00010443684732308611,,0.0,353.7508850097656,332.5028381347656,,381.8657531738281,46.300000000000004
2016211N11128,2016-07-31 06:00:00,18.1,122.2,,238.50161743164062,237.2130126953125,1777.8282470703125,286.6246032714844,530196,231.14202880859375,224.00054931640625,334.446533203125,237.2130126953125,215.4623565673828,212.1922149658203,238.41905212402344,208.1294403076172,46.300000000000004
2016211N11128,2016-07-31 09:00:00,18.4,121.7,,87.2226333618164,86.60932159423828,1124.260009765625,141.6963653564453,555301,83.35459899902344,79.75294494628906,7.918351173400879,86.60932159423828,184.83457946777344,283.74609375,65.30489349365234,261.1270751953125,46.300000000000004
2016211N11128,2016-07-31 12:00:00,18.7,121.2,,228.77137756347656,226.07223510742188,1449.3775634765625,306.84912109375,424148,213.76321411132812,197.96530151367188,52.85176467895508,226.07223510742188,264.87921142578125,265.7047424316406,203.1213836669922,264.5765075683594,46.300000000000004
2016211N11128,2016-07-31 15:00:00,19.0,120.7,,34.591793060302734,32.97085189819336,646.8244018554688,80.26712036132812,25223,26.268531799316406,20.121065139770508,,32.97085189819336,202.34664916992188,265.40338134765625,16.533294677734375,260.01348876953125,46.300000000000004
2016287N12131,2016-10-15 18:00:00,15.7,121.8,,384.1761474609375,380.2402648925781,1862.094482421875,417.2589416503906,308108,361.3437805175781,340.0186462402344,83.24137878417969,380.2402648925781,461.4548034667969,404.5430603027344,83.24137878417969,380.2402648925781,25.0
2016287N12131,2016-10-15 21:00:00,16.0,120.8,,399.7651672363281,399.61114501953125,2220.44091796875,453.2671203613281,1010059,398.95941162109375,397.8625793457031,337.5126037597656,399.61114501953125,452.4124755859375,452.6905212402344,337.5126037597656,399.61114501953125,25.0
2016287N12131,2016-10-16 00:00:00,16.2,119.9,,64.4703598022461,63.88329315185547,768.6167602539062,108.63249206542969,429576,61.338539123535156,58.20692443847656,37.0513801574707,63.88329315185547,151.19546508789062,286.06884765625,37.0513801574707,63.88329315185547,25.0
2016287N12131,2016-10-16 03:00:00,16.4,119.0,,,,,,0,,,,,,40.82523727416992,,,25.0
2016288N06146,2016-10-19 15:00:00,17.5,122.4,,484.1134033203125,481.6620178222656,1803.3853759765625,416.615234375,388145,469.400390625,453.0793762207031,48.60443115234375,481.6620178222656,316.9596252441406,252.40313720703125,225.9806671142578,366.76495361328125,33.336
2016288N06146,2016-10-19 18:00:00,17.8,121.6,,229.40756225585938,229.10903930664062,1883.6688232421875,285.1437683105469,1021820,227.14312744140625,225.21441650390625,76.3060073852539,229.10903930664062,358.5962829589844,417.60992431640625,131.66281127929688,353.50677490234375,37.04
2016288N06146,2016-10-19 21:00:00,18.1,120.9,,484.1827697753906,483.85137939453125,2328.927978515625,379.6551818847656,995846,483.2041931152344,480.66998291015625,657.5206298828125,483.85137939453125,401.7165222167969,394.9715881347656,553.2174072265625,402.7787780761719,37.04
2016288N06146,2016-10-20 00:00:00,18.4,120.2,,58.11442184448242,56.97634506225586,563.0181274414062,109.45310974121094,88545,51.643367767333984,44.90536880493164,,56.97634506225586,175.1974334716797,372.9981994628906,0.0,166.18934631347656,37.04
2016355N07146,2016-12-25 09:00:00,13.5,124.6,,150.49954223632812,148.51759338378906,802.9239501953125,175.22079467773438,128217,140.3419647216797,133.62747192382812,0.0,148.51759338378906,117.3660659790039,94.234130859375,0.0,148.51759338378906,25.0
2016355N07146,2016-12-25 12:00:00,13.5,124.0,,148.50424194335938,146.43026733398438,2427.860595703125,221.62576293945312,543777,137.41372680664062,126.58740234375,54.17971420288086,146.43026733398438,125.69882202148438,106.64112091064453,54.17971420288086,146.43026733398438,25.0
2016355N07146,2016-12-25 15:00:00,13.5,123.4,,142.79562377929688,142.24623107910156,2427.5419921875,214.7937774658203,776716,139.40203857421875,136.08657836914062,170.2605438232422,142.24623107910156,98.10546112060547,100.7161636352539,170.2605438232422,142.24623107910156,25.0
2016355N07146,2016-12-25 18:00:00,13.5,122.7,,73.2623291015625,72.4615478515625,926.9427490234375,95.18312072753906,573256,68.98202514648438,65.39729309082031,75.95941162109375,72.4615478515625,85.44595336914062,88.12222290039062,75.95941162109375,72.4615478515625,25.0
2016355N07146,2016-12-25 21:00:00,13.4,122.1,,83.89083099365234,82.7657241821289,1153.4202880859375,125.8460922241211,440096,78.03153228759766,72.34535217285156,145.76304626464844,82.7657241821289,65.8899154663086,83.2413558959961,145.76304626464844,82.7657241821289,25.0
2016355N07146,2016-12-26 00:00:00,13.5,121.4,,100.07398223876953,98.80904388427734,2370.797607421875,205.99050903320312,525761,93.30047607421875,86.94023895263672,78.80059814453125,98.80904388427734,255.6654815673828,232.64039611816406,78.80059814453125,98.80904388427734,25.0
2016355N07146,2016-12-26 03:00:00,13.7,120.7,,194.80340576171875,192.54090881347656,1750.835693359375,294.0542297363281,633336,183.38294982910156,172.42494201660156,27.779287338256836,192.54090881347656,215.45309448242188,206.04734802246094,27.779287338256836,192.54090881347656,25.0
2016355N07146,2016-12-26 06:00:00,14.0,119.9,,41.72059631347656,40.744224548339844,733.3564453125,91.97501373291016,69329,36.453636169433594,32.977970123291016,2.7459585666656494,40.744224548339844,26.203872680664062,128.49069213867188,2.3413643836975098,35.112606048583984,27.78
2017236N15129,2017-08-25 12:00:00,16.0,122.3,,171.7145233154297,169.2468719482422,1641.12939453125,294.34014892578125,167239,157.78598022460938,142.79295349121094,0.0,169.2468719482422,420.3033752441406,395.91107177734375,29.92069435119629,421.47491455078125,37.04
2017236N15129,2017-08-25 15:00:00,16.4,121.8,,381.13140869140625,380.4046325683594,1801.8626708984375,348.16351318359375,967680,377.13568115234375,375.03424072265625,465.19659423828125,380.4046325683594,391.56329345703125,459.41009521484375,410.2310485839844,391.0417175292969,37.04
2017236N15129,2017-08-25 18:00:00,16.7,121.2,,815.3302001953125,815.4142456054688,2897.974365234375,620.3714599609375,1015682,815.686767578125,816.06494140625,572.2634887695312,815.4142456054688,755.2764892578125,615.0592651367188,773.6879272460938,759.7457275390625,37.04
2017236N15129,2017-08-25 21:00:00,17.1,120.5,,629.506103515625,627.466552734375,2565.287109375,585.6096801757812,684094,617.6636962890625,608.4755859375,332.13482666015625,627.466552734375,795.3238525390625,751.7597045898438,450.28271484375,793.39013671875,37.04
2017236N15129,2017-08-26 00:00:00,17.5,119.6,,,,,,0,,,,,0.0,51.077850341796875,,0.0,37.04
2017347N11131,2017-12-16 09:00:00,12.2,125.5,,94.21407318115234,93.56962585449219,823.1694946289062,127.93983459472656,449364,90.44985961914062,86.81720733642578,19.054244995117188,93.56962585449219,126.30131530761719,111.4243392944336,122.21671295166016,101.67818450927734,83.34
2017347N11131,2017-12-16 12:00:00,12.1,125.3,,135.31565856933594,134.8846435546875,822.5874633789062,143.18228149414062,750538,132.87937927246094,131.07925415039062,113.28514099121094,134.8846435546875,112.53064727783203,108.23983764648438,108.30464172363281,98.443115234375,83.34
2017347N11131,2017-12-16 15:00:00,12.1,125.1,,121.05570220947266,120.950439453125,820.9800415039062,131.49378967285156,967808,120.59788513183594,120.362060546875,223.24742126464844,120.950439453125,106.43238830566406,105.76103973388672,105.9785385131836,93.7555923461914,83.34
2017347N11131,2017-12-16 18:00:00,12.1,124.8,,121.11283874511719,120.82650756835938,821.1144409179688,132.42218017578125,887657,119.69920349121094,118.19771575927734,123.91426849365234,120.82650756835938,106.41261291503906,94.45574951171875,101.56432342529297,88.11779022216797,83.34
2017347N11131,2017-12-16 21:00:00,12.1,124.5,,84.14373779296875,83.28816223144531,1263.134521484375,116.05838775634766,682302,79.71558380126953,74.53163146972656,96.88893127441406,83.28816223144531,89.6543960571289,89.6502914428711,89.75931549072266,86.5795669555664,83.34
2017347N11131,2017-12-17 00:00:00,12.1,124.1,,50.40138626098633,49.599430084228516,882.0399780273438,96.43292999267578,576671,46.36638259887695,42.53691864013672,39.94430923461914,49.599430084228516,63.05023193359375,65.46477508544922,66.88604736328125,86.32559967041016,83.34
2017347N11131,2017-12-17 03:00:00,12.0,123.3,,42.87065887451172,42.27238082885742,680.5018920898438,77.94718170166016,402953,39.73354721069336,36.703182220458984,18.901891708374023,42.27238082885742,37.85382080078125,47.16786575317383,40.847381591796875,106.10197448730469,83.34
2017347N11131,2017-12-17 06:00:00,11.8,122.6,,49.72523498535156,49.145816802978516,636.0568237304688,80.98149871826172,330193,46.553688049316406,43.334163665771484,0.17095041275024414,49.145816802978516,151.70416259765625,145.3288116455078,151.5445098876953,120.37013244628906,83.34
2017347N11131,2017-12-17 09:00:00,11.6,122.0,,230.19369506835938,227.71981811523438,2066.772705078125,328.0251159667969,467941,216.55429077148438,203.80142211914062,213.3178253173828,227.71981811523438,218.235595703125,186.5729217529297,209.61708068847656,144.02964782714844,83.34
2017347N11131,2017-12-17 12:00:00,11.4,121.5,,3.137640953063965,2.9068851470947266,151.881591796875,11.463683128356934,33347,1.9599210023880005,1.0575900077819824,0.0030294156167656183,2.9068851470947266,128.66015625,191.81301879882812,167.78085327148438,155.52467346191406,83.34
2017354N08134,2017-12-21 18:00:00,7.9,126.7,,179.8489227294922,177.85255432128906,1159.9588623046875,226.6709442138672,244404,170.22894287109375,156.5719451904297,0.005257885903120041,177.85255432128906,311.1388244628906,327.3031921386719,237.09323120117188,302.8110656738281,55.56
2017354N08134,2017-12-21 21:00:00,7.8,126.1,,294.0201110839844,293.7426452636719,2643.242431640625,372.85498046875,945668,292.26092529296875,290.5030517578125,325.8521423339844,293.7426452636719,302.8574523925781,312.2722473144531,292.8491516113281,319.78436279296875,55.56
2017354N08134,2017-12-22 00:00:00,7.8,125.4,,465.0500183105469,465.08697509765625,1649.1878662109375,316.9617614746094,982493,465.2366027832031,465.4805908203125,664.5704956054688,465.08697509765625,464.6357421875,489.8968200683594,460.1998596191406,481.4539489746094,55.56
2017354N08134,2017-12-22 03:00:00,7.8,124.6,,858.9406127929688,859.3286743164062,2871.9326171875,466.0318908691406,982493,861.6519165039062,864.5970458984375,1191.1654052734375,859.3286743164062,615.0093994140625,530.2156982421875,798.0194702148438,516.5612182617188,55.56
2017354N08134,2017-12-22 06:00:00,7.8,123.8,,334.5514221191406,333.2558288574219,2365.78515625,372.75054931640625,699089,326.99407958984375,318.844970703125,218.3474884033203,333.2558288574219,400.09405517578125,406.6247863769531,352.21453857421875,388.4664306640625,55.56
2017354N08134,2017-12-22 09:00:00,7.9,123.0,,226.61724853515625,226.12014770507812,1498.993408203125,214.91371154785156,891666,224.29209899902344,223.21234130859375,347.70050048828125,226.12014770507812,196.78500366210938,211.09483337402344,215.52462768554688,208.35594177246094,55.56
2017354N08134,2017-12-22 12:00:00,7.9,122.4,,159.32501220703125,158.2177734375,1018.9630737304688,163.03517150878906,570991,153.3153533935547,147.8271026611328,219.86483764648438,158.2177734375,167.68295288085938,197.4036102294922,160.9604034423828,203.6703338623047,55.56
2017354N08134,2017-12-22 15:00:00,7.9,121.8,,130.69044494628906,127.76163482666016,1018.7754516601562,202.45457458496094,68693,114.38015747070312,101.67977142333984,,127.76163482666016,207.78076171875,192.68649291992188,175.00997924804688,178.22576904296875,55.56
2018039N08151,2018-02-12 21:00:00,8.9,126.9,,,,,,0,,,,,36.72350311279297,102.95238494873047,3.5988500118255615,165.9718780517578,64.82000000000001
2018039N08151,2018-02-13 00:00:00,9.2,126.1,,320.39532470703125,318.3256530761719,1879.936767578125,345.3004150390625,625314,308.74761962890625,296.9839172363281,158.40145874023438,318.3256530761719,227.08238220214844,175.49395751953125,273.7304382324219,195.8264617919922,64.82000000000001
2018039N08151,2018-02-13 03:00:00,9.4,125.4,,264.9927062988281,263.5785827636719,1878.261962890625,352.35504150390625,479275,256.44061279296875,250.51026916503906,140.5801544189453,263.5785827636719,213.40443420410156,243.2196502685547,233.3105010986328,252.17466735839844,64.82000000000001
2018039N08151,2018-02-13 06:00:00,9.4,124.7,,109.96867370605469,107.3896484375,1602.8001708984375,214.88194274902344,132590,95.88761901855469,82.40457153320312,183.1631622314453,107.3896484375,212.70654296875,205.2063446044922,197.46656799316406,248.7333984375,64.82000000000001
2018250N12170,2018-09-14 18:00:00,18.0,122.3,,297.76678466796875,296.2480163574219,1776.3419189453125,317.0656433105469,443879,288.98443603515625,280.4197082519531,202.26100158691406,296.2480163574219,252.93463134765625,221.4724578857422,202.26100158691406,296.2480163574219,25.0
2018250N12170,2018-09-14 21:00:00,18.0,121.4,,297.02166748046875,296.71844482421875,2336.524658203125,361.757568359375,1021840,294.8383483886719,293.230224609375,214.30911254882812,296.71844482421875,383.1737365722656,385.7040100097656,214.30911254882812,296.71844482421875,25.0
2018250N12170,2018-09-15 00:00:00,18.1,120.7,,445.4032287597656,444.4984436035156,2331.662841796875,400.1254577636719,812554,440.3562316894531,436.8208312988281,264.738037109375,444.4984436035156,423.04071044921875,426.2779235839844,264.738037109375,444.4984436035156,25.0
2018250N12170,2018-09-15 03:00:00,18.3,120.1,,3.8242428302764893,3.660593271255493,78.326171875,8.095495223999023,27292,3.114659547805786,2.5584564208984375,,3.660593271255493,106.35071563720703,343.2267761230469,,33.54579162597656,29.632
2018294N08161,2018-10-29 18:00:00,16.8,123.0,,,,,,0,,,,,163.37838745117188,338.3672790527344,,148.4259796142578,37.04
2018294N08161,2018-10-29 21:00:00,16.8,122.3,,344.0207214355469,343.128173828125,1582.647216796875,302.1378479003906,676797,338.744873046875,334.131591796875,421.86309814453125,343.128173828125,304.50909423828125,290.0941162109375,371.5596923828125,305.1343078613281,37.04
2018294N08161,2018-10-30 00:00:00,16.7,121.6,,279.971923828125,279.617919921875,1652.7337646484375,259.4721984863281,1015682,277.68206787109375,275.15679931640625,120.00572204589844,279.617919921875,482.67156982421875,588.531494140625,175.8448486328125,476.8148193359375,37.04
2018294N08161,2018-10-30 03:00:00,16.7,120.9,,1029.885009765625,1030.306640625,2896.312255859375,554.907470703125,1015682,1032.869873046875,1036.0272216796875,1501.278564453125,1030.306640625,788.2081909179688,633.064453125,1230.363525390625,795.4407958984375,37.04
2018294N08161,2018-10-30 06:00:00,16.6,120.2,,326.09417724609375,323.13861083984375,2215.28759765625,439.89202880859375,422621,308.56219482421875,291.88677978515625,45.52717208862305,323.13861083984375,512.19140625,549.484619140625,163.13169860839844,505.5660095214844,37.04
2018294N08161,2018-10-30 09:00:00,16.7,119.6,,22.046297073364258,21.210908889770508,152.79541015625,35.00307083129883,25358,17.564929962158203,13.933740615844727,,21.210908889770508,27.99493980407715,91.84083557128906,39.709808349609375,308.87823486328125,61.116
2019314N14136,2019-11-19 18:00:00,18.5,122.2,,187.671630859375,185.34523010253906,1120.253173828125,238.1246337890625,267669,175.6687469482422,163.03749084472656,109.27621459960938,185.34523010253906,148.4938201904297,156.82000732421875,126.16165924072266,187.64364624023438,27.78
2019314N14136,2019-11-19 21:00:00,18.0,122.0,,224.79251098632812,224.1351318359375,1774.1026611328125,294.0249938964844,776945,221.25587463378906,216.3330078125,267.2922058105469,224.1351318359375,206.45921325683594,255.5053253173828,261.1520690917969,204.2427520751953,33.336
2019314N14136,2019-11-20 00:00:00,17.4,121.6,,290.82318115234375,290.47174072265625,2183.717041015625,348.8693542480469,1020116,288.2003173828125,285.712158203125,123.8487319946289,290.47174072265625,442.6619873046875,453.8154602050781,159.49545288085938,441.717041015625,37.04
2019314N14136,2019-11-20 03:00:00,16.9,121.3,,657.0072631835938,656.8436279296875,2814.622314453125,602.033447265625,1017450,655.8812866210938,654.8619995117188,608.958984375,656.8436279296875,668.5560302734375,621.9863891601562,687.0569458007812,521.7299194335938,64.82000000000001
2019314N14136,2019-11-20 06:00:00,16.5,120.8,,908.4769897460938,909.0429077148438,2895.916015625,575.3568115234375,1014828,912.4992065429688,917.0989379882812,1347.7528076171875,909.0429077148438,727.0971069335938,593.1761474609375,632.6884155273438,418.5558166503906,92.60000000000001
2019314N14136,2019-11-20 09:00:00,16.0,120.4,,204.49867248535156,203.89955139160156,2220.06689453125,328.4051208496094,899081,200.54696655273438,196.80653381347656,18.512340545654297,203.89955139160156,310.06561279296875,391.4516296386719,409.966552734375,387.12109375,107.41600000000001
2019314N14136,2019-11-20 12:00:00,15.5,120.0,,318.6541748046875,317.8075256347656,2016.1070556640625,350.7564392089844,652873,314.3971862792969,311.5867004394531,442.4566345214844,317.8075256347656,217.76536560058594,157.74462890625,178.7230682373047,358.03045654296875,120.38000000000001
2019314N14136,2019-11-20 15:00:00,15.0,119.6,,0.3059670925140381,0.2740376889705658,91.4198989868164,2.3105053901672363,16848,0.17282137274742126,0.1286962628364563,,0.2740376889705658,189.75677490234375,307.6504211425781,276.56500244140625,129.6455078125,83.34
2019329N09160,2019-12-02 12:00:00,12.9,124.7,,9.465625762939453,9.206506729125977,245.60391235351562,22.263601303100586,141267,7.973824501037598,6.818013668060303,,9.206506729125977,67.60281372070312,87.01531982421875,9.214414596557617,87.01545715332031,50.004000000000005
2019329N09160,2019-12-02 15:00:00,13.0,124.1,,77.1479263305664,76.23759460449219,1528.81201171875,140.39256286621094,521701,72.34200286865234,67.81024932861328,90.91680908203125,76.23759460449219,88.365478515625,94.55976867675781,84.9971923828125,92.21343231201172,40.744
2019329N09160,2019-12-02 18:00:00,13.1,123.5,,107.72476196289062,106.82801818847656,2426.35888671875,180.9918212890625,745990,103.08740234375,98.60885620117188,109.6286392211914,106.82801818847656,94.38037109375,88.52206420898438,119.6020278930664,96.07862091064453,31.484
2019329N09160,2019-12-02 21:00:00,13.1,122.8,,48.97602081298828,47.94453430175781,432.6483459472656,77.40640258789062,243982,43.989837646484375,39.432762145996094,22.147733688354492,47.94453430175781,57.10420227050781,103.51251220703125,34.0052604675293,54.868690490722656,29.632
2019329N09160,2019-12-03 00:00:00,13.1,122.2,,92.73467254638672,90.900634765625,1153.0869140625,150.23973083496094,278420,83.59031677246094,75.89461517333984,52.480342864990234,90.900634765625,75.67601013183594,76.09613800048828,64.82352447509766,87.08281707763672,27.78
2019329N09160,2019-12-03 03:00:00,13.2,121.6,,121.2273941040039,119.63033294677734,1380.55517578125,189.62857055664062,416580,112.8476791381836,105.39342498779297,56.72184753417969,119.63033294677734,297.9411926269531,243.25982666015625,35.99213790893555,255.70982360839844,33.336
2019329N09160,2019-12-03 06:00:00,13.2,121.0,,402.45111083984375,400.2383728027344,2536.582275390625,484.376953125,821618,392.052001953125,381.8111572265625,602.8758544921875,400.2383728027344,327.7193603515625,256.046630859375,441.9509582519531,329.89837646484375,37.04
2019329N09160,2019-12-03 09:00:00,13.2,120.5,,334.1302490234375,330.7620849609375,2287.50830078125,421.20831298828125,399134,315.7342834472656,300.06585693359375,128.30531311035156,330.7620849609375,328.9552307128906,292.3022155761719,246.92083740234375,329.7270812988281,37.04
2019329N09160,2019-12-03 12:00:00,13.4,119.9,,49.64811706542969,47.38645935058594,578.6694946289062,99.98966979980469,40468,37.97661590576172,30.63605499267578,,47.38645935058594,125.25093841552734,162.2901153564453,,121.4864501953125,37.04
2019354N05151,2019-12-24 06:00:00,11.0,126.4,,0.0,0.0,0.0,0.0,181,0.0,0.0,,0.0,6.872100353240967,16.69638442993164,,2.553610324859619,27.78
2019354N05151,2019-12-24 09:00:00,11.2,125.7,,81.43203735351562,80.43624877929688,702.6655883789062,113.49470520019531,360204,75.74950408935547,69.94625091552734,28.09357452392578,80.43624877929688,107.8938980102539,99.78199768066406,34.281761169433594,87.60963439941406,27.78
2019354N05151,2019-12-24 12:00:00,11.4,124.9,,143.2491455078125,142.68443298339844,1293.4078369140625,193.23426818847656,868851,139.86363220214844,136.93666076660156,39.22949981689453,142.68443298339844,132.63905334472656,122.11502838134766,41.42268371582031,146.16123962402344,27.78
2019354N05151,2019-12-24 15:00:00,11.6,124.1,,62.150638580322266,60.79570388793945,1330.700927734375,149.27650451660156,426352,55.556732177734375,49.7277946472168,5.504838943481445,60.79570388793945,50.9114875793457,70.17386627197266,6.208988666534424,60.59756088256836,25.928
2019354N05151,2019-12-24 18:00:00,11.7,123.4,,10.697952270507812,10.412832260131836,541.3308715820312,32.035621643066406,287205,9.226455688476562,7.86154317855835,3.333486795425415,10.412832260131836,37.14036178588867,39.78064727783203,3.333486795425415,10.412832260131836,25.0
2020129N07134,2020-05-14 03:00:00,12.1,125.8,,13.879783630371094,13.667827606201172,144.13232421875,23.35169219970703,141137,12.628005027770996,11.896500587463379,1.0043134352599736e-05,13.667827606201172,93.2147445678711,135.9236602783203,1.0043134352599736e-05,13.667827606201172,25.0
2020129N07134,2020-05-14 06:00:00,12.2,125.3,,119.5549545288086,119.1159439086914,823.1806030273438,135.42337036132812,702834,116.99136352539062,114.5925521850586,91.42170715332031,119.1159439086914,114.15509796142578,107.96907806396484,91.42170715332031,119.1159439086914,25.0
2020129N07134,2020-05-14 09:00:00,12.2,124.9,,114.47434997558594,114.30139923095703,823.7056884765625,126.11032104492188,944305,113.58097076416016,112.51976776123047,160.63954162597656,114.30139923095703,98.71454620361328,97.75308990478516,160.63954162597656,114.30139923095703,25.0
2020129N07134,2020-05-14 12:00:00,12.3,124.5,,73.85539245605469,73.06857299804688,809.1514282226562,98.08335876464844,680808,69.93264770507812,66.40507507324219,117.42962646484375,73.06857299804688,89.71495819091797,83.86241149902344,117.42962646484375,73.06857299804688,25.0
2020129N07134,2020-05-14 15:00:00,12.5,124.1,,65.1279525756836,64.17505645751953,1532.981201171875,117.940185546875,599300,60.267189025878906,56.1051139831543,44.72251510620117,64.17505645751953,66.03627014160156,65.43769836425781,44.72251510620117,64.17505645751953,25.0
2020129N07134,2020-05-14 18:00:00,12.6,123.6,,55.237361907958984,54.624263763427734,801.7572021484375,83.16265869140625,655372,51.748252868652344,48.673160552978516,41.33918380737305,54.624263763427734,66.19225311279297,68.74182891845703,41.33918380737305,54.624263763427734,25.0
2020129N07134,2020-05-14 21:00:00,12.9,123.1,,46.5561408996582,45.650081634521484,499.5694274902344,71.13899230957031,316111,41.77924346923828,37.61213302612305,29.46184539794922,45.650081634521484,71.99549865722656,90.85150909423828,29.46184539794922,45.650081634521484,25.0
2020129N07134,2020-05-15 00:00:00,13.3,122.7,,63.77126693725586,62.70871353149414,734.1199340820312,89.23454284667969,360056,58.13902282714844,53.7817497253418,76.94432830810547,62.70871353149414,67.61933135986328,95.74435424804688,76.94432830810547,62.70871353149414,25.0
2020129N07134,2020-05-15 03:00:00,13.5,122.4,,73.64460754394531,72.73533630371094,891.3607177734375,101.84745788574219,564284,69.2457046508789,64.4554672241211,70.85559844970703,72.73533630371094,86.18148803710938,73.64837646484375,70.85559844970703,72.73533630371094,25.0
2020129N07134,2020-05-15 06:00:00,13.9,122.0,,54.00178527832031,53.346195220947266,642.419189453125,80.03221130371094,669905,50.5347900390625,47.53971481323242,41.63248825073242,53.346195220947266,104.75666046142578,111.70885467529297,41.63248825073242,53.346195220947266,25.0
2020129N07134,2020-05-15 09:00:00,14.4,121.7,,200.3696746826172,198.79881286621094,2129.724853515625,239.40744018554688,670127,192.0489501953125,183.604736328125,213.22274780273438,198.79881286621094,163.5203399658203,150.97994995117188,213.22274780273438,198.79881286621094,25.0
2020129N07134,2020-05-15 12:00:00,14.9,121.3,,255.07366943359375,254.69810485839844,1500.4501953125,258.4089050292969,884769,253.53321838378906,251.32933044433594,460.32720947265625,254.69810485839844,181.090576171875,178.8094482421875,460.32720947265625,254.69810485839844,25.0
2020129N07134,2020-05-15 15:00:00,15.5,121.1,,229.5135955810547,229.27984619140625,1860.7681884765625,293.16253662109375,979400,228.02430725097656,226.6602020263672,162.12356567382812,229.27984619140625,260.737548828125,317.3846435546875,162.12356567382812,229.27984619140625,25.0
2020129N07134,2020-05-15 18:00:00,16.1,120.7,,446.95880126953125,446.45391845703125,2314.985107421875,494.173583984375,981442,444.0932922363281,441.1824035644531,406.6700134277344,446.45391845703125,485.29248046875,467.6855773925781,406.6700134277344,446.45391845703125,25.0
2020129N07134,2020-05-15 21:00:00,16.8,120.4,,670.010498046875,667.293212890625,2698.42626953125,618.803955078125,597830,655.2861938476562,643.9190673828125,284.67431640625,667.293212890625,794.5232543945312,658.9440307617188,284.67431640625,667.293212890625,25.0
2020129N07134,2020-05-16 00:00:00,17.5,120.1,,64.5721664428711,63.80168151855469,1077.955322265625,121.41393280029297,165607,60.5506477355957,56.372161865234375,0.0,63.80168151855469,212.504638671875,471.6280517578125,0.0,63.80168151855469,25.0
2020129N07134,2020-05-16 03:00:00,18.1,120.0,,0.14605015516281128,0.12841880321502686,31.46489143371582,1.429352045059204,9144,0.08892931044101715,0.07806713134050369,,0.12841880321502686,102.82766723632812,270.6554870605469,,6.513859272003174,27.78
2020291N06141,2020-10-20 09:00:00,15.9,122.6,,0.0,0.0,0.0,0.0,17,0.0,0.0,,0.0,56.07816696166992,431.2173156738281,137.199951171875,350.7650146484375,79.63600000000001
2020291N06141,2020-10-20 12:00:00,16.0,122.0,,388.3405456542969,385.78753662109375,1799.72705078125,387.38995361328125,395482,373.22308349609375,355.7054138183594,90.21916961669922,385.78753662109375,439.39947509765625,445.9871520996094,437.49749755859375,407.4439392089844,74.08
2020291N06141,2020-10-20 15:00:00,16.1,121.1,,640.8071899414062,640.9815673828125,2267.223388671875,415.99652099609375,1013112,642.0802612304688,643.7213745117188,773.6860961914062,640.9815673828125,543.4193115234375,486.4309997558594,546.937744140625,429.1401672363281,74.08
2020291N06141,2020-10-20 18:00:00,16.2,120.1,,88.06947326660156,87.2463607788086,1598.5347900390625,154.6315460205078,651324,83.21560668945312,79.27433013916016,38.46504211425781,87.2463607788086,244.93521118164062,395.9801025390625,239.99424743652344,458.3311767578125,74.08
2020291N06141,2020-10-20 21:00:00,16.1,119.5,,34.06991195678711,33.75926971435547,212.19371032714844,41.93366622924805,174043,32.757808685302734,30.949758529663086,0.0,33.75926971435547,81.10099792480469,162.07278442382812,64.37216186523438,263.1846618652344,70.376
2020291N06141,2020-10-21 00:00:00,16.0,119.0,,,,,,0,,,,,0.0,30.683212280273438,,126.6069107055664,64.82000000000001
2020296N09137,2020-10-25 09:00:00,13.4,124.1,,124.03997802734375,122.195556640625,2430.315673828125,201.19796752929688,466348,114.00558471679688,104.9719467163086,35.93893051147461,122.195556640625,121.02262878417969,108.29146575927734,45.328548431396484,134.53515625,27.78
2020296N09137,2020-10-25 12:00:00,13.3,123.2,,115.60464477539062,114.7344741821289,1950.4090576171875,192.93222045898438,686898,110.77998352050781,106.04792022705078,55.896602630615234,114.7344741821289,104.91767883300781,93.72795104980469,56.85663986206055,114.85894775390625,27.78
2020296N09137,2020-10-25 15:00:00,13.2,122.5,,59.14100646972656,58.07932662963867,449.0736389160156,82.07211303710938,268748,54.195064544677734,49.809757232666016,89.39110565185547,58.07932662963867,70.85638427734375,86.08787536621094,89.39110565185547,58.07932662963867,25.0
2020296N09137,2020-10-25 18:00:00,13.2,121.8,,82.62909698486328,81.3159408569336,1149.009033203125,143.71119689941406,342346,76.4096908569336,70.70008850097656,114.53395080566406,81.3159408569336,123.40422058105469,219.0732879638672,114.53395080566406,81.3159408569336,25.0
2020296N09137,2020-10-25 21:00:00,13.1,121.2,,444.07220458984375,442.6256103515625,2541.97216796875,491.911376953125,799818,436.10638427734375,426.97955322265625,438.09478759765625,442.6256103515625,324.4116516113281,254.65745544433594,438.09478759765625,442.6256103515625,25.0
2020296N09137,2020-10-26 00:00:00,13.1,120.4,,203.6001434326172,201.4999542236328,1490.8521728515625,273.1013488769531,285844,192.60623168945312,182.04904174804688,20.639850616455078,201.4999542236328,361.1813659667969,308.16839599609375,20.639850616455078,201.4999542236328,25.0
2020296N09137,2020-10-26 03:00:00,13.2,119.7,,,,,,0,,,,,58.15869903564453,111.06954956054688,,,25.0
2020299N11144,2020-10-31 18:00:00,13.7,125.0,,,,,,0,,,,,99.1192398071289,144.516357421875,,,25.0
2020299N11144,2020-10-31 21:00:00,13.6,124.3,,125.77342987060547,124.12580871582031,804.8955078125,160.7403106689453,333719,117.18597412109375,109.67428588867188,183.15113830566406,124.12580871582031,101.72317504882812,126.06803894042969,183.15113830566406,124.12580871582031,25.0
2020299N11144,2020-11-01 00:00:00,13.5,123.6,,136.55006408691406,136.0355682373047,2425.95947265625,210.8965301513672,809173,134.10247802734375,131.39508056640625,177.70973205566406,136.0355682373047,108.80913543701172,98.17610931396484,177.70973205566406,136.0355682373047,25.0
2020299N11144,2020-11-01 03:00:00,13.6,122.8,,99.63200378417969,98.81494140625,1486.0299072265625,143.2324676513672,681035,95.45372009277344,91.4999008178711,69.43251037597656,98.81494140625,89.89903259277344,92.4698715209961,69.43251037597656,98.81494140625,25.0
2020299N11144,2020-11-01 06:00:00,13.7,122.2,,63.47900390625,62.887969970703125,840.5482788085938,95.36311340332031,698172,60.63127899169922,58.3073616027832,55.391414642333984,62.887969970703125,81.30986022949219,99.89590454101562,55.391414642333984,62.887969970703125,25.0
2020299N11144,2020-11-01 09:00:00,13.9,121.6,,155.10719299316406,154.09629821777344,2129.593994140625,204.29832458496094,664524,149.91893005371094,144.4145965576172,179.6231231689453,154.09629821777344,120.21501159667969,137.49957275390625,179.6231231689453,154.09629821777344,25.0
2020299N11144,2020-11-01 12:00:00,14.1,121.2,,156.12765502929688,156.00723266601562,2128.088623046875,191.11514282226562,983668,155.6839141845703,154.8303680419922,148.06968688964844,156.00723266601562,143.14051818847656,173.57986450195312,148.06968688964844,156.00723266601562,25.0
2020299N11144,2020-11-01 15:00:00,14.3,120.5,,144.489013671875,142.78488159179688,1371.30517578125,192.24327087402344,418123,135.695556640625,127.42831420898438,102.99954986572266,142.78488159179688,94.94207000732422,126.83051300048828,118.50153350830078,104.43230438232422,33.336
2020299N11144,2020-11-01 18:00:00,14.5,119.8,,60.10640335083008,57.54520797729492,888.8496704101562,123.00186920166016,22993,47.50651550292969,36.70532989501953,,57.54520797729492,156.7329559326172,169.35928344726562,104.56623840332031,177.63134765625,55.56
2020313N08135,2020-11-11 15:00:00,14.9,122.1,,19.623289108276367,19.190139770507812,314.39453125,38.474876403808594,267686,17.705778121948242,15.729975700378418,26.02028465270996,19.190139770507812,131.1383056640625,190.56344604492188,26.02028465270996,19.190139770507812,25.0
2020313N08135,2020-11-11 18:00:00,15.1,121.3,,287.4106750488281,286.87652587890625,1862.2667236328125,280.23052978515625,818143,284.18194580078125,280.1646423339844,368.4744567871094,286.87652587890625,206.1532745361328,188.01089477539062,368.4744567871094,286.87652587890625,25.0
2020313N08135,2020-11-11 21:00:00,15.2,120.6,,145.4095458984375,145.3815460205078,1645.4786376953125,224.88829040527344,1008702,145.2067413330078,145.0311737060547,132.68399047851562,145.3815460205078,175.49111938476562,201.1342315673828,132.68399047851562,145.3815460205078,25.0
2020313N08135,2020-11-12 00:00:00,15.2,119.8,,274.334716796875,272.4161376953125,2016.385009765625,372.04931640625,275585,262.80865478515625,249.64849853515625,1.6023443937301636,272.4161376953125,329.5680847167969,213.82395935058594,1.6023443937301636,272.4161376953125,25.0
2020313N08135,2020-11-12 03:00:00,15.3,119.1,,,,,,0,,,,,,11.004314422607422,,,25.0
2021248N11131,2021-09-06 12:00:00,11.2,126.0,,10.253751754760742,9.993086814880371,266.62890625,29.805631637573242,133322,8.913568496704102,7.903576374053955,0.0,9.993086814880371,58.537147521972656,106.47573852539062,5.861713409423828,56.261474609375,37.04
2021248N11131,2021-09-06 15:00:00,11.4,125.5,,130.90118408203125,130.18063354492188,700.751953125,140.80992126464844,602406,127.0648422241211,123.24089813232422,118.78968811035156,130.18063354492188,101.40058135986328,125.08167266845703,121.72020721435547,126.53085327148438,27.78
2021248N11131,2021-09-06 18:00:00,11.6,124.9,,129.66058349609375,129.10873413085938,1331.9117431640625,159.68348693847656,861593,126.22853088378906,122.98199462890625,46.26295471191406,129.10873413085938,133.0891876220703,114.7825927734375,46.26295471191406,129.10873413085938,25.0
2021248N11131,2021-09-06 21:00:00,11.8,124.6,,83.6519775390625,82.80601501464844,1322.3671875,144.92608642578125,693305,79.1152572631836,74.89093017578125,62.965553283691406,82.80601501464844,117.21903991699219,105.10294342041016,62.965553283691406,82.80601501464844,25.0
2021248N11131,2021-09-07 00:00:00,12.0,124.2,,60.00433349609375,58.900001525878906,1323.4439697265625,120.7318344116211,531759,54.65032196044922,50.085594177246094,18.874679565429688,58.900001525878906,63.15559387207031,73.9265365600586,18.874679565429688,58.900001525878906,25.0
2021248N11131,2021-09-07 03:00:00,12.2,123.9,,38.07929611206055,37.52267074584961,639.8893432617188,71.43714141845703,637070,35.385955810546875,33.053810119628906,50.00898742675781,37.52267074584961,56.426177978515625,60.623619079589844,50.00898742675781,37.52267074584961,25.0
2021248N11131,2021-09-07 06:00:00,12.4,123.5,,45.8887825012207,45.3653564453125,684.4588012695312,74.7265396118164,597982,43.01296615600586,40.75859451293945,71.1443099975586,45.3653564453125,45.93923568725586,63.67344665527344,70.93163299560547,41.8341178894043,27.78
2021248N11131,2021-09-07 09:00:00,12.7,123.1,,34.35089874267578,33.60308837890625,446.71429443359375,55.66151809692383,275773,30.55483055114746,27.110464096069336,24.691755294799805,33.60308837890625,69.06090545654297,81.2738037109375,27.32416534423828,39.66337203979492,27.78
2021346N05145,2021-12-16 09:00:00,10.0,125.1,,109.2035903930664,107.38790130615234,971.5513916015625,162.5776824951172,397901,100.17823791503906,91.69839477539062,83.19255065917969,107.38790130615234,109.14207458496094,124.52620697021484,83.19255065917969,107.38790130615234,25.0
2021346N05145,2021-12-16 12:00:00,10.1,124.2,,100.9300537109375,100.18743133544922,858.6116943359375,143.32821655273438,728296,96.9161148071289,93.04904174804688,50.18963623046875,100.18743133544922,109.6029281616211,121.27523803710938,68.5307388305664,109.96515655517578,37.04
2021346N05145,2021-12-16 15:00:00,10.1,123.3,,288.8136901855469,286.84027099609375,2412.04443359375,306.6811828613281,761254,278.787841796875,268.6067810058594,254.90371704101562,286.84027099609375,232.58273315429688,200.56419372558594,280.5529479980469,235.10472106933594,37.04
2021346N05145,2021-12-16 18:00:00,10.1,122.5,,120.62750244140625,119.32962799072266,625.4437866210938,138.32162475585938,400842,113.91545104980469,108.46908569335938,109.40653991699219,119.32962799072266,173.84764099121094,201.817138671875,121.57286834716797,171.6681365966797,37.04
2021346N05145,2021-12-16 21:00:00,10.1,121.7,,46.49067687988281,44.57047653198242,380.4603271484375,72.37301635742188,13838,37.664817810058594,34.96662902832031,,44.57047653198242,65.02159881591797,123.40006256103516,,64.8458023071289,37.04
2022232N18131,2022-08-23 03:00:00,17.5,122.2,,383.30303955078125,382.41253662109375,1803.9739990234375,373.70098876953125,638251,378.9061279296875,371.40850830078125,549.710205078125,382.41253662109375,258.1734924316406,242.27589416503906,514.3762817382812,259.8693542480469,37.04
2022232N18131,2022-08-23 06:00:00,17.9,121.6,,190.9005889892578,190.64242553710938,1588.4573974609375,238.04811096191406,1022678,189.07571411132812,187.5748291015625,86.69190216064453,190.64242553710938,345.2597351074219,398.8069763183594,114.60274505615234,340.53729248046875,37.04
2022232N18131,2022-08-23 09:00:00,18.2,121.0,,419.7417297363281,419.69000244140625,2329.100830078125,378.37823486328125,1016774,420.11383056640625,420.7434387207031,712.5763549804688,419.69000244140625,376.80877685546875,359.6649475097656,547.3590087890625,378.038818359375,37.04
2022232N18131,2022-08-23 12:00:00,18.4,120.4,,152.7796630859375,151.4549102783203,1286.9920654296875,202.54737854003906,275507,144.37002563476562,135.7364044189453,38.77919387817383,151.4549102783203,374.2080078125,374.05865478515625,93.8226089477539,367.9612731933594,37.04
2022232N18131,2022-08-23 15:00:00,18.8,119.6,,,,,,0,,,,,,,,,37.04
2022264N17132,2022-09-25 12:00:00,15.2,121.4,,348.71197509765625,347.5776062011719,1862.4945068359375,319.055419921875,698255,341.9703369140625,334.0604248046875,336.4664611816406,347.5776062011719,230.99452209472656,213.78025817871094,336.4664611816406,347.5776062011719,25.0
2022264N17132,2022-09-25 15:00:00,15.3,120.7,,112.56116485595703,112.46246337890625,1561.1767578125,187.8807373046875,1008702,111.83964538574219,111.27934265136719,47.607059478759766,112.46246337890625,191.00128173828125,232.9261474609375,47.607059478759766,112.46246337890625,25.0
2022264N17132,2022-09-25 18:00:00,15.5,119.9,,348.2174377441406,347.1139221191406,2014.118896484375,376.55615234375,523803,341.8711242675781,336.4942932128906,237.07638549804688,347.1139221191406,239.86463928222656,168.098388671875,237.07638549804688,347.1139221191406,25.0
2022264N17132,2022-09-25 21:00:00,15.7,119.1,,,,,,0,,,,,0.2031765580177307,54.0966682434082,,,25.0
2022299N11134,2022-10-28 15:00:00,13.4,124.7,,37.52524185180664,36.465126037597656,383.28955078125,69.82642364501953,33973,31.566011428833008,27.717679977416992,,36.465126037597656,132.3736572265625,86.02593231201172,20.621797561645508,94.03313446044922,46.300000000000004
2022299N11134,2022-10-28 18:00:00,13.5,123.9,,144.53103637695312,142.8917236328125,2425.282958984375,213.15916442871094,625148,135.74229431152344,127.79751586914062,13.683319091796875,142.8917236328125,119.72541046142578,102.2453384399414,142.79122924804688,107.1581039428711,46.300000000000004
2022299N11134,2022-10-28 21:00:00,13.6,123.1,,103.36772918701172,102.69181823730469,1948.83837890625,170.44239807128906,679424,99.73290252685547,96.0697250366211,59.1865348815918,102.69181823730469,110.07169342041016,93.59082794189453,103.8702392578125,98.74263000488281,46.300000000000004
2022299N11134,2022-10-29 00:00:00,13.7,122.4,,70.1895980834961,69.46154022216797,979.7200317382812,97.5633316040039,721101,66.71991729736328,63.29909896850586,73.99088287353516,69.46154022216797,87.31533813476562,75.8851318359375,60.32634735107422,75.13429260253906,46.300000000000004
2022299N11134,2022-10-29 03:00:00,13.8,122.1,,56.774688720703125,56.25419998168945,840.6635131835938,86.50202941894531,708877,54.03125762939453,51.36970901489258,44.60830307006836,56.25419998168945,94.30299377441406,107.45368194580078,52.67824935913086,107.53978729248047,46.300000000000004
2022299N11134,2022-10-29 06:00:00,13.9,121.8,,115.39498138427734,114.22409057617188,2129.811767578125,201.73033142089844,632155,109.24246978759766,103.8173599243164,63.95305633544922,114.22409057617188,118.8365707397461,111.890869140625,116.56075286865234,109.30447387695312,46.300000000000004
2022299N11134,2022-10-29 09:00:00,14.2,121.5,,161.45335388183594,160.81912231445312,2130.2578125,202.9663543701172,862018,157.95443725585938,154.00094604492188,265.61279296875,160.81912231445312,165.24476623535156,140.69729614257812,163.56228637695312,150.75503540039062,46.300000000000004
2022299N11134,2022-10-29 12:00:00,14.6,121.1,,172.61375427246094,172.22149658203125,1503.6566162109375,235.09796142578125,887735,170.43231201171875,168.16299438476562,83.06560516357422,172.22149658203125,183.58700561523438,165.85418701171875,166.2404327392578,168.54037475585938,46.300000000000004
2022299N11134,2022-10-29 15:00:00,15.1,120.5,,173.7707977294922,173.58668518066406,1646.8489990234375,244.8075714111328,988342,173.1337890625,172.2129669189453,247.3708953857422,173.58668518066406,171.65443420410156,177.75074768066406,174.07228088378906,172.94541931152344,42.596000000000004
2022299N11134,2022-10-29 18:00:00,15.6,119.9,,311.4463195800781,310.3851013183594,2014.0120849609375,369.9293212890625,569069,306.189208984375,301.56298828125,192.48757934570312,310.3851013183594,218.32125854492188,171.27847290039062,342.8355407714844,220.15945434570312,37.04
2022299N11134,2022-10-29 21:00:00,15.7,119.2,,,,,,0,,,,,5.993458271026611,132.1165008544922,,5.288458347320557,37.04
